{
    "data": [
        {
          "id" : 1,
          "cntry" : "Afghanistan"
        },{
          "id" : 2,
          "cntry" : "Albania"
        },{
          "id" : 3,
          "cntry" : "Algeria"
        },{
          "id" : 4,
          "cntry" : "Angola"      
        },{
          "id" : 5,
          "cntry" : "Bahrain"      
        },{
          "id" : 6,
          "cntry" : "Bangladesh"
        },{
          "id" : 7,
          "cntry" : "Canada"
        },{
          "id" : 7,
          "cntry" : "India"
        }
    ]
}      

    


