{"paths":{"Buttons":"app","Ext":"../ext/src","Ext-more":"../ext/overrides/Ext-more.js","Ext.AbstractManager":"../ext/packages/sencha-core/src/AbstractManager.js","Ext.Ajax":"../ext/packages/sencha-core/src/Ajax.js","Ext.AnimationQueue":"../ext/packages/sencha-core/src/AnimationQueue.js","Ext.Array":"../ext/packages/sencha-core/src/lang/Array.js","Ext.Assert":"../ext/packages/sencha-core/src/lang/Assert.js","Ext.Base":"../ext/packages/sencha-core/src/class/Base.js","Ext.Boot":".sencha/app/Boot.js","Ext.Class":"../ext/packages/sencha-core/src/class/Class.js","Ext.ClassManager":"../ext/packages/sencha-core/src/class/ClassManager.js","Ext.ComponentManager":"../ext/packages/sencha-core/src/ComponentManager.js","Ext.ComponentQuery":"../ext/packages/sencha-core/src/ComponentQuery.js","Ext.Config":"../ext/packages/sencha-core/src/class/Config.js","Ext.Configurator":"../ext/packages/sencha-core/src/class/Configurator.js","Ext.Date":"../ext/packages/sencha-core/src/lang/Date.js","Ext.Error":"../ext/packages/sencha-core/src/lang/Error.js","Ext.Evented":"../ext/packages/sencha-core/src/Evented.js","Ext.Factory":"../ext/packages/sencha-core/src/mixin/Factoryable.js","Ext.Function":"../ext/packages/sencha-core/src/lang/Function.js","Ext.GlobalEvents":"../ext/packages/sencha-core/src/GlobalEvents.js","Ext.Inventory":"../ext/packages/sencha-core/src/class/Inventory.js","Ext.JSON":"../ext/packages/sencha-core/src/JSON.js","Ext.Loader":"../ext/packages/sencha-core/src/class/Loader.js","Ext.Mixin":"../ext/packages/sencha-core/src/class/Mixin.js","Ext.Msg":"../ext/src/window/MessageBox.js","Ext.Number":"../ext/packages/sencha-core/src/lang/Number.js","Ext.Object":"../ext/packages/sencha-core/src/lang/Object.js","Ext.Script":"../ext/packages/sencha-core/src/class/Inventory.js","Ext.String":"../ext/packages/sencha-core/src/lang/String.js","Ext.String.format":"../ext/packages/sencha-core/src/Template.js","Ext.TaskQueue":"../ext/packages/sencha-core/src/TaskQueue.js","Ext.Template":"../ext/packages/sencha-core/src/Template.js","Ext.Util":"../ext/packages/sencha-core/src/Util.js","Ext.Version":"../ext/packages/sencha-core/src/util/Version.js","Ext.Widget":"../ext/packages/sencha-core/src/Widget.js","Ext.XTemplate":"../ext/packages/sencha-core/src/XTemplate.js","Ext.app.ViewModel":"../ext/packages/sencha-core/src/app/ViewModel.js","Ext.app.bind":"../ext/packages/sencha-core/src/app/bind","Ext.browser":"../ext/packages/sencha-core/src/env/Browser.js","Ext.class":"../ext/packages/sencha-core/src/class","Ext.data":"../ext/packages/sencha-core/src/data","Ext.direct":"../ext/packages/sencha-core/src/direct","Ext.dom":"../ext/packages/sencha-core/src/dom","Ext.dom.ButtonElement":"../ext/src/dom/ButtonElement.js","Ext.dom.Layer":"../ext/src/dom/Layer.js","Ext.env":"../ext/packages/sencha-core/src/env","Ext.event":"../ext/packages/sencha-core/src/event","Ext.feature":"../ext/packages/sencha-core/src/env/Feature.js","Ext.fx.Animation":"../ext/packages/sencha-core/src/fx/Animation.js","Ext.fx.Runner":"../ext/packages/sencha-core/src/fx/Runner.js","Ext.fx.State":"../ext/packages/sencha-core/src/fx/State.js","Ext.fx.animation":"../ext/packages/sencha-core/src/fx/animation","Ext.fx.easing":"../ext/packages/sencha-core/src/fx/easing","Ext.fx.layout":"../ext/packages/sencha-core/src/fx/layout","Ext.fx.runner":"../ext/packages/sencha-core/src/fx/runner","Ext.lang":"../ext/packages/sencha-core/src/lang","Ext.mixin":"../ext/packages/sencha-core/src/mixin","Ext.os":"../ext/packages/sencha-core/src/env/OS.js","Ext.overrides":"../ext/overrides","Ext.overrides.util.Positionable":"../ext/overrides/Positionable.js","Ext.perf":"../ext/packages/sencha-core/src/perf","Ext.scroll":"../ext/packages/sencha-core/src/scroll","Ext.scroll.Indicator":"../ext/src/scroll/Indicator.js","Ext.scroll.Manager":"../ext/src/scroll/Manager.js","Ext.supports":"../ext/packages/sencha-core/src/env/Feature.js","Ext.util":"../ext/packages/sencha-core/src/util","Ext.util.Animate":"../ext/src/util/Animate.js","Ext.util.CSS":"../ext/src/util/CSS.js","Ext.util.ClickRepeater":"../ext/src/util/ClickRepeater.js","Ext.util.ComponentDragger":"../ext/src/util/ComponentDragger.js","Ext.util.Cookies":"../ext/src/util/Cookies.js","Ext.util.ElementContainer":"../ext/src/util/ElementContainer.js","Ext.util.Floating":"../ext/src/util/Floating.js","Ext.util.Focusable":"../ext/src/util/Focusable.js","Ext.util.FocusableContainer":"../ext/src/util/FocusableContainer.js","Ext.util.Format.format":"../ext/packages/sencha-core/src/Template.js","Ext.util.History":"../ext/src/util/History.js","Ext.util.KeyMap":"../ext/src/util/KeyMap.js","Ext.util.KeyNav":"../ext/src/util/KeyNav.js","Ext.util.Memento":"../ext/src/util/Memento.js","Ext.util.ProtoElement":"../ext/src/util/ProtoElement.js","Ext.util.Queue":"../ext/src/util/Queue.js","Ext.util.Renderable":"../ext/src/util/Renderable.js","Ext.util.StoreHolder":"../ext/src/util/StoreHolder.js","Ext.ux.desktop.TrayClock":"../ext/src/ux/desktop/TaskBar.js","ExtThemeNeptune":"../ext/packages/ext-theme-neptune/overrides"},"classes":{"Buttons.Application":{"idx":8,"alias":[],"alternates":[]},"Buttons.view.main.Main":{"idx":13,"alias":["widget.app-main"],"alternates":[]},"Buttons.view.quote.ChooseAlign":{"idx":11,"alias":["widget.choosealign"],"alternates":[]},"Buttons.view.quote.ChooseQuote":{"idx":10,"alias":["widget.choosequote"],"alternates":[]},"Buttons.view.quote.Quote":{"idx":12,"alias":["widget.quote"],"alternates":[]},"Buttons.view.quote.QuoteController":{"idx":9,"alias":["controller.quote"],"alternates":[]},"Buttons.view.quote.QuoteModel":{"idx":14,"alias":["viewmodel.quote"],"alternates":[]},"Ext.AbstractManager":{"alias":[],"alternates":[]},"Ext.Action":{"alias":[],"alternates":[]},"Ext.Ajax":{"alias":[],"alternates":[]},"Ext.AnimationQueue":{"alias":[],"alternates":[]},"Ext.Component":{"alias":["widget.box","widget.component"],"alternates":["Ext.AbstractComponent"]},"Ext.ComponentLoader":{"alias":[],"alternates":[]},"Ext.ComponentManager":{"alias":[],"alternates":["Ext.ComponentMgr"]},"Ext.ComponentQuery":{"alias":[],"alternates":[]},"Ext.Editor":{"alias":["widget.editor"],"alternates":[]},"Ext.ElementLoader":{"alias":[],"alternates":[]},"Ext.EventManager":{"alias":[],"alternates":[]},"Ext.Evented":{"alias":[],"alternates":["Ext.EventedBase"]},"Ext.FocusManager":{"alias":[],"alternates":["Ext.FocusMgr"]},"Ext.GlobalEvents":{"alias":[],"alternates":["Ext.globalEvents"]},"Ext.Img":{"alias":["widget.image","widget.imagecomponent"],"alternates":[]},"Ext.LoadMask":{"alias":["widget.loadmask"],"alternates":[]},"Ext.Mixin":{"alias":[],"alternates":[]},"Ext.ProgressBar":{"alias":["widget.progressbar"],"alternates":[]},"Ext.ProgressBarWidget":{"alias":["widget.progressbarwidget"],"alternates":[]},"Ext.Shadow":{"alias":[],"alternates":[]},"Ext.ShadowPool":{"alias":[],"alternates":[]},"Ext.TaskQueue":{"alias":[],"alternates":[]},"Ext.Template":{"alias":[],"alternates":[]},"Ext.Widget":{"alias":["widget.widget"],"alternates":[]},"Ext.XTemplate":{"alias":[],"alternates":[]},"Ext.ZIndexManager":{"alias":[],"alternates":["Ext.WindowGroup"]},"Ext.app.Application":{"alias":[],"alternates":[]},"Ext.app.BaseController":{"alias":[],"alternates":[]},"Ext.app.Controller":{"alias":[],"alternates":[]},"Ext.app.EventBus":{"alias":[],"alternates":[]},"Ext.app.EventDomain":{"alias":[],"alternates":[]},"Ext.app.Util":{"alias":[],"alternates":[]},"Ext.app.ViewController":{"alias":[],"alternates":[]},"Ext.app.ViewModel":{"alias":["viewmodel.default"],"alternates":[]},"Ext.app.bind.AbstractStub":{"alias":[],"alternates":[]},"Ext.app.bind.BaseBinding":{"alias":[],"alternates":[]},"Ext.app.bind.Binding":{"alias":[],"alternates":[]},"Ext.app.bind.Formula":{"alias":[],"alternates":[]},"Ext.app.bind.LinkStub":{"alias":[],"alternates":[]},"Ext.app.bind.Multi":{"alias":[],"alternates":[]},"Ext.app.bind.RootStub":{"alias":[],"alternates":[]},"Ext.app.bind.Stub":{"alias":[],"alternates":[]},"Ext.app.bind.Template":{"alias":[],"alternates":[]},"Ext.app.bind.TemplateBinding":{"alias":[],"alternates":[]},"Ext.app.bindinspector.ComponentDetail":{"alias":["widget.bindinspector-componentdetail"],"alternates":[]},"Ext.app.bindinspector.ComponentList":{"alias":["widget.bindinspector-componentlist"],"alternates":[]},"Ext.app.bindinspector.Container":{"alias":["widget.bindinspector-container"],"alternates":[]},"Ext.app.bindinspector.Environment":{"alias":[],"alternates":[]},"Ext.app.bindinspector.Inspector":{"alias":[],"alternates":[]},"Ext.app.bindinspector.Util":{"alias":[],"alternates":[]},"Ext.app.bindinspector.ViewModelDetail":{"alias":["widget.bindinspector-viewmodeldetail"],"alternates":[]},"Ext.app.bindinspector.noconflict.BaseModel":{"alias":[],"alternates":[]},"Ext.app.domain.Component":{"alias":[],"alternates":[]},"Ext.app.domain.Controller":{"alias":[],"alternates":[]},"Ext.app.domain.Direct":{"alias":[],"alternates":[]},"Ext.app.domain.Global":{"alias":[],"alternates":[]},"Ext.app.domain.Store":{"alias":[],"alternates":[]},"Ext.app.domain.View":{"alias":[],"alternates":[]},"Ext.app.route.Queue":{"alias":[],"alternates":[]},"Ext.app.route.Route":{"alias":[],"alternates":[]},"Ext.app.route.Router":{"alias":[],"alternates":[]},"Ext.button.Button":{"alias":["widget.button"],"alternates":["Ext.Button"]},"Ext.button.Cycle":{"alias":["widget.cycle"],"alternates":["Ext.CycleButton"]},"Ext.button.Manager":{"alias":[],"alternates":["Ext.ButtonToggleManager"]},"Ext.button.Segmented":{"alias":["widget.segmentedbutton"],"alternates":[]},"Ext.button.Split":{"alias":["widget.splitbutton"],"alternates":["Ext.SplitButton"]},"Ext.container.ButtonGroup":{"alias":["widget.buttongroup"],"alternates":["Ext.ButtonGroup"]},"Ext.container.Container":{"alias":["widget.container"],"alternates":["Ext.Container","Ext.AbstractContainer"]},"Ext.container.DockingContainer":{"alias":[],"alternates":[]},"Ext.container.Monitor":{"alias":[],"alternates":[]},"Ext.container.Viewport":{"alias":["widget.viewport"],"alternates":["Ext.Viewport"]},"Ext.dashboard.Column":{"alias":["widget.dashboard-column"],"alternates":[]},"Ext.dashboard.Dashboard":{"alias":["widget.dashboard"],"alternates":[]},"Ext.dashboard.DropZone":{"alias":[],"alternates":[]},"Ext.dashboard.Panel":{"alias":["widget.dashboard-panel"],"alternates":[]},"Ext.dashboard.Part":{"alias":["part.part"],"alternates":[]},"Ext.data.AbstractStore":{"alias":[],"alternates":[]},"Ext.data.ArrayStore":{"alias":["store.array"],"alternates":["Ext.data.SimpleStore"]},"Ext.data.Batch":{"alias":[],"alternates":[]},"Ext.data.BufferedStore":{"alias":["store.buffered"],"alternates":[]},"Ext.data.ChainedStore":{"alias":["store.chained"],"alternates":[]},"Ext.data.Connection":{"alias":[],"alternates":[]},"Ext.data.DirectStore":{"alias":["store.direct"],"alternates":[]},"Ext.data.Error":{"alias":[],"alternates":[]},"Ext.data.ErrorCollection":{"alias":[],"alternates":["Ext.data.Errors"]},"Ext.data.JsonP":{"alias":[],"alternates":[]},"Ext.data.JsonPStore":{"alias":["store.jsonp"],"alternates":[]},"Ext.data.JsonStore":{"alias":["store.json"],"alternates":[]},"Ext.data.LocalStore":{"alias":[],"alternates":[]},"Ext.data.Model":{"alias":[],"alternates":["Ext.data.Record"]},"Ext.data.ModelManager":{"alias":[],"alternates":["Ext.ModelMgr"]},"Ext.data.NodeInterface":{"alias":[],"alternates":[]},"Ext.data.NodeStore":{"alias":["store.node"],"alternates":[]},"Ext.data.PageMap":{"alias":[],"alternates":[]},"Ext.data.ProxyStore":{"alias":[],"alternates":[]},"Ext.data.Request":{"alias":[],"alternates":[]},"Ext.data.ResultSet":{"alias":[],"alternates":[]},"Ext.data.Session":{"alias":[],"alternates":[]},"Ext.data.SortTypes":{"alias":[],"alternates":[]},"Ext.data.Store":{"alias":["store.store"],"alternates":[]},"Ext.data.StoreManager":{"alias":[],"alternates":["Ext.StoreMgr","Ext.data.StoreMgr","Ext.StoreManager"]},"Ext.data.TreeModel":{"alias":[],"alternates":[]},"Ext.data.TreeStore":{"alias":["store.tree"],"alternates":[]},"Ext.data.Types":{"alias":[],"alternates":[]},"Ext.data.Validation":{"alias":[],"alternates":[]},"Ext.data.XmlStore":{"alias":["store.xml"],"alternates":[]},"Ext.data.field.Boolean":{"alias":["data.field.bool","data.field.boolean"],"alternates":[]},"Ext.data.field.Date":{"alias":["data.field.date"],"alternates":[]},"Ext.data.field.Field":{"alias":["data.field.auto"],"alternates":["Ext.data.Field"]},"Ext.data.field.Integer":{"alias":["data.field.int","data.field.integer"],"alternates":[]},"Ext.data.field.Number":{"alias":["data.field.float","data.field.number"],"alternates":[]},"Ext.data.field.String":{"alias":["data.field.string"],"alternates":[]},"Ext.data.flash.BinaryXhr":{"alias":[],"alternates":[]},"Ext.data.identifier.Generator":{"alias":["data.identifier.default"],"alternates":[]},"Ext.data.identifier.Negative":{"alias":["data.identifier.negative"],"alternates":[]},"Ext.data.identifier.Sequential":{"alias":["data.identifier.sequential"],"alternates":[]},"Ext.data.identifier.Uuid":{"alias":["data.identifier.uuid"],"alternates":[]},"Ext.data.matrix.Matrix":{"alias":[],"alternates":[]},"Ext.data.matrix.Side":{"alias":[],"alternates":[]},"Ext.data.matrix.Slice":{"alias":[],"alternates":[]},"Ext.data.operation.Create":{"alias":["data.operation.create"],"alternates":[]},"Ext.data.operation.Destroy":{"alias":["data.operation.destroy"],"alternates":[]},"Ext.data.operation.Operation":{"alias":[],"alternates":["Ext.data.Operation"]},"Ext.data.operation.Read":{"alias":["data.operation.read"],"alternates":[]},"Ext.data.operation.Update":{"alias":["data.operation.update"],"alternates":[]},"Ext.data.proxy.Ajax":{"alias":["proxy.ajax"],"alternates":["Ext.data.HttpProxy","Ext.data.AjaxProxy"]},"Ext.data.proxy.Client":{"alias":[],"alternates":["Ext.data.ClientProxy"]},"Ext.data.proxy.Direct":{"alias":["proxy.direct"],"alternates":["Ext.data.DirectProxy"]},"Ext.data.proxy.JsonP":{"alias":["proxy.jsonp","proxy.scripttag"],"alternates":["Ext.data.ScriptTagProxy"]},"Ext.data.proxy.LocalStorage":{"alias":["proxy.localstorage"],"alternates":["Ext.data.LocalStorageProxy"]},"Ext.data.proxy.Memory":{"alias":["proxy.memory"],"alternates":["Ext.data.MemoryProxy"]},"Ext.data.proxy.Proxy":{"alias":["proxy.proxy"],"alternates":["Ext.data.DataProxy","Ext.data.Proxy"]},"Ext.data.proxy.Rest":{"alias":["proxy.rest"],"alternates":["Ext.data.RestProxy"]},"Ext.data.proxy.Server":{"alias":["proxy.server"],"alternates":["Ext.data.ServerProxy"]},"Ext.data.proxy.SessionStorage":{"alias":["proxy.sessionstorage"],"alternates":["Ext.data.SessionStorageProxy"]},"Ext.data.proxy.Sql":{"alias":["proxy.sql"],"alternates":["Ext.data.proxy.SQL"]},"Ext.data.proxy.WebStorage":{"alias":[],"alternates":["Ext.data.WebStorageProxy"]},"Ext.data.reader.Array":{"alias":["reader.array"],"alternates":["Ext.data.ArrayReader"]},"Ext.data.reader.Json":{"alias":["reader.json"],"alternates":["Ext.data.JsonReader"]},"Ext.data.reader.Reader":{"alias":["reader.base"],"alternates":["Ext.data.Reader","Ext.data.DataReader"]},"Ext.data.reader.Xml":{"alias":["reader.xml"],"alternates":["Ext.data.XmlReader"]},"Ext.data.schema.Association":{"alias":[],"alternates":[]},"Ext.data.schema.ManyToMany":{"alias":[],"alternates":[]},"Ext.data.schema.ManyToOne":{"alias":[],"alternates":[]},"Ext.data.schema.Namer":{"alias":["namer.default"],"alternates":[]},"Ext.data.schema.OneToOne":{"alias":[],"alternates":[]},"Ext.data.schema.Role":{"alias":[],"alternates":[]},"Ext.data.schema.Schema":{"alias":["schema.default"],"alternates":[]},"Ext.data.session.BatchVisitor":{"alias":[],"alternates":[]},"Ext.data.session.ChangesVisitor":{"alias":[],"alternates":[]},"Ext.data.session.ChildChangesVisitor":{"alias":[],"alternates":[]},"Ext.data.validator.Bound":{"alias":["data.validator.bound"],"alternates":[]},"Ext.data.validator.Email":{"alias":["data.validator.email"],"alternates":[]},"Ext.data.validator.Exclusion":{"alias":["data.validator.exclusion"],"alternates":[]},"Ext.data.validator.Format":{"alias":["data.validator.format"],"alternates":[]},"Ext.data.validator.Inclusion":{"alias":["data.validator.inclusion"],"alternates":[]},"Ext.data.validator.Length":{"alias":["data.validator.length"],"alternates":[]},"Ext.data.validator.List":{"alias":["data.validator.list"],"alternates":[]},"Ext.data.validator.Presence":{"alias":["data.validator.presence"],"alternates":[]},"Ext.data.validator.Range":{"alias":["data.validator.range"],"alternates":[]},"Ext.data.validator.Validator":{"alias":["data.validator.base"],"alternates":[]},"Ext.data.writer.Json":{"alias":["writer.json"],"alternates":["Ext.data.JsonWriter"]},"Ext.data.writer.Writer":{"alias":["writer.base"],"alternates":["Ext.data.DataWriter","Ext.data.Writer"]},"Ext.data.writer.Xml":{"alias":["writer.xml"],"alternates":["Ext.data.XmlWriter"]},"Ext.dd.DD":{"alias":[],"alternates":[]},"Ext.dd.DDProxy":{"alias":[],"alternates":[]},"Ext.dd.DDTarget":{"alias":[],"alternates":[]},"Ext.dd.DragDrop":{"alias":[],"alternates":[]},"Ext.dd.DragDropManager":{"alias":[],"alternates":["Ext.dd.DragDropMgr","Ext.dd.DDM"]},"Ext.dd.DragSource":{"alias":[],"alternates":[]},"Ext.dd.DragTracker":{"alias":[],"alternates":[]},"Ext.dd.DragZone":{"alias":[],"alternates":[]},"Ext.dd.DropTarget":{"alias":[],"alternates":[]},"Ext.dd.DropZone":{"alias":[],"alternates":[]},"Ext.dd.Registry":{"alias":[],"alternates":[]},"Ext.dd.ScrollManager":{"alias":[],"alternates":[]},"Ext.dd.StatusProxy":{"alias":[],"alternates":[]},"Ext.direct.Event":{"alias":["direct.event"],"alternates":[]},"Ext.direct.ExceptionEvent":{"alias":["direct.exception"],"alternates":[]},"Ext.direct.JsonProvider":{"alias":["direct.jsonprovider"],"alternates":[]},"Ext.direct.Manager":{"alias":[],"alternates":[]},"Ext.direct.PollingProvider":{"alias":["direct.pollingprovider"],"alternates":[]},"Ext.direct.Provider":{"alias":["direct.provider"],"alternates":[]},"Ext.direct.RemotingEvent":{"alias":["direct.rpc"],"alternates":[]},"Ext.direct.RemotingMethod":{"alias":[],"alternates":[]},"Ext.direct.RemotingProvider":{"alias":["direct.remotingprovider"],"alternates":[]},"Ext.direct.Transaction":{"alias":["direct.transaction"],"alternates":["Ext.Direct.Transaction"]},"Ext.dom.ButtonElement":{"alias":[],"alternates":[]},"Ext.dom.CompositeElement":{"alias":[],"alternates":["Ext.CompositeElement"]},"Ext.dom.CompositeElementLite":{"alias":[],"alternates":["Ext.CompositeElementLite"]},"Ext.dom.Element":{"alias":[],"alternates":["Ext.Element"]},"Ext.dom.Fly":{"alias":[],"alternates":["Ext.dom.Element.Fly"]},"Ext.dom.GarbageCollector":{"alias":[],"alternates":[]},"Ext.dom.Helper":{"alias":[],"alternates":["Ext.DomHelper","Ext.core.DomHelper"]},"Ext.dom.Layer":{"alias":[],"alternates":["Ext.Layer"]},"Ext.dom.Query":{"alias":[],"alternates":["Ext.core.DomQuery","Ext.DomQuery"]},"Ext.event.Controller":{"alias":[],"alternates":[]},"Ext.event.Dispatcher":{"alias":[],"alternates":[]},"Ext.event.Event":{"alias":[],"alternates":["Ext.EventObjectImpl"]},"Ext.event.ListenerStack":{"alias":[],"alternates":[]},"Ext.event.gesture.DoubleTap":{"alias":[],"alternates":[]},"Ext.event.gesture.Drag":{"alias":[],"alternates":[]},"Ext.event.gesture.EdgeSwipe":{"alias":[],"alternates":[]},"Ext.event.gesture.LongPress":{"alias":[],"alternates":[]},"Ext.event.gesture.MultiTouch":{"alias":[],"alternates":[]},"Ext.event.gesture.Pinch":{"alias":[],"alternates":[]},"Ext.event.gesture.Recognizer":{"alias":[],"alternates":[]},"Ext.event.gesture.Rotate":{"alias":[],"alternates":[]},"Ext.event.gesture.SingleTouch":{"alias":[],"alternates":[]},"Ext.event.gesture.Swipe":{"alias":[],"alternates":[]},"Ext.event.gesture.Tap":{"alias":[],"alternates":[]},"Ext.event.publisher.Dom":{"alias":[],"alternates":[]},"Ext.event.publisher.ElementPaint":{"alias":[],"alternates":[]},"Ext.event.publisher.ElementSize":{"alias":[],"alternates":[]},"Ext.event.publisher.Focus":{"alias":[],"alternates":[]},"Ext.event.publisher.Gesture":{"alias":[],"alternates":["Ext.event.publisher.TouchGesture"]},"Ext.event.publisher.Publisher":{"alias":[],"alternates":[]},"Ext.flash.Component":{"alias":["widget.flash"],"alternates":["Ext.FlashComponent"]},"Ext.form.Basic":{"alias":[],"alternates":["Ext.form.BasicForm"]},"Ext.form.CheckboxGroup":{"alias":["widget.checkboxgroup"],"alternates":[]},"Ext.form.CheckboxManager":{"alias":[],"alternates":[]},"Ext.form.FieldAncestor":{"alias":[],"alternates":[]},"Ext.form.FieldContainer":{"alias":["widget.fieldcontainer"],"alternates":[]},"Ext.form.FieldSet":{"alias":["widget.fieldset"],"alternates":[]},"Ext.form.Label":{"alias":["widget.label"],"alternates":[]},"Ext.form.Labelable":{"alias":[],"alternates":[]},"Ext.form.Panel":{"alias":["widget.form"],"alternates":["Ext.FormPanel","Ext.form.FormPanel"]},"Ext.form.RadioGroup":{"alias":["widget.radiogroup"],"alternates":[]},"Ext.form.RadioManager":{"alias":[],"alternates":[]},"Ext.form.action.Action":{"alias":[],"alternates":["Ext.form.Action"]},"Ext.form.action.DirectLoad":{"alias":["formaction.directload"],"alternates":["Ext.form.Action.DirectLoad"]},"Ext.form.action.DirectSubmit":{"alias":["formaction.directsubmit"],"alternates":["Ext.form.Action.DirectSubmit"]},"Ext.form.action.Load":{"alias":["formaction.load"],"alternates":["Ext.form.Action.Load"]},"Ext.form.action.StandardSubmit":{"alias":["formaction.standardsubmit"],"alternates":[]},"Ext.form.action.Submit":{"alias":["formaction.submit"],"alternates":["Ext.form.Action.Submit"]},"Ext.form.field.Base":{"alias":["widget.field"],"alternates":["Ext.form.Field","Ext.form.BaseField"]},"Ext.form.field.Checkbox":{"alias":["widget.checkbox","widget.checkboxfield"],"alternates":["Ext.form.Checkbox"]},"Ext.form.field.ComboBox":{"alias":["widget.combo","widget.combobox"],"alternates":["Ext.form.ComboBox"]},"Ext.form.field.Date":{"alias":["widget.datefield"],"alternates":["Ext.form.DateField","Ext.form.Date"]},"Ext.form.field.Display":{"alias":["widget.displayfield"],"alternates":["Ext.form.DisplayField","Ext.form.Display"]},"Ext.form.field.Field":{"alias":[],"alternates":[]},"Ext.form.field.File":{"alias":["widget.filefield","widget.fileuploadfield"],"alternates":["Ext.form.FileUploadField","Ext.ux.form.FileUploadField","Ext.form.File"]},"Ext.form.field.FileButton":{"alias":["widget.filebutton"],"alternates":[]},"Ext.form.field.Hidden":{"alias":["widget.hidden","widget.hiddenfield"],"alternates":["Ext.form.Hidden"]},"Ext.form.field.HtmlEditor":{"alias":["widget.htmleditor"],"alternates":["Ext.form.HtmlEditor"]},"Ext.form.field.Number":{"alias":["widget.numberfield"],"alternates":["Ext.form.NumberField","Ext.form.Number"]},"Ext.form.field.Picker":{"alias":["widget.pickerfield"],"alternates":["Ext.form.Picker"]},"Ext.form.field.Radio":{"alias":["widget.radio","widget.radiofield"],"alternates":["Ext.form.Radio"]},"Ext.form.field.Spinner":{"alias":["widget.spinnerfield"],"alternates":["Ext.form.Spinner"]},"Ext.form.field.Tag":{"alias":["widget.tagfield"],"alternates":[]},"Ext.form.field.Text":{"alias":["widget.textfield"],"alternates":["Ext.form.TextField","Ext.form.Text"]},"Ext.form.field.TextArea":{"alias":["widget.textarea","widget.textareafield"],"alternates":["Ext.form.TextArea"]},"Ext.form.field.Time":{"alias":["widget.timefield"],"alternates":["Ext.form.TimeField","Ext.form.Time"]},"Ext.form.field.Trigger":{"alias":["widget.trigger","widget.triggerfield"],"alternates":["Ext.form.TriggerField","Ext.form.TwinTriggerField","Ext.form.Trigger"]},"Ext.form.field.VTypes":{"alias":[],"alternates":["Ext.form.VTypes"]},"Ext.form.trigger.Component":{"alias":["trigger.component"],"alternates":[]},"Ext.form.trigger.Spinner":{"alias":["trigger.spinner"],"alternates":[]},"Ext.form.trigger.Trigger":{"alias":["trigger.trigger"],"alternates":[]},"Ext.fx.Anim":{"alias":[],"alternates":[]},"Ext.fx.Animation":{"alias":[],"alternates":[]},"Ext.fx.Animator":{"alias":[],"alternates":[]},"Ext.fx.CubicBezier":{"alias":[],"alternates":[]},"Ext.fx.DrawPath":{"alias":[],"alternates":[]},"Ext.fx.Easing":{"alias":[],"alternates":[]},"Ext.fx.Manager":{"alias":[],"alternates":[]},"Ext.fx.PropertyHandler":{"alias":[],"alternates":[]},"Ext.fx.Queue":{"alias":[],"alternates":[]},"Ext.fx.Runner":{"alias":[],"alternates":[]},"Ext.fx.State":{"alias":[],"alternates":[]},"Ext.fx.animation.Abstract":{"alias":[],"alternates":[]},"Ext.fx.animation.Cube":{"alias":["animation.cube"],"alternates":[]},"Ext.fx.animation.Fade":{"alias":["animation.fade","animation.fadeIn"],"alternates":["Ext.fx.animation.FadeIn"]},"Ext.fx.animation.FadeOut":{"alias":["animation.fadeOut"],"alternates":[]},"Ext.fx.animation.Flip":{"alias":["animation.flip"],"alternates":[]},"Ext.fx.animation.Pop":{"alias":["animation.pop","animation.popIn"],"alternates":["Ext.fx.animation.PopIn"]},"Ext.fx.animation.PopOut":{"alias":["animation.popOut"],"alternates":[]},"Ext.fx.animation.Slide":{"alias":["animation.slide","animation.slideIn"],"alternates":["Ext.fx.animation.SlideIn"]},"Ext.fx.animation.SlideOut":{"alias":["animation.slideOut"],"alternates":[]},"Ext.fx.animation.Wipe":{"alias":[],"alternates":["Ext.fx.animation.WipeIn"]},"Ext.fx.animation.WipeOut":{"alias":[],"alternates":[]},"Ext.fx.easing.Abstract":{"alias":[],"alternates":[]},"Ext.fx.easing.Bounce":{"alias":[],"alternates":[]},"Ext.fx.easing.BoundMomentum":{"alias":[],"alternates":[]},"Ext.fx.easing.EaseIn":{"alias":["easing.ease-in"],"alternates":[]},"Ext.fx.easing.EaseOut":{"alias":["easing.ease-out"],"alternates":[]},"Ext.fx.easing.Easing":{"alias":[],"alternates":[]},"Ext.fx.easing.Linear":{"alias":["easing.linear"],"alternates":[]},"Ext.fx.easing.Momentum":{"alias":[],"alternates":[]},"Ext.fx.layout.Card":{"alias":[],"alternates":[]},"Ext.fx.layout.card.Abstract":{"alias":[],"alternates":[]},"Ext.fx.layout.card.Cover":{"alias":["fx.layout.card.cover"],"alternates":[]},"Ext.fx.layout.card.Cube":{"alias":["fx.layout.card.cube"],"alternates":[]},"Ext.fx.layout.card.Fade":{"alias":["fx.layout.card.fade"],"alternates":[]},"Ext.fx.layout.card.Flip":{"alias":["fx.layout.card.flip"],"alternates":[]},"Ext.fx.layout.card.Pop":{"alias":["fx.layout.card.pop"],"alternates":[]},"Ext.fx.layout.card.Reveal":{"alias":["fx.layout.card.reveal"],"alternates":[]},"Ext.fx.layout.card.Scroll":{"alias":["fx.layout.card.scroll"],"alternates":[]},"Ext.fx.layout.card.ScrollCover":{"alias":["fx.layout.card.scrollcover"],"alternates":[]},"Ext.fx.layout.card.ScrollReveal":{"alias":["fx.layout.card.scrollreveal"],"alternates":[]},"Ext.fx.layout.card.Slide":{"alias":["fx.layout.card.slide"],"alternates":[]},"Ext.fx.layout.card.Style":{"alias":[],"alternates":[]},"Ext.fx.runner.Css":{"alias":[],"alternates":[]},"Ext.fx.runner.CssAnimation":{"alias":[],"alternates":[]},"Ext.fx.runner.CssTransition":{"alias":[],"alternates":[]},"Ext.fx.target.Component":{"alias":[],"alternates":[]},"Ext.fx.target.CompositeElement":{"alias":[],"alternates":[]},"Ext.fx.target.CompositeElementCSS":{"alias":[],"alternates":[]},"Ext.fx.target.CompositeSprite":{"alias":[],"alternates":[]},"Ext.fx.target.Element":{"alias":[],"alternates":[]},"Ext.fx.target.ElementCSS":{"alias":[],"alternates":[]},"Ext.fx.target.Sprite":{"alias":[],"alternates":[]},"Ext.fx.target.Target":{"alias":[],"alternates":[]},"Ext.grid.CellContext":{"alias":[],"alternates":[]},"Ext.grid.CellEditor":{"alias":[],"alternates":[]},"Ext.grid.ColumnComponentLayout":{"alias":["layout.columncomponent"],"alternates":[]},"Ext.grid.ColumnLayout":{"alias":["layout.gridcolumn"],"alternates":[]},"Ext.grid.ColumnManager":{"alias":[],"alternates":["Ext.grid.ColumnModel"]},"Ext.grid.NavigationModel":{"alias":["view.navigation.grid"],"alternates":[]},"Ext.grid.Panel":{"alias":["widget.grid","widget.gridpanel"],"alternates":["Ext.list.ListView","Ext.ListView","Ext.grid.GridPanel"]},"Ext.grid.RowEditor":{"alias":["widget.roweditor"],"alternates":[]},"Ext.grid.RowEditorButtons":{"alias":["widget.roweditorbuttons"],"alternates":[]},"Ext.grid.Scroller":{"alias":[],"alternates":[]},"Ext.grid.View":{"alias":["widget.gridview"],"alternates":[]},"Ext.grid.ViewDropZone":{"alias":[],"alternates":[]},"Ext.grid.column.Action":{"alias":["widget.actioncolumn"],"alternates":["Ext.grid.ActionColumn"]},"Ext.grid.column.Boolean":{"alias":["widget.booleancolumn"],"alternates":["Ext.grid.BooleanColumn"]},"Ext.grid.column.Check":{"alias":["widget.checkcolumn"],"alternates":["Ext.ux.CheckColumn","Ext.grid.column.CheckColumn"]},"Ext.grid.column.Column":{"alias":["widget.gridcolumn"],"alternates":["Ext.grid.Column"]},"Ext.grid.column.Date":{"alias":["widget.datecolumn"],"alternates":["Ext.grid.DateColumn"]},"Ext.grid.column.Number":{"alias":["widget.numbercolumn"],"alternates":["Ext.grid.NumberColumn"]},"Ext.grid.column.RowNumberer":{"alias":["widget.rownumberer"],"alternates":["Ext.grid.RowNumberer"]},"Ext.grid.column.Template":{"alias":["widget.templatecolumn"],"alternates":["Ext.grid.TemplateColumn"]},"Ext.grid.column.Widget":{"alias":["widget.widgetcolumn"],"alternates":[]},"Ext.grid.feature.AbstractSummary":{"alias":["feature.abstractsummary"],"alternates":[]},"Ext.grid.feature.Feature":{"alias":["feature.feature"],"alternates":[]},"Ext.grid.feature.GroupStore":{"alias":[],"alternates":[]},"Ext.grid.feature.Grouping":{"alias":["feature.grouping"],"alternates":[]},"Ext.grid.feature.GroupingSummary":{"alias":["feature.groupingsummary"],"alternates":[]},"Ext.grid.feature.RowBody":{"alias":["feature.rowbody"],"alternates":[]},"Ext.grid.feature.Summary":{"alias":["feature.summary"],"alternates":[]},"Ext.grid.filters.Filters":{"alias":["plugin.gridfilters"],"alternates":[]},"Ext.grid.filters.filter.Base":{"alias":[],"alternates":[]},"Ext.grid.filters.filter.Boolean":{"alias":["grid.filter.boolean"],"alternates":[]},"Ext.grid.filters.filter.Date":{"alias":["grid.filter.date"],"alternates":[]},"Ext.grid.filters.filter.List":{"alias":["grid.filter.list"],"alternates":[]},"Ext.grid.filters.filter.Number":{"alias":["grid.filter.number","grid.filter.numeric"],"alternates":[]},"Ext.grid.filters.filter.SingleFilter":{"alias":[],"alternates":[]},"Ext.grid.filters.filter.String":{"alias":["grid.filter.string"],"alternates":[]},"Ext.grid.filters.filter.TriFilter":{"alias":[],"alternates":[]},"Ext.grid.header.Container":{"alias":["widget.headercontainer"],"alternates":[]},"Ext.grid.header.DragZone":{"alias":[],"alternates":[]},"Ext.grid.header.DropZone":{"alias":[],"alternates":[]},"Ext.grid.locking.HeaderContainer":{"alias":[],"alternates":[]},"Ext.grid.locking.Lockable":{"alias":[],"alternates":["Ext.grid.Lockable"]},"Ext.grid.locking.View":{"alias":[],"alternates":["Ext.grid.LockingView"]},"Ext.grid.plugin.BufferedRenderer":{"alias":["plugin.bufferedrenderer"],"alternates":[]},"Ext.grid.plugin.CellEditing":{"alias":["plugin.cellediting"],"alternates":[]},"Ext.grid.plugin.DragDrop":{"alias":["plugin.gridviewdragdrop"],"alternates":[]},"Ext.grid.plugin.Editing":{"alias":["editing.editing"],"alternates":[]},"Ext.grid.plugin.HeaderReorderer":{"alias":["plugin.gridheaderreorderer"],"alternates":[]},"Ext.grid.plugin.HeaderResizer":{"alias":["plugin.gridheaderresizer"],"alternates":[]},"Ext.grid.plugin.RowEditing":{"alias":["plugin.rowediting"],"alternates":[]},"Ext.grid.plugin.RowExpander":{"alias":["plugin.rowexpander"],"alternates":[]},"Ext.grid.property.Grid":{"alias":["widget.propertygrid"],"alternates":["Ext.grid.PropertyGrid"]},"Ext.grid.property.HeaderContainer":{"alias":[],"alternates":["Ext.grid.PropertyColumnModel"]},"Ext.grid.property.Property":{"alias":[],"alternates":["Ext.PropGridProperty"]},"Ext.grid.property.Reader":{"alias":[],"alternates":[]},"Ext.grid.property.Store":{"alias":[],"alternates":["Ext.grid.PropertyStore"]},"Ext.layout.ClassList":{"alias":[],"alternates":[]},"Ext.layout.Context":{"alias":[],"alternates":[]},"Ext.layout.ContextItem":{"alias":[],"alternates":[]},"Ext.layout.Layout":{"alias":[],"alternates":[]},"Ext.layout.SizeModel":{"alias":[],"alternates":[]},"Ext.layout.component.Auto":{"alias":["layout.autocomponent"],"alternates":[]},"Ext.layout.component.Body":{"alias":["layout.body"],"alternates":[]},"Ext.layout.component.BoundList":{"alias":["layout.boundlist"],"alternates":[]},"Ext.layout.component.Component":{"alias":[],"alternates":[]},"Ext.layout.component.Dock":{"alias":["layout.dock"],"alternates":["Ext.layout.component.AbstractDock"]},"Ext.layout.component.FieldSet":{"alias":["layout.fieldset"],"alternates":[]},"Ext.layout.component.ProgressBar":{"alias":["layout.progressbar"],"alternates":[]},"Ext.layout.component.field.FieldContainer":{"alias":["layout.fieldcontainer"],"alternates":[]},"Ext.layout.component.field.HtmlEditor":{"alias":["layout.htmleditor"],"alternates":[]},"Ext.layout.container.Absolute":{"alias":["layout.absolute"],"alternates":["Ext.layout.AbsoluteLayout"]},"Ext.layout.container.Accordion":{"alias":["layout.accordion"],"alternates":["Ext.layout.AccordionLayout"]},"Ext.layout.container.Anchor":{"alias":["layout.anchor"],"alternates":["Ext.layout.AnchorLayout"]},"Ext.layout.container.Auto":{"alias":["layout.auto","layout.autocontainer"],"alternates":[]},"Ext.layout.container.Border":{"alias":["layout.border"],"alternates":["Ext.layout.BorderLayout"]},"Ext.layout.container.Box":{"alias":["layout.box"],"alternates":["Ext.layout.BoxLayout"]},"Ext.layout.container.Card":{"alias":["layout.card"],"alternates":["Ext.layout.CardLayout"]},"Ext.layout.container.Center":{"alias":["layout.center","layout.ux.center"],"alternates":["Ext.ux.layout.Center"]},"Ext.layout.container.CheckboxGroup":{"alias":["layout.checkboxgroup"],"alternates":[]},"Ext.layout.container.Column":{"alias":["layout.column"],"alternates":["Ext.layout.ColumnLayout"]},"Ext.layout.container.ColumnSplitter":{"alias":["widget.columnsplitter"],"alternates":[]},"Ext.layout.container.ColumnSplitterTracker":{"alias":[],"alternates":[]},"Ext.layout.container.Container":{"alias":["layout.container"],"alternates":["Ext.layout.ContainerLayout"]},"Ext.layout.container.Dashboard":{"alias":["layout.dashboard"],"alternates":[]},"Ext.layout.container.Editor":{"alias":["layout.editor"],"alternates":[]},"Ext.layout.container.Fit":{"alias":["layout.fit"],"alternates":["Ext.layout.FitLayout"]},"Ext.layout.container.Form":{"alias":["layout.form"],"alternates":["Ext.layout.FormLayout"]},"Ext.layout.container.HBox":{"alias":["layout.hbox"],"alternates":["Ext.layout.HBoxLayout"]},"Ext.layout.container.SegmentedButton":{"alias":["layout.segmentedbutton"],"alternates":[]},"Ext.layout.container.Table":{"alias":["layout.table"],"alternates":["Ext.layout.TableLayout"]},"Ext.layout.container.VBox":{"alias":["layout.vbox"],"alternates":["Ext.layout.VBoxLayout"]},"Ext.layout.container.border.Region":{"alias":[],"alternates":[]},"Ext.layout.container.boxOverflow.Menu":{"alias":["box.overflow.Menu","box.overflow.menu"],"alternates":["Ext.layout.boxOverflow.Menu"]},"Ext.layout.container.boxOverflow.None":{"alias":["box.overflow.None","box.overflow.none"],"alternates":["Ext.layout.boxOverflow.None"]},"Ext.layout.container.boxOverflow.Scroller":{"alias":["box.overflow.Scroller","box.overflow.scroller"],"alternates":["Ext.layout.boxOverflow.Scroller"]},"Ext.menu.CheckItem":{"alias":["widget.menucheckitem"],"alternates":[]},"Ext.menu.ColorPicker":{"alias":["widget.colormenu"],"alternates":[]},"Ext.menu.DatePicker":{"alias":["widget.datemenu"],"alternates":[]},"Ext.menu.Item":{"alias":["widget.menuitem"],"alternates":["Ext.menu.TextItem"]},"Ext.menu.KeyNav":{"alias":[],"alternates":[]},"Ext.menu.Manager":{"alias":[],"alternates":["Ext.menu.MenuMgr"]},"Ext.menu.Menu":{"alias":["widget.menu"],"alternates":[]},"Ext.menu.Separator":{"alias":["widget.menuseparator"],"alternates":[]},"Ext.mixin.Bindable":{"alias":[],"alternates":[]},"Ext.mixin.Factoryable":{"alias":[],"alternates":[]},"Ext.mixin.Hookable":{"alias":[],"alternates":[]},"Ext.mixin.Identifiable":{"alias":[],"alternates":[]},"Ext.mixin.Inheritable":{"alias":[],"alternates":[]},"Ext.mixin.Mashup":{"alias":[],"alternates":[]},"Ext.mixin.Observable":{"alias":[],"alternates":[]},"Ext.mixin.Queryable":{"alias":[],"alternates":[]},"Ext.mixin.Responsive":{"alias":[],"alternates":[]},"Ext.mixin.Selectable":{"alias":[],"alternates":[]},"Ext.mixin.Templatable":{"alias":[],"alternates":[]},"Ext.mixin.Traversable":{"alias":[],"alternates":[]},"Ext.overrides.GlobalEvents":{"alias":[],"alternates":[]},"Ext.overrides.Widget":{"alias":[],"alternates":[]},"Ext.overrides.app.Application":{"alias":[],"alternates":[]},"Ext.overrides.dom.Element":{"alias":[],"alternates":[]},"Ext.overrides.dom.Helper":{"alias":[],"alternates":[]},"Ext.overrides.event.Event":{"alias":[],"alternates":[]},"Ext.overrides.event.publisher.Dom":{"alias":[],"alternates":[]},"Ext.overrides.event.publisher.Gesture":{"alias":[],"alternates":[]},"Ext.overrides.util.Positionable":{"alias":[],"alternates":[]},"Ext.panel.Bar":{"alias":[],"alternates":[]},"Ext.panel.DD":{"alias":[],"alternates":[]},"Ext.panel.Header":{"alias":["widget.header"],"alternates":[]},"Ext.panel.Panel":{"alias":["widget.panel"],"alternates":["Ext.Panel"]},"Ext.panel.Pinnable":{"alias":[],"alternates":[]},"Ext.panel.Proxy":{"alias":[],"alternates":["Ext.dd.PanelProxy"]},"Ext.panel.Table":{"alias":["widget.tablepanel"],"alternates":[]},"Ext.panel.Title":{"alias":["widget.title"],"alternates":[]},"Ext.panel.Tool":{"alias":["widget.tool"],"alternates":[]},"Ext.perf.Accumulator":{"alias":[],"alternates":[]},"Ext.perf.Monitor":{"alias":[],"alternates":["Ext.Perf"]},"Ext.picker.Color":{"alias":["widget.colorpicker"],"alternates":["Ext.ColorPalette"]},"Ext.picker.Date":{"alias":["widget.datepicker"],"alternates":["Ext.DatePicker"]},"Ext.picker.Month":{"alias":["widget.monthpicker"],"alternates":["Ext.MonthPicker"]},"Ext.picker.Time":{"alias":["widget.timepicker"],"alternates":[]},"Ext.plugin.Abstract":{"alias":[],"alternates":["Ext.AbstractPlugin"]},"Ext.plugin.Manager":{"alias":[],"alternates":["Ext.PluginManager","Ext.PluginMgr"]},"Ext.plugin.Responsive":{"alias":["plugin.responsive"],"alternates":[]},"Ext.plugin.Viewport":{"alias":["plugin.viewport"],"alternates":[]},"Ext.resizer.BorderSplitter":{"alias":["widget.bordersplitter"],"alternates":[]},"Ext.resizer.BorderSplitterTracker":{"alias":[],"alternates":[]},"Ext.resizer.Handle":{"alias":[],"alternates":[]},"Ext.resizer.ResizeTracker":{"alias":[],"alternates":[]},"Ext.resizer.Resizer":{"alias":[],"alternates":["Ext.Resizable"]},"Ext.resizer.Splitter":{"alias":["widget.splitter"],"alternates":[]},"Ext.resizer.SplitterTracker":{"alias":[],"alternates":[]},"Ext.rtl.Component":{"alias":[],"alternates":[]},"Ext.rtl.button.Button":{"alias":[],"alternates":[]},"Ext.rtl.button.Segmented":{"alias":[],"alternates":[]},"Ext.rtl.dd.DD":{"alias":[],"alternates":[]},"Ext.rtl.dom.Element":{"alias":[],"alternates":[]},"Ext.rtl.dom.Layer":{"alias":[],"alternates":[]},"Ext.rtl.event.Event":{"alias":[],"alternates":[]},"Ext.rtl.form.Labelable":{"alias":[],"alternates":[]},"Ext.rtl.form.field.File":{"alias":[],"alternates":[]},"Ext.rtl.form.field.FileButton":{"alias":[],"alternates":[]},"Ext.rtl.grid.CellEditor":{"alias":[],"alternates":[]},"Ext.rtl.grid.ColumnLayout":{"alias":[],"alternates":[]},"Ext.rtl.grid.NavigationModel":{"alias":[],"alternates":[]},"Ext.rtl.grid.RowEditor":{"alias":[],"alternates":[]},"Ext.rtl.grid.column.Column":{"alias":[],"alternates":[]},"Ext.rtl.grid.feature.Summary":{"alias":[],"alternates":[]},"Ext.rtl.grid.plugin.HeaderResizer":{"alias":[],"alternates":[]},"Ext.rtl.grid.plugin.RowEditing":{"alias":[],"alternates":[]},"Ext.rtl.layout.ContextItem":{"alias":[],"alternates":[]},"Ext.rtl.layout.component.Dock":{"alias":[],"alternates":[]},"Ext.rtl.layout.container.Absolute":{"alias":[],"alternates":[]},"Ext.rtl.layout.container.Border":{"alias":[],"alternates":[]},"Ext.rtl.layout.container.Box":{"alias":[],"alternates":[]},"Ext.rtl.layout.container.Column":{"alias":[],"alternates":[]},"Ext.rtl.layout.container.HBox":{"alias":[],"alternates":[]},"Ext.rtl.layout.container.VBox":{"alias":[],"alternates":[]},"Ext.rtl.layout.container.boxOverflow.Menu":{"alias":[],"alternates":[]},"Ext.rtl.layout.container.boxOverflow.Scroller":{"alias":[],"alternates":[]},"Ext.rtl.panel.Bar":{"alias":[],"alternates":[]},"Ext.rtl.panel.Panel":{"alias":[],"alternates":[]},"Ext.rtl.panel.Title":{"alias":[],"alternates":[]},"Ext.rtl.resizer.BorderSplitterTracker":{"alias":[],"alternates":[]},"Ext.rtl.resizer.ResizeTracker":{"alias":[],"alternates":[]},"Ext.rtl.resizer.SplitterTracker":{"alias":[],"alternates":[]},"Ext.rtl.scroll.Manager":{"alias":[],"alternates":[]},"Ext.rtl.scroll.Scroller":{"alias":[],"alternates":[]},"Ext.rtl.selection.CellModel":{"alias":[],"alternates":[]},"Ext.rtl.selection.TreeModel":{"alias":[],"alternates":[]},"Ext.rtl.slider.Multi":{"alias":[],"alternates":[]},"Ext.rtl.tab.Bar":{"alias":[],"alternates":[]},"Ext.rtl.tip.QuickTipManager":{"alias":[],"alternates":[]},"Ext.rtl.tree.Column":{"alias":[],"alternates":[]},"Ext.rtl.util.Floating":{"alias":[],"alternates":[]},"Ext.rtl.util.FocusableContainer":{"alias":[],"alternates":[]},"Ext.rtl.util.Renderable":{"alias":[],"alternates":[]},"Ext.rtl.view.NavigationModel":{"alias":[],"alternates":[]},"Ext.rtl.view.Table":{"alias":[],"alternates":[]},"Ext.scroll.Indicator":{"alias":[],"alternates":[]},"Ext.scroll.Manager":{"alias":[],"alternates":[]},"Ext.scroll.Scroller":{"alias":[],"alternates":[]},"Ext.selection.CellModel":{"alias":["selection.cellmodel"],"alternates":[]},"Ext.selection.CheckboxModel":{"alias":["selection.checkboxmodel"],"alternates":[]},"Ext.selection.DataViewModel":{"alias":[],"alternates":[]},"Ext.selection.Model":{"alias":[],"alternates":["Ext.AbstractSelectionModel"]},"Ext.selection.RowModel":{"alias":["selection.rowmodel"],"alternates":[]},"Ext.selection.TreeModel":{"alias":["selection.treemodel"],"alternates":[]},"Ext.slider.Multi":{"alias":["widget.multislider"],"alternates":["Ext.slider.MultiSlider"]},"Ext.slider.Single":{"alias":["widget.slider","widget.sliderfield"],"alternates":["Ext.Slider","Ext.form.SliderField","Ext.slider.SingleSlider","Ext.slider.Slider"]},"Ext.slider.Thumb":{"alias":[],"alternates":[]},"Ext.slider.Tip":{"alias":["widget.slidertip"],"alternates":[]},"Ext.slider.Widget":{"alias":["widget.sliderwidget"],"alternates":[]},"Ext.sparkline.Bar":{"alias":["widget.sparklinebar"],"alternates":[]},"Ext.sparkline.BarBase":{"alias":[],"alternates":[]},"Ext.sparkline.Base":{"alias":[],"alternates":[]},"Ext.sparkline.Box":{"alias":["widget.sparklinebox"],"alternates":[]},"Ext.sparkline.Bullet":{"alias":["widget.sparklinebullet"],"alternates":[]},"Ext.sparkline.CanvasBase":{"alias":[],"alternates":[]},"Ext.sparkline.CanvasCanvas":{"alias":[],"alternates":[]},"Ext.sparkline.Discrete":{"alias":["widget.sparklinediscrete"],"alternates":[]},"Ext.sparkline.Line":{"alias":["widget.sparklineline"],"alternates":[]},"Ext.sparkline.Pie":{"alias":["widget.sparklinepie"],"alternates":[]},"Ext.sparkline.RangeMap":{"alias":[],"alternates":[]},"Ext.sparkline.Shape":{"alias":[],"alternates":[]},"Ext.sparkline.TriState":{"alias":["widget.sparklinetristate"],"alternates":[]},"Ext.sparkline.VmlCanvas":{"alias":[],"alternates":[]},"Ext.state.CookieProvider":{"alias":[],"alternates":[]},"Ext.state.LocalStorageProvider":{"alias":["state.localstorage"],"alternates":[]},"Ext.state.Manager":{"alias":[],"alternates":[]},"Ext.state.Provider":{"alias":[],"alternates":[]},"Ext.state.Stateful":{"alias":[],"alternates":[]},"Ext.tab.Bar":{"alias":["widget.tabbar"],"alternates":[]},"Ext.tab.Panel":{"alias":["widget.tabpanel"],"alternates":["Ext.TabPanel"]},"Ext.tab.Tab":{"alias":["widget.tab"],"alternates":[]},"Ext.tip.QuickTip":{"alias":["widget.quicktip"],"alternates":["Ext.QuickTip"]},"Ext.tip.QuickTipManager":{"alias":[],"alternates":["Ext.QuickTips"]},"Ext.tip.Tip":{"alias":["widget.tip"],"alternates":["Ext.Tip"]},"Ext.tip.ToolTip":{"alias":["widget.tooltip"],"alternates":["Ext.ToolTip"]},"Ext.toolbar.Breadcrumb":{"alias":["widget.breadcrumb"],"alternates":[]},"Ext.toolbar.Fill":{"alias":["widget.tbfill"],"alternates":["Ext.Toolbar.Fill"]},"Ext.toolbar.Item":{"alias":["widget.tbitem"],"alternates":["Ext.Toolbar.Item"]},"Ext.toolbar.Paging":{"alias":["widget.pagingtoolbar"],"alternates":["Ext.PagingToolbar"]},"Ext.toolbar.Separator":{"alias":["widget.tbseparator"],"alternates":["Ext.Toolbar.Separator"]},"Ext.toolbar.Spacer":{"alias":["widget.tbspacer"],"alternates":["Ext.Toolbar.Spacer"]},"Ext.toolbar.TextItem":{"alias":["widget.tbtext"],"alternates":["Ext.Toolbar.TextItem"]},"Ext.toolbar.Toolbar":{"alias":["widget.toolbar"],"alternates":["Ext.Toolbar"]},"Ext.tree.Column":{"alias":["widget.treecolumn"],"alternates":[]},"Ext.tree.NavigationModel":{"alias":["view.navigation.tree"],"alternates":[]},"Ext.tree.Panel":{"alias":["widget.treepanel"],"alternates":["Ext.tree.TreePanel","Ext.TreePanel"]},"Ext.tree.View":{"alias":["widget.treeview"],"alternates":[]},"Ext.tree.ViewDragZone":{"alias":[],"alternates":[]},"Ext.tree.ViewDropZone":{"alias":[],"alternates":[]},"Ext.tree.plugin.TreeViewDragDrop":{"alias":["plugin.treeviewdragdrop"],"alternates":[]},"Ext.util.AbstractMixedCollection":{"alias":[],"alternates":[]},"Ext.util.Animate":{"alias":[],"alternates":[]},"Ext.util.Base64":{"alias":[],"alternates":[]},"Ext.util.CSS":{"alias":[],"alternates":[]},"Ext.util.ClickRepeater":{"alias":[],"alternates":[]},"Ext.util.Collection":{"alias":[],"alternates":[]},"Ext.util.CollectionKey":{"alias":[],"alternates":[]},"Ext.util.ComponentDragger":{"alias":[],"alternates":[]},"Ext.util.Cookies":{"alias":[],"alternates":[]},"Ext.util.ElementContainer":{"alias":[],"alternates":[]},"Ext.util.Event":{"alias":[],"alternates":[]},"Ext.util.Filter":{"alias":[],"alternates":[]},"Ext.util.FilterCollection":{"alias":[],"alternates":[]},"Ext.util.Floating":{"alias":[],"alternates":[]},"Ext.util.Focusable":{"alias":[],"alternates":[]},"Ext.util.FocusableContainer":{"alias":[],"alternates":[]},"Ext.util.Format":{"alias":[],"alternates":[]},"Ext.util.Group":{"alias":[],"alternates":[]},"Ext.util.GroupCollection":{"alias":[],"alternates":[]},"Ext.util.Grouper":{"alias":[],"alternates":[]},"Ext.util.HashMap":{"alias":[],"alternates":[]},"Ext.util.History":{"alias":[],"alternates":["Ext.History"]},"Ext.util.Inflector":{"alias":[],"alternates":[]},"Ext.util.KeyMap":{"alias":[],"alternates":["Ext.KeyMap"]},"Ext.util.KeyNav":{"alias":[],"alternates":["Ext.KeyNav"]},"Ext.util.LocalStorage":{"alias":[],"alternates":[]},"Ext.util.LruCache":{"alias":[],"alternates":[]},"Ext.util.Memento":{"alias":[],"alternates":[]},"Ext.util.MixedCollection":{"alias":[],"alternates":[]},"Ext.util.ObjectTemplate":{"alias":[],"alternates":[]},"Ext.util.Observable":{"alias":[],"alternates":[]},"Ext.util.Offset":{"alias":[],"alternates":[]},"Ext.util.PaintMonitor":{"alias":[],"alternates":[]},"Ext.util.Point":{"alias":[],"alternates":[]},"Ext.util.Positionable":{"alias":[],"alternates":[]},"Ext.util.ProtoElement":{"alias":[],"alternates":[]},"Ext.util.Queue":{"alias":[],"alternates":[]},"Ext.util.Region":{"alias":[],"alternates":[]},"Ext.util.Renderable":{"alias":[],"alternates":[]},"Ext.util.Schedulable":{"alias":[],"alternates":[]},"Ext.util.Scheduler":{"alias":[],"alternates":[]},"Ext.util.SizeMonitor":{"alias":[],"alternates":[]},"Ext.util.Sortable":{"alias":[],"alternates":[]},"Ext.util.Sorter":{"alias":[],"alternates":[]},"Ext.util.SorterCollection":{"alias":[],"alternates":[]},"Ext.util.StoreHolder":{"alias":[],"alternates":[]},"Ext.util.TaskManager":{"alias":[],"alternates":["Ext.TaskManager"]},"Ext.util.TaskRunner":{"alias":[],"alternates":[]},"Ext.util.TextMetrics":{"alias":[],"alternates":[]},"Ext.util.Translatable":{"alias":[],"alternates":[]},"Ext.util.XTemplateCompiler":{"alias":[],"alternates":[]},"Ext.util.XTemplateParser":{"alias":[],"alternates":[]},"Ext.util.paintmonitor.Abstract":{"alias":[],"alternates":[]},"Ext.util.paintmonitor.CssAnimation":{"alias":[],"alternates":[]},"Ext.util.paintmonitor.OverflowChange":{"alias":[],"alternates":[]},"Ext.util.sizemonitor.Abstract":{"alias":[],"alternates":[]},"Ext.util.sizemonitor.Default":{"alias":[],"alternates":[]},"Ext.util.sizemonitor.OverflowChange":{"alias":[],"alternates":[]},"Ext.util.sizemonitor.Scroll":{"alias":[],"alternates":[]},"Ext.util.translatable.Abstract":{"alias":[],"alternates":[]},"Ext.util.translatable.CssPosition":{"alias":[],"alternates":[]},"Ext.util.translatable.CssTransform":{"alias":[],"alternates":[]},"Ext.util.translatable.Dom":{"alias":[],"alternates":[]},"Ext.util.translatable.ScrollParent":{"alias":[],"alternates":[]},"Ext.util.translatable.ScrollPosition":{"alias":[],"alternates":[]},"Ext.ux.BoxReorderer":{"alias":[],"alternates":[]},"Ext.ux.CellDragDrop":{"alias":["plugin.celldragdrop"],"alternates":[]},"Ext.ux.DataTip":{"alias":["plugin.datatip"],"alternates":[]},"Ext.ux.DataView.Animated":{"alias":[],"alternates":[]},"Ext.ux.DataView.DragSelector":{"alias":[],"alternates":[]},"Ext.ux.DataView.Draggable":{"alias":[],"alternates":[]},"Ext.ux.DataView.LabelEditor":{"alias":[],"alternates":[]},"Ext.ux.Explorer":{"alias":["widget.explorer"],"alternates":[]},"Ext.ux.FieldReplicator":{"alias":["plugin.fieldreplicator"],"alternates":[]},"Ext.ux.GMapPanel":{"alias":["widget.gmappanel"],"alternates":[]},"Ext.ux.GroupTabPanel":{"alias":["widget.grouptabpanel"],"alternates":[]},"Ext.ux.GroupTabRenderer":{"alias":["plugin.grouptabrenderer"],"alternates":[]},"Ext.ux.IFrame":{"alias":["widget.uxiframe"],"alternates":[]},"Ext.ux.LiveSearchGridPanel":{"alias":[],"alternates":[]},"Ext.ux.PreviewPlugin":{"alias":["plugin.preview"],"alternates":[]},"Ext.ux.ProgressBarPager":{"alias":[],"alternates":[]},"Ext.ux.RowExpander":{"alias":[],"alternates":[]},"Ext.ux.SlidingPager":{"alias":[],"alternates":[]},"Ext.ux.Spotlight":{"alias":[],"alternates":[]},"Ext.ux.TabCloseMenu":{"alias":["plugin.tabclosemenu"],"alternates":[]},"Ext.ux.TabReorderer":{"alias":["plugin.tabreorderer"],"alternates":[]},"Ext.ux.TabScrollerMenu":{"alias":["plugin.tabscrollermenu"],"alternates":[]},"Ext.ux.ToolbarDroppable":{"alias":[],"alternates":[]},"Ext.ux.TreePicker":{"alias":["widget.treepicker"],"alternates":[]},"Ext.ux.ajax.DataSimlet":{"alias":[],"alternates":[]},"Ext.ux.ajax.JsonSimlet":{"alias":["simlet.json"],"alternates":[]},"Ext.ux.ajax.SimManager":{"alias":[],"alternates":[]},"Ext.ux.ajax.SimXhr":{"alias":[],"alternates":[]},"Ext.ux.ajax.Simlet":{"alias":["simlet.basic"],"alternates":[]},"Ext.ux.ajax.XmlSimlet":{"alias":["simlet.xml"],"alternates":[]},"Ext.ux.dashboard.GoogleRssPart":{"alias":["part.google-rss"],"alternates":[]},"Ext.ux.dashboard.GoogleRssView":{"alias":[],"alternates":[]},"Ext.ux.data.PagingMemoryProxy":{"alias":["proxy.pagingmemory"],"alternates":["Ext.data.PagingMemoryProxy"]},"Ext.ux.dd.CellFieldDropZone":{"alias":[],"alternates":[]},"Ext.ux.dd.PanelFieldDragZone":{"alias":[],"alternates":[]},"Ext.ux.desktop.App":{"alias":[],"alternates":[]},"Ext.ux.desktop.Desktop":{"alias":["widget.desktop"],"alternates":[]},"Ext.ux.desktop.Module":{"alias":[],"alternates":[]},"Ext.ux.desktop.ShortcutModel":{"alias":[],"alternates":[]},"Ext.ux.desktop.StartMenu":{"alias":[],"alternates":[]},"Ext.ux.desktop.TaskBar":{"alias":["widget.taskbar"],"alternates":[]},"Ext.ux.desktop.TrayClock":{"alias":["widget.trayclock"],"alternates":[]},"Ext.ux.desktop.Video":{"alias":["widget.video"],"alternates":[]},"Ext.ux.desktop.Wallpaper":{"alias":["widget.wallpaper"],"alternates":[]},"Ext.ux.event.Driver":{"alias":[],"alternates":[]},"Ext.ux.event.Maker":{"alias":[],"alternates":[]},"Ext.ux.event.Player":{"alias":[],"alternates":[]},"Ext.ux.event.Recorder":{"alias":[],"alternates":[]},"Ext.ux.event.RecorderManager":{"alias":["widget.eventrecordermanager"],"alternates":[]},"Ext.ux.form.ItemSelector":{"alias":["widget.itemselector","widget.itemselectorfield"],"alternates":["Ext.ux.ItemSelector"]},"Ext.ux.form.MultiSelect":{"alias":["widget.multiselect","widget.multiselectfield"],"alternates":["Ext.ux.Multiselect"]},"Ext.ux.form.SearchField":{"alias":["widget.searchfield"],"alternates":[]},"Ext.ux.google.Api":{"alias":[],"alternates":[]},"Ext.ux.google.Feeds":{"alias":[],"alternates":[]},"Ext.ux.grid.SubTable":{"alias":["plugin.subtable"],"alternates":[]},"Ext.ux.grid.TransformGrid":{"alias":[],"alternates":[]},"Ext.ux.statusbar.StatusBar":{"alias":["widget.statusbar"],"alternates":["Ext.ux.StatusBar"]},"Ext.ux.statusbar.ValidationStatus":{"alias":[],"alternates":[]},"Ext.view.AbstractView":{"alias":[],"alternates":[]},"Ext.view.BoundList":{"alias":["widget.boundlist"],"alternates":["Ext.BoundList"]},"Ext.view.BoundListKeyNav":{"alias":["view.navigation.boundlist"],"alternates":[]},"Ext.view.DragZone":{"alias":[],"alternates":[]},"Ext.view.DropZone":{"alias":[],"alternates":[]},"Ext.view.MultiSelector":{"alias":["widget.multiselector"],"alternates":[]},"Ext.view.MultiSelectorSearch":{"alias":["widget.multiselector-search"],"alternates":[]},"Ext.view.NavigationModel":{"alias":["view.navigation.default"],"alternates":[]},"Ext.view.NodeCache":{"alias":[],"alternates":[]},"Ext.view.Table":{"alias":["widget.tableview"],"alternates":[]},"Ext.view.TableLayout":{"alias":["layout.tableview"],"alternates":[]},"Ext.view.View":{"alias":["widget.dataview"],"alternates":["Ext.DataView"]},"Ext.window.MessageBox":{"alias":["widget.messagebox"],"alternates":[]},"Ext.window.Toast":{"alias":["widget.toast"],"alternates":[]},"Ext.window.Window":{"alias":["widget.window"],"alternates":["Ext.Window"]},"ExtThemeNeptune.Component":{"idx":0,"alias":[],"alternates":[]},"ExtThemeNeptune.container.ButtonGroup":{"alias":[],"alternates":[]},"ExtThemeNeptune.form.field.HtmlEditor":{"alias":[],"alternates":[]},"ExtThemeNeptune.grid.RowEditor":{"alias":[],"alternates":[]},"ExtThemeNeptune.grid.column.RowNumberer":{"alias":[],"alternates":[]},"ExtThemeNeptune.layout.component.Dock":{"idx":3,"alias":[],"alternates":[]},"ExtThemeNeptune.menu.Menu":{"idx":6,"alias":[],"alternates":[]},"ExtThemeNeptune.menu.Separator":{"idx":5,"alias":[],"alternates":[]},"ExtThemeNeptune.panel.Panel":{"idx":4,"alias":[],"alternates":[]},"ExtThemeNeptune.panel.Table":{"alias":[],"alternates":[]},"ExtThemeNeptune.picker.Month":{"alias":[],"alternates":[]},"ExtThemeNeptune.resizer.Splitter":{"idx":1,"alias":[],"alternates":[]},"ExtThemeNeptune.toolbar.Paging":{"alias":[],"alternates":[]},"ExtThemeNeptune.toolbar.Toolbar":{"idx":2,"alias":[],"alternates":[]}},"packages":{"ext":{"creator":"Sencha","requires":["sencha-core","ext"],"type":"framework","version":"5.0.1.1255"},"ext-theme-base":{"creator":"Sencha","output":"${package.dir}/build","requires":["sencha-core","ext"],"slicer":{"js":[{"path":"${package.dir}/sass/example/render.js"},{"path":"${package.dir}/sass/example/shortcuts.js"},{"path":"${package.dir}/sass/example/manifest.js","isWidgetManifest":true}],"css":[{"path":"${package.dir}/sass/example/slicer.css"}]},"type":"theme","version":"5.0.0"},"ext-theme-neptune":{"creator":"Sencha","extend":"ext-theme-neutral","output":"${package.dir}/build","requires":["sencha-core","ext","ext-theme-base","ext-theme-neutral"],"slicer":{"js":[{"path":"${package.dir}/sass/example/custom.js","isWidgetManifest":true}]},"type":"theme","version":"5.0.0"},"ext-theme-neutral":{"creator":"Sencha","extend":"ext-theme-base","output":"${package.dir}/build","requires":["sencha-core","ext","ext-theme-base"],"slicer":{"js":[]},"type":"theme","version":"5.0.0"},"sencha-core":{"creator":"Sencha","output":"${package.dir}/build","requires":["sencha-core","ext"],"slicer":{"js":[]},"type":"code","version":"5.0.0"}},"js":[{"path":"../ext/build/ext-all-rtl-debug.js","isSdk":true},{"path":"../ext/packages/ext-theme-neptune/overrides/Component.js"},{"path":"../ext/packages/ext-theme-neptune/overrides/container/ButtonGroup.js"},{"path":"../ext/packages/ext-theme-neptune/overrides/form/field/HtmlEditor.js"},{"path":"../ext/packages/ext-theme-neptune/overrides/grid/RowEditor.js"},{"path":"../ext/packages/ext-theme-neptune/overrides/grid/column/RowNumberer.js"},{"path":"../ext/packages/ext-theme-neptune/overrides/layout/component/Dock.js"},{"path":"../ext/packages/ext-theme-neptune/overrides/menu/Menu.js"},{"path":"../ext/packages/ext-theme-neptune/overrides/menu/Separator.js"},{"path":"../ext/packages/ext-theme-neptune/overrides/panel/Panel.js"},{"path":"../ext/packages/ext-theme-neptune/overrides/panel/Table.js"},{"path":"../ext/packages/ext-theme-neptune/overrides/picker/Month.js"},{"path":"../ext/packages/ext-theme-neptune/overrides/resizer/Splitter.js"},{"path":"../ext/packages/ext-theme-neptune/overrides/toolbar/Paging.js"},{"path":"../ext/packages/ext-theme-neptune/overrides/toolbar/Toolbar.js"},{"path":"app.js"}],"css":[{"path":"bootstrap.css"}],"production":{},"testing":{},"development":{},"bootstrap":{"base":"/Applications/XAMPP/xamppfiles/htdocs/SenchaTraining/ExtJS5x251/labsolutions/buttons","manifest":"bootstrap.json","microloader":"bootstrap.js","css":"bootstrap.css"},"output":{"base":"/Applications/XAMPP/xamppfiles/htdocs/SenchaTraining/ExtJS5x251/labsolutions/build/development/Buttons","deltas":{"enable":false},"cache":{"enable":false},"microloader":{"enable":true}},"cordova":{"config":{"name":"Buttons","id":"com.domain.Buttons","verbose":false,"target":"","path":"/Applications/XAMPP/xamppfiles/htdocs/SenchaTraining/ExtJS5x251/labsolutions/buttons/cordova"},"js":[{"path":"cordova.js","remote":true,"priority":1000}],"microloader":"/Applications/XAMPP/xamppfiles/htdocs/SenchaTraining/ExtJS5x251/labsolutions/buttons/.sencha/app/Microloader.js","output":{"base":"/Applications/XAMPP/xamppfiles/htdocs/SenchaTraining/ExtJS5x251/labsolutions/buttons/cordova/www","deltas":{"enable":false},"cache":{"enable":false}}},"phonegap":{"config":{"name":"Buttons","id":"com.domain.Buttons","remote":false,"verbose":false,"path":"/Applications/XAMPP/xamppfiles/htdocs/SenchaTraining/ExtJS5x251/labsolutions/buttons/phonegap"},"js":[{"path":"phonegap.js","remote":true,"priority":1000}],"microloader":"/Applications/XAMPP/xamppfiles/htdocs/SenchaTraining/ExtJS5x251/labsolutions/buttons/.sencha/app/Microloader.js","output":{"base":"/Applications/XAMPP/xamppfiles/htdocs/SenchaTraining/ExtJS5x251/labsolutions/buttons/phonegap/www","deltas":{"enable":false},"cache":{"enable":false}}},"slicer":{"js":[{"path":"/Applications/XAMPP/xamppfiles/htdocs/SenchaTraining/ExtJS5x251/labsolutions/buttons/sass/example/custom.js","isWidgetManifest":true}]},"name":"Buttons","classpath":"/Applications/XAMPP/xamppfiles/htdocs/SenchaTraining/ExtJS5x251/labsolutions/buttons/app","overrides":"/Applications/XAMPP/xamppfiles/htdocs/SenchaTraining/ExtJS5x251/labsolutions/buttons/overrides","framework":"ext","theme":"ext-theme-neptune","requires":[],"sass":{"namespace":"Buttons"},"loader":{"cache":true},"id":"a398cf5a-6111-4d15-b966-f415df129f1a"}