[
    {
        "id": 1,
        "name": "Aditya",
        "company": "Walking Tree Technologies",
        "job": "Web Developer"
    },
    {
        "id": 2,
        "name": "Rohit",
        "company": "Walking Tree Technologies",
        "job": "Designer"
    },
    {
        "id": 3,
        "name": "Sushant",
        "company": "Walking Tree Technologies",
        "job": "App Developer"
    },
    {
        "id": 4,
        "name": "Keshav",
        "company": "Walking Tree Technologies",
        "job": "Ext JS Developer"
    },
    {
        "id": 5,
        "name": "Krishnaji",
        "company": "Walking Tree Technologies",
        "job": "App Developer"
    },
    {
        "id": 6,
        "name": "Srinivas",
        "company": "Walking Tree Technologies",
        "job": "Ext JS Developer"
    },
    {
        "id": 7,
        "name": "Vamshi",
        "company": "Walking Tree Technologies",
        "job": "Designer"
    },
    {
        "id": 8,
        "name": "Yogendra",
        "company": "Walking Tree Technologies",
        "job": "Web Developer"
    }
]