{"paths":{"Ajax":"app","Ext":"../ext/src","Ext-more":"../ext/overrides/Ext-more.js","Ext.AbstractManager":"../ext/packages/sencha-core/src/AbstractManager.js","Ext.Ajax":"../ext/packages/sencha-core/src/Ajax.js","Ext.AnimationQueue":"../ext/packages/sencha-core/src/AnimationQueue.js","Ext.Array":"../ext/packages/sencha-core/src/lang/Array.js","Ext.Assert":"../ext/packages/sencha-core/src/lang/Assert.js","Ext.Base":"../ext/packages/sencha-core/src/class/Base.js","Ext.Boot":".sencha/app/Boot.js","Ext.Class":"../ext/packages/sencha-core/src/class/Class.js","Ext.ClassManager":"../ext/packages/sencha-core/src/class/ClassManager.js","Ext.ComponentManager":"../ext/packages/sencha-core/src/ComponentManager.js","Ext.ComponentQuery":"../ext/packages/sencha-core/src/ComponentQuery.js","Ext.Config":"../ext/packages/sencha-core/src/class/Config.js","Ext.Configurator":"../ext/packages/sencha-core/src/class/Configurator.js","Ext.Date":"../ext/packages/sencha-core/src/lang/Date.js","Ext.Error":"../ext/packages/sencha-core/src/lang/Error.js","Ext.Evented":"../ext/packages/sencha-core/src/Evented.js","Ext.Factory":"../ext/packages/sencha-core/src/mixin/Factoryable.js","Ext.Function":"../ext/packages/sencha-core/src/lang/Function.js","Ext.GlobalEvents":"../ext/packages/sencha-core/src/GlobalEvents.js","Ext.Inventory":"../ext/packages/sencha-core/src/class/Inventory.js","Ext.JSON":"../ext/packages/sencha-core/src/JSON.js","Ext.Loader":"../ext/packages/sencha-core/src/class/Loader.js","Ext.Mixin":"../ext/packages/sencha-core/src/class/Mixin.js","Ext.Msg":"../ext/src/window/MessageBox.js","Ext.Number":"../ext/packages/sencha-core/src/lang/Number.js","Ext.Object":"../ext/packages/sencha-core/src/lang/Object.js","Ext.Script":"../ext/packages/sencha-core/src/class/Inventory.js","Ext.String":"../ext/packages/sencha-core/src/lang/String.js","Ext.String.format":"../ext/packages/sencha-core/src/Template.js","Ext.TaskQueue":"../ext/packages/sencha-core/src/TaskQueue.js","Ext.Template":"../ext/packages/sencha-core/src/Template.js","Ext.Util":"../ext/packages/sencha-core/src/Util.js","Ext.Version":"../ext/packages/sencha-core/src/util/Version.js","Ext.Widget":"../ext/packages/sencha-core/src/Widget.js","Ext.XTemplate":"../ext/packages/sencha-core/src/XTemplate.js","Ext.app.ViewModel":"../ext/packages/sencha-core/src/app/ViewModel.js","Ext.app.bind":"../ext/packages/sencha-core/src/app/bind","Ext.browser":"../ext/packages/sencha-core/src/env/Browser.js","Ext.class":"../ext/packages/sencha-core/src/class","Ext.data":"../ext/packages/sencha-core/src/data","Ext.direct":"../ext/packages/sencha-core/src/direct","Ext.dom":"../ext/packages/sencha-core/src/dom","Ext.dom.ButtonElement":"../ext/src/dom/ButtonElement.js","Ext.dom.Layer":"../ext/src/dom/Layer.js","Ext.env":"../ext/packages/sencha-core/src/env","Ext.event":"../ext/packages/sencha-core/src/event","Ext.feature":"../ext/packages/sencha-core/src/env/Feature.js","Ext.fx.Animation":"../ext/packages/sencha-core/src/fx/Animation.js","Ext.fx.Runner":"../ext/packages/sencha-core/src/fx/Runner.js","Ext.fx.State":"../ext/packages/sencha-core/src/fx/State.js","Ext.fx.animation":"../ext/packages/sencha-core/src/fx/animation","Ext.fx.easing":"../ext/packages/sencha-core/src/fx/easing","Ext.fx.layout":"../ext/packages/sencha-core/src/fx/layout","Ext.fx.runner":"../ext/packages/sencha-core/src/fx/runner","Ext.lang":"../ext/packages/sencha-core/src/lang","Ext.mixin":"../ext/packages/sencha-core/src/mixin","Ext.os":"../ext/packages/sencha-core/src/env/OS.js","Ext.overrides":"../ext/overrides","Ext.overrides.util.Positionable":"../ext/overrides/Positionable.js","Ext.perf":"../ext/packages/sencha-core/src/perf","Ext.scroll":"../ext/packages/sencha-core/src/scroll","Ext.scroll.Indicator":"../ext/src/scroll/Indicator.js","Ext.scroll.Manager":"../ext/src/scroll/Manager.js","Ext.supports":"../ext/packages/sencha-core/src/env/Feature.js","Ext.util":"../ext/packages/sencha-core/src/util","Ext.util.Animate":"../ext/src/util/Animate.js","Ext.util.CSS":"../ext/src/util/CSS.js","Ext.util.ClickRepeater":"../ext/src/util/ClickRepeater.js","Ext.util.ComponentDragger":"../ext/src/util/ComponentDragger.js","Ext.util.Cookies":"../ext/src/util/Cookies.js","Ext.util.ElementContainer":"../ext/src/util/ElementContainer.js","Ext.util.Floating":"../ext/src/util/Floating.js","Ext.util.Focusable":"../ext/src/util/Focusable.js","Ext.util.FocusableContainer":"../ext/src/util/FocusableContainer.js","Ext.util.Format.format":"../ext/packages/sencha-core/src/Template.js","Ext.util.History":"../ext/src/util/History.js","Ext.util.KeyMap":"../ext/src/util/KeyMap.js","Ext.util.KeyNav":"../ext/src/util/KeyNav.js","Ext.util.Memento":"../ext/src/util/Memento.js","Ext.util.ProtoElement":"../ext/src/util/ProtoElement.js","Ext.util.Queue":"../ext/src/util/Queue.js","Ext.util.Renderable":"../ext/src/util/Renderable.js","Ext.util.StoreHolder":"../ext/src/util/StoreHolder.js","Ext.ux.desktop.TrayClock":"../ext/src/ux/desktop/TaskBar.js","ExtThemeNeptune":"../ext/packages/ext-theme-neptune/overrides"},"loadOrder":[{"path":".sencha/app/Boot.js","requires":[],"uses":[],"idx":0},{"path":"../ext/packages/sencha-core/src/Ext.js","requires":[],"uses":[2],"idx":1},{"path":"../ext/packages/sencha-core/src/lang/Error.js","requires":[1],"uses":[],"idx":2},{"path":"../ext/packages/sencha-core/src/lang/Array.js","requires":[1,2],"uses":[4],"idx":3},{"path":"../ext/packages/sencha-core/src/lang/Assert.js","requires":[2],"uses":[1],"idx":4},{"path":"../ext/packages/sencha-core/src/lang/String.js","requires":[1,3],"uses":[],"idx":5},{"path":"../ext/packages/sencha-core/src/lang/Date.js","requires":[1,5],"uses":[],"idx":6},{"path":"../ext/packages/sencha-core/src/lang/Function.js","requires":[1,3],"uses":[2],"idx":7},{"path":"../ext/packages/sencha-core/src/lang/Number.js","requires":[1],"uses":[],"idx":8},{"path":"../ext/packages/sencha-core/src/lang/Object.js","requires":[1,6],"uses":[3],"idx":9},{"path":"../ext/packages/sencha-core/src/Util.js","requires":[1,2,3,4,5,6,7,8,9],"uses":[17],"idx":10},{"path":"../ext/packages/sencha-core/src/util/Version.js","requires":[1,5],"uses":[],"idx":11},{"path":"../ext/packages/sencha-core/src/class/Config.js","requires":[],"uses":[9],"idx":12},{"path":"../ext/packages/sencha-core/src/class/Configurator.js","requires":[12],"uses":[1,2,9],"idx":13},{"path":"../ext/packages/sencha-core/src/class/Base.js","requires":[7,10,11,13],"uses":[1,2,3,4,9,12,17],"idx":14},{"path":"../ext/packages/sencha-core/src/class/Class.js","requires":[10,14],"uses":[1,3],"idx":15},{"path":"../ext/packages/sencha-core/src/class/Inventory.js","requires":[7],"uses":[1,3],"idx":16},{"path":"../ext/packages/sencha-core/src/class/ClassManager.js","requires":[1,3,7,15,16],"uses":[0],"idx":17},{"path":"../ext/packages/sencha-core/src/env/Browser.js","requires":[1,9,11],"uses":[5],"idx":18},{"path":"../ext/packages/sencha-core/src/env/OS.js","requires":[11,18],"uses":[1],"idx":19},{"path":"../ext/packages/sencha-core/src/env/Feature.js","requires":[5,18,19],"uses":[1,9],"idx":20},{"path":"../ext/packages/sencha-core/src/env/Ready.js","requires":[18,19,20],"uses":[1],"idx":21},{"path":"../ext/packages/sencha-core/src/class/Loader.js","requires":[1,3,7,14,15,17,21],"uses":[0,2],"idx":22},{"path":"../ext/packages/sencha-core/src/event/ListenerStack.js","requires":[14,15,16,17,22],"uses":[1,2],"idx":23},{"path":"../ext/packages/sencha-core/src/event/Controller.js","requires":[14,15,16,17,22],"uses":[1,7],"idx":24},{"path":"../ext/packages/sencha-core/src/event/Dispatcher.js","requires":[14,15,16,17,22,23,24],"uses":[9],"idx":25},{"path":"../ext/packages/sencha-core/src/class/Mixin.js","requires":[14,15,16,17,22],"uses":[1,2,3,9],"idx":26},{"path":"../ext/packages/sencha-core/src/mixin/Identifiable.js","requires":[14,15,16,17,22],"uses":[],"idx":27},{"path":"../ext/packages/sencha-core/src/mixin/Observable.js","requires":[1,25,26,27],"uses":[2,3,9],"idx":28},{"path":"../ext/packages/sencha-core/src/util/HashMap.js","requires":[14,15,16,17,22,28],"uses":[1],"idx":29},{"path":"../ext/packages/sencha-core/src/data/flash/BinaryXhr.js","requires":[1,14,15,16,17,22],"uses":[2,9,42],"idx":30},{"path":"../ext/packages/sencha-core/src/data/Connection.js","requires":[14,15,16,17,22,28,30],"uses":[1,2,5,7,9,41,42],"idx":31},{"path":"../ext/packages/sencha-core/src/Ajax.js","requires":[31],"uses":[],"idx":32},{"path":"../ext/packages/sencha-core/src/AnimationQueue.js","requires":[1,3,14,15,16,17,22],"uses":[7,19],"idx":33},{"path":"../ext/packages/sencha-core/src/ComponentManager.js","requires":[1,14,15,16,17,22],"uses":[2,9],"idx":34},{"path":"../ext/packages/sencha-core/src/util/Operators.js","requires":[1],"uses":[],"idx":35},{"path":"../ext/packages/sencha-core/src/util/LruCache.js","requires":[29],"uses":[],"idx":36},{"path":"../ext/packages/sencha-core/src/ComponentQuery.js","requires":[1,14,15,16,17,22,34,35,36],"uses":[2,3,5,76],"idx":37},{"path":"../ext/packages/sencha-core/src/Evented.js","requires":[14,15,16,17,22,28],"uses":[1,12],"idx":38},{"path":"../ext/packages/sencha-core/src/util/Positionable.js","requires":[1,14,15,16,17,22,40],"uses":[2,41,105],"idx":39},{"path":"../ext/overrides/Positionable.js","requires":[14,15,16,17,22],"uses":[1,7],"idx":40},{"path":"../ext/packages/sencha-core/src/dom/Element.js","requires":[1,14,15,16,17,19,20,22,28,39,72],"uses":[2,3,18,42,43,44,76,81,105,183],"idx":41},{"path":"../ext/packages/sencha-core/src/GlobalEvents.js","requires":[1,28,41,73],"uses":[],"idx":42},{"path":"../ext/packages/sencha-core/src/dom/Fly.js","requires":[1,41],"uses":[2],"idx":43},{"path":"../ext/packages/sencha-core/src/dom/CompositeElementLite.js","requires":[14,15,16,17,22,43],"uses":[1,3,9,41],"idx":44},{"path":"../ext/packages/sencha-core/src/util/Filter.js","requires":[14,15,16,17,22],"uses":[1,3,5],"idx":45},{"path":"../ext/packages/sencha-core/src/util/DelayedTask.js","requires":[1],"uses":[42],"idx":46},{"path":"../ext/packages/sencha-core/src/util/Event.js","requires":[14,15,16,17,22,46],"uses":[1,2,3],"idx":47},{"path":"../ext/packages/sencha-core/src/util/Observable.js","requires":[1,14,15,16,17,22,47],"uses":[2,3,4,7],"idx":48},{"path":"../ext/packages/sencha-core/src/util/AbstractMixedCollection.js","requires":[14,15,16,17,22,45,48],"uses":[1,3,5],"idx":49},{"path":"../ext/packages/sencha-core/src/util/Sorter.js","requires":[14,15,16,17,22],"uses":[1,2,5],"idx":50},{"path":"../ext/packages/sencha-core/src/util/Sortable.js","requires":[1,14,15,16,17,22,50],"uses":[2,52],"idx":51},{"path":"../ext/packages/sencha-core/src/util/MixedCollection.js","requires":[49,51],"uses":[3],"idx":52},{"path":"../ext/packages/sencha-core/src/util/TaskRunner.js","requires":[7,14,15,16,17,22],"uses":[1,6,42],"idx":53},{"path":"../ext/src/fx/target/Target.js","requires":[14,15,16,17,22],"uses":[1],"idx":54},{"path":"../ext/src/fx/target/Element.js","requires":[54],"uses":[],"idx":55},{"path":"../ext/src/fx/target/ElementCSS.js","requires":[55],"uses":[3,20],"idx":56},{"path":"../ext/src/fx/target/CompositeElement.js","requires":[55],"uses":[1],"idx":57},{"path":"../ext/src/fx/target/CompositeElementCSS.js","requires":[56,57],"uses":[],"idx":58},{"path":"../ext/src/fx/target/Sprite.js","requires":[54],"uses":[3],"idx":59},{"path":"../ext/src/fx/target/CompositeSprite.js","requires":[59],"uses":[],"idx":60},{"path":"../ext/src/fx/target/Component.js","requires":[54],"uses":[7,42],"idx":61},{"path":"../ext/src/fx/Queue.js","requires":[14,15,16,17,22,29],"uses":[1,3],"idx":62},{"path":"../ext/src/fx/Manager.js","requires":[14,15,16,17,22,52,53,55,56,57,58,59,60,61,62],"uses":[1,20],"idx":63},{"path":"../ext/src/fx/Animator.js","requires":[14,15,16,17,22,48,63],"uses":[1,3,69],"idx":64},{"path":"../ext/src/fx/CubicBezier.js","requires":[14,15,16,17,22],"uses":[],"idx":65},{"path":"../ext/src/fx/Easing.js","requires":[1,14,15,16,17,22,65],"uses":[],"idx":66},{"path":"../ext/src/fx/DrawPath.js","requires":[14,15,16,17,22],"uses":[3],"idx":67},{"path":"../ext/src/fx/PropertyHandler.js","requires":[14,15,16,17,22,67],"uses":[1],"idx":68},{"path":"../ext/src/fx/Anim.js","requires":[1,14,15,16,17,22,48,63,64,65,66,68],"uses":[],"idx":69},{"path":"../ext/src/util/Animate.js","requires":[7,14,15,16,17,22,63,69],"uses":[1],"idx":70},{"path":"../ext/packages/sencha-core/src/dom/GarbageCollector.js","requires":[14,15,16,17,22],"uses":[1,2,7],"idx":71},{"path":"../ext/overrides/dom/Element.js","requires":[1,14,15,16,17,19,20,22,41,43,44,70,71],"uses":[2,3,5,9,63,64,69,76,183,204,212,255,256,276],"idx":72},{"path":"../ext/overrides/GlobalEvents.js","requires":[14,15,16,17,22],"uses":[1],"idx":73},{"path":"../ext/packages/sencha-core/src/JSON.js","requires":[1,2],"uses":[],"idx":74},{"path":"../ext/packages/sencha-core/src/util/Format.js","requires":[2,5,6,8,14,15,16,17,22],"uses":[1,76,183],"idx":75},{"path":"../ext/packages/sencha-core/src/Template.js","requires":[1,14,15,16,17,22,75],"uses":[183],"idx":76},{"path":"../ext/packages/sencha-core/src/mixin/Inheritable.js","requires":[1,26],"uses":[9],"idx":77},{"path":"../ext/packages/sencha-core/src/mixin/Bindable.js","requires":[14,15,16,17,22],"uses":[1,2,12,118],"idx":78},{"path":"../ext/packages/sencha-core/src/Widget.js","requires":[38,77,78,90],"uses":[1,2,3,9,34,37,41],"idx":79},{"path":"../ext/src/util/ProtoElement.js","requires":[14,15,16,17,22],"uses":[1,3,9,41,183],"idx":80},{"path":"../ext/packages/sencha-core/src/dom/CompositeElement.js","requires":[44],"uses":[1],"idx":81},{"path":"../ext/src/util/ElementContainer.js","requires":[14,15,16,17,22],"uses":[1,9],"idx":82},{"path":"../ext/src/util/Renderable.js","requires":[1,14,15,16,17,22,41],"uses":[12,20,89,117,183],"idx":83},{"path":"../ext/src/state/Provider.js","requires":[14,15,16,17,22,48],"uses":[1],"idx":84},{"path":"../ext/src/state/Manager.js","requires":[14,15,16,17,22,84],"uses":[],"idx":85},{"path":"../ext/src/state/Stateful.js","requires":[14,15,16,17,22,85],"uses":[1,53],"idx":86},{"path":"../ext/src/util/Floating.js","requires":[14,15,16,17,22],"uses":[1,41,42,210,283],"idx":87},{"path":"../ext/src/util/Focusable.js","requires":[1,14,15,16,17,22,46],"uses":[89],"idx":88},{"path":"../ext/src/Component.js","requires":[1,14,15,16,17,22,34,37,39,42,48,70,77,78,80,81,82,83,86,87,88,94],"uses":[2,3,5,7,8,20,40,41,46,63,72,73,90,109,110,112,114,117,138,183,184,205,206,207,210,215,217,274,277,283,295,296,298,300],"idx":89},{"path":"../ext/overrides/Widget.js","requires":[1,14,15,16,17,22,79,89],"uses":[41,217],"idx":90},{"path":"../ext/packages/sencha-core/src/event/gesture/Recognizer.js","requires":[1,14,15,16,17,22,27],"uses":[],"idx":91},{"path":"../ext/packages/sencha-core/src/event/gesture/SingleTouch.js","requires":[91],"uses":[],"idx":92},{"path":"../ext/packages/sencha-core/src/event/gesture/DoubleTap.js","requires":[92],"uses":[1],"idx":93},{"path":"../ext/packages/ext-theme-neptune/overrides/Component.js","requires":[14,15,16,17,22],"uses":[],"idx":94},{"path":"../ext/packages/sencha-core/src/event/gesture/Drag.js","requires":[92],"uses":[],"idx":95},{"path":"../ext/packages/sencha-core/src/event/gesture/Swipe.js","requires":[92],"uses":[],"idx":96},{"path":"../ext/packages/sencha-core/src/event/gesture/EdgeSwipe.js","requires":[96],"uses":[1,41],"idx":97},{"path":"../ext/packages/sencha-core/src/event/gesture/LongPress.js","requires":[92],"uses":[1],"idx":98},{"path":"../ext/packages/sencha-core/src/event/gesture/MultiTouch.js","requires":[91],"uses":[],"idx":99},{"path":"../ext/packages/sencha-core/src/event/gesture/Pinch.js","requires":[99],"uses":[],"idx":100},{"path":"../ext/packages/sencha-core/src/event/gesture/Rotate.js","requires":[99],"uses":[3],"idx":101},{"path":"../ext/packages/sencha-core/src/event/gesture/Tap.js","requires":[92],"uses":[],"idx":102},{"path":"../ext/packages/sencha-core/src/event/publisher/Publisher.js","requires":[1,14,15,16,17,22],"uses":[],"idx":103},{"path":"../ext/packages/sencha-core/src/util/Offset.js","requires":[14,15,16,17,22],"uses":[2],"idx":104},{"path":"../ext/packages/sencha-core/src/util/Region.js","requires":[14,15,16,17,22,104],"uses":[1,8],"idx":105},{"path":"../ext/packages/sencha-core/src/util/Point.js","requires":[105],"uses":[1],"idx":106},{"path":"../ext/packages/sencha-core/src/event/Event.js","requires":[1,14,15,16,17,22,106,109],"uses":[9],"idx":107},{"path":"../ext/packages/sencha-core/src/event/publisher/Dom.js","requires":[18,42,103,107,110],"uses":[1,3,19,20],"idx":108},{"path":"../ext/overrides/event/Event.js","requires":[1,14,15,16,17,22],"uses":[9,42],"idx":109},{"path":"../ext/overrides/event/publisher/Dom.js","requires":[1,14,15,16,17,22,108],"uses":[7],"idx":110},{"path":"../ext/packages/sencha-core/src/event/publisher/Gesture.js","requires":[1,19,20,33,106,108,112],"uses":[3,7,71,107],"idx":111},{"path":"../ext/overrides/event/publisher/Gesture.js","requires":[1,14,15,16,17,22],"uses":[107],"idx":112},{"path":"../ext/packages/sencha-core/src/event/publisher/Focus.js","requires":[20,108],"uses":[1,2,107],"idx":113},{"path":"../ext/overrides/Ext-more.js","requires":[1,25,91,92,93,95,96,97,98,99,100,101,102,108,111,113],"uses":[],"idx":114},{"path":"../ext/packages/sencha-core/src/util/XTemplateParser.js","requires":[1,5,14,15,16,17,22],"uses":[],"idx":115},{"path":"../ext/packages/sencha-core/src/util/XTemplateCompiler.js","requires":[1,115],"uses":[],"idx":116},{"path":"../ext/packages/sencha-core/src/XTemplate.js","requires":[76,116],"uses":[1,17],"idx":117},{"path":"../ext/packages/sencha-core/src/mixin/Factoryable.js","requires":[14,15,16,17,22],"uses":[1,2,9],"idx":118},{"path":"../ext/packages/sencha-core/src/util/CollectionKey.js","requires":[14,15,16,17,22,27],"uses":[1,2,3],"idx":119},{"path":"../ext/packages/sencha-core/src/util/Grouper.js","requires":[50],"uses":[2],"idx":120},{"path":"../ext/packages/sencha-core/src/util/Collection.js","requires":[9,14,15,16,17,22,28,45,50,119,120],"uses":[1,2,3,5,8,171,172,173],"idx":121},{"path":"../ext/packages/sencha-core/src/util/ObjectTemplate.js","requires":[14,15,16,17,22,117],"uses":[1,2],"idx":122},{"path":"../ext/packages/sencha-core/src/data/schema/Role.js","requires":[1,14,15,16,17,22],"uses":[2,118],"idx":123},{"path":"../ext/packages/sencha-core/src/data/schema/Association.js","requires":[14,15,16,17,22,123],"uses":[1],"idx":124},{"path":"../ext/packages/sencha-core/src/data/schema/OneToOne.js","requires":[1,124],"uses":[],"idx":125},{"path":"../ext/packages/sencha-core/src/data/schema/ManyToOne.js","requires":[1,124],"uses":[],"idx":126},{"path":"../ext/packages/sencha-core/src/data/schema/ManyToMany.js","requires":[1,124],"uses":[17],"idx":127},{"path":"../ext/packages/sencha-core/src/util/Inflector.js","requires":[14,15,16,17,22],"uses":[3,5],"idx":128},{"path":"../ext/packages/sencha-core/src/data/schema/Namer.js","requires":[14,15,16,17,22,118,128],"uses":[5],"idx":129},{"path":"../ext/packages/sencha-core/src/data/schema/Schema.js","requires":[14,15,16,17,22,118,122,125,126,127,129],"uses":[1,2,4,7,9],"idx":130},{"path":"../ext/packages/sencha-core/src/data/Batch.js","requires":[14,15,16,17,22,28],"uses":[1],"idx":131},{"path":"../ext/packages/sencha-core/src/data/matrix/Slice.js","requires":[14,15,16,17,22],"uses":[2,4],"idx":132},{"path":"../ext/packages/sencha-core/src/data/matrix/Side.js","requires":[14,15,16,17,22,132],"uses":[],"idx":133},{"path":"../ext/packages/sencha-core/src/data/matrix/Matrix.js","requires":[14,15,16,17,22,133],"uses":[4],"idx":134},{"path":"../ext/packages/sencha-core/src/data/session/ChangesVisitor.js","requires":[14,15,16,17,22],"uses":[9],"idx":135},{"path":"../ext/packages/sencha-core/src/data/session/ChildChangesVisitor.js","requires":[135],"uses":[1],"idx":136},{"path":"../ext/packages/sencha-core/src/data/session/BatchVisitor.js","requires":[14,15,16,17,22],"uses":[131],"idx":137},{"path":"../ext/packages/sencha-core/src/data/Session.js","requires":[14,15,16,17,22,130,131,134,135,136,137],"uses":[1,2,3],"idx":138},{"path":"../ext/packages/sencha-core/src/data/AbstractStore.js","requires":[1,14,15,16,17,22,28,45,118,121,130],"uses":[180],"idx":139},{"path":"../ext/packages/sencha-core/src/data/LocalStore.js","requires":[26],"uses":[121],"idx":140},{"path":"../ext/packages/sencha-core/src/data/Error.js","requires":[14,15,16,17,22],"uses":[],"idx":141},{"path":"../ext/packages/sencha-core/src/data/ErrorCollection.js","requires":[52,141],"uses":[1,150],"idx":142},{"path":"../ext/packages/sencha-core/src/data/operation/Operation.js","requires":[1,14,15,16,17,22],"uses":[3],"idx":143},{"path":"../ext/packages/sencha-core/src/data/operation/Create.js","requires":[1,143],"uses":[],"idx":144},{"path":"../ext/packages/sencha-core/src/data/operation/Destroy.js","requires":[143],"uses":[],"idx":145},{"path":"../ext/packages/sencha-core/src/data/operation/Read.js","requires":[1,143],"uses":[],"idx":146},{"path":"../ext/packages/sencha-core/src/data/operation/Update.js","requires":[1,143],"uses":[],"idx":147},{"path":"../ext/packages/sencha-core/src/data/SortTypes.js","requires":[1,14,15,16,17,22],"uses":[],"idx":148},{"path":"../ext/packages/sencha-core/src/data/validator/Validator.js","requires":[14,15,16,17,22,118],"uses":[],"idx":149},{"path":"../ext/packages/sencha-core/src/data/field/Field.js","requires":[14,15,16,17,22,118,148,149],"uses":[1],"idx":150},{"path":"../ext/packages/sencha-core/src/data/field/Boolean.js","requires":[150],"uses":[],"idx":151},{"path":"../ext/packages/sencha-core/src/data/field/Date.js","requires":[150],"uses":[1,6],"idx":152},{"path":"../ext/packages/sencha-core/src/data/field/Integer.js","requires":[150],"uses":[],"idx":153},{"path":"../ext/packages/sencha-core/src/data/field/Number.js","requires":[150],"uses":[],"idx":154},{"path":"../ext/packages/sencha-core/src/data/field/String.js","requires":[150],"uses":[],"idx":155},{"path":"../ext/packages/sencha-core/src/data/identifier/Generator.js","requires":[14,15,16,17,22,118],"uses":[1],"idx":156},{"path":"../ext/packages/sencha-core/src/data/identifier/Sequential.js","requires":[156],"uses":[],"idx":157},{"path":"../ext/packages/sencha-core/src/data/Model.js","requires":[14,15,16,17,22,130,142,143,144,145,146,147,149,150,151,152,153,154,155,156,157],"uses":[1,2,3,9,118,160,182],"idx":158},{"path":"../ext/packages/sencha-core/src/data/ResultSet.js","requires":[14,15,16,17,22],"uses":[],"idx":159},{"path":"../ext/packages/sencha-core/src/data/reader/Reader.js","requires":[1,14,15,16,17,22,28,117,118,159],"uses":[2,130],"idx":160},{"path":"../ext/packages/sencha-core/src/data/writer/Writer.js","requires":[1,14,15,16,17,22,118],"uses":[6],"idx":161},{"path":"../ext/packages/sencha-core/src/data/proxy/Proxy.js","requires":[1,14,15,16,17,22,28,118,130,160,161],"uses":[7,131,143,144,145,146,147,158],"idx":162},{"path":"../ext/packages/sencha-core/src/data/proxy/Client.js","requires":[162],"uses":[2],"idx":163},{"path":"../ext/packages/sencha-core/src/data/proxy/Memory.js","requires":[1,163],"uses":[3,45,51],"idx":164},{"path":"../ext/packages/sencha-core/src/data/ProxyStore.js","requires":[1,139,143,144,145,146,147,158,162,164],"uses":[46,130],"idx":165},{"path":"../ext/packages/sencha-core/src/data/proxy/Server.js","requires":[1,162],"uses":[2,6,76,179],"idx":166},{"path":"../ext/packages/sencha-core/src/data/proxy/Ajax.js","requires":[32,166],"uses":[9],"idx":167},{"path":"../ext/packages/sencha-core/src/data/reader/Json.js","requires":[74,160],"uses":[1],"idx":168},{"path":"../ext/packages/sencha-core/src/data/writer/Json.js","requires":[161],"uses":[1,2,9],"idx":169},{"path":"../ext/packages/sencha-core/src/util/Group.js","requires":[121],"uses":[],"idx":170},{"path":"../ext/packages/sencha-core/src/util/SorterCollection.js","requires":[50,121],"uses":[1,2,3],"idx":171},{"path":"../ext/packages/sencha-core/src/util/FilterCollection.js","requires":[45,121],"uses":[1,2,3],"idx":172},{"path":"../ext/packages/sencha-core/src/util/GroupCollection.js","requires":[121,170,171,172],"uses":[],"idx":173},{"path":"../ext/packages/sencha-core/src/data/Store.js","requires":[46,140,158,165,167,168,169,173],"uses":[1,2,3,120,178,180],"idx":174},{"path":"../ext/packages/sencha-core/src/data/reader/Array.js","requires":[168],"uses":[],"idx":175},{"path":"../ext/packages/sencha-core/src/data/ArrayStore.js","requires":[164,174,175],"uses":[],"idx":176},{"path":"../ext/packages/sencha-core/src/data/PageMap.js","requires":[36],"uses":[1,2,3,5,9],"idx":177},{"path":"../ext/packages/sencha-core/src/data/BufferedStore.js","requires":[45,50,120,165,177],"uses":[1,2,171,172,173],"idx":178},{"path":"../ext/packages/sencha-core/src/data/Request.js","requires":[14,15,16,17,22],"uses":[],"idx":179},{"path":"../ext/packages/sencha-core/src/data/StoreManager.js","requires":[1,52,176],"uses":[2,118,164,169,174,175],"idx":180},{"path":"../ext/packages/sencha-core/src/mixin/Queryable.js","requires":[14,15,16,17,22],"uses":[1,37],"idx":181},{"path":"../ext/packages/sencha-core/src/data/Validation.js","requires":[158],"uses":[1],"idx":182},{"path":"../ext/packages/sencha-core/src/dom/Helper.js","requires":[14,15,16,17,22,184],"uses":[1,2,5,20,76],"idx":183},{"path":"../ext/overrides/dom/Helper.js","requires":[14,15,16,17,22],"uses":[1],"idx":184},{"path":"../ext/packages/sencha-core/src/fx/easing/Abstract.js","requires":[1,14,15,16,17,22],"uses":[6],"idx":185},{"path":"../ext/packages/sencha-core/src/fx/easing/Bounce.js","requires":[185],"uses":[6],"idx":186},{"path":"../ext/packages/sencha-core/src/fx/easing/Momentum.js","requires":[185],"uses":[6],"idx":187},{"path":"../ext/packages/sencha-core/src/fx/easing/BoundMomentum.js","requires":[185,186,187],"uses":[1,6],"idx":188},{"path":"../ext/packages/sencha-core/src/fx/easing/Linear.js","requires":[185],"uses":[6],"idx":189},{"path":"../ext/packages/sencha-core/src/fx/easing/EaseOut.js","requires":[189],"uses":[6],"idx":190},{"path":"../ext/packages/sencha-core/src/mixin/Responsive.js","requires":[26,42],"uses":[1,7,9,20,41],"idx":191},{"path":"../ext/packages/sencha-core/src/perf/Accumulator.js","requires":[1,14,15,16,17,22,117],"uses":[],"idx":192},{"path":"../ext/packages/sencha-core/src/perf/Monitor.js","requires":[14,15,16,17,22,192],"uses":[1],"idx":193},{"path":"../ext/packages/sencha-core/src/util/translatable/Abstract.js","requires":[1,38,189],"uses":[6,33],"idx":194},{"path":"../ext/packages/sencha-core/src/util/translatable/Dom.js","requires":[194],"uses":[1],"idx":195},{"path":"../ext/packages/sencha-core/src/util/translatable/CssTransform.js","requires":[195],"uses":[],"idx":196},{"path":"../ext/packages/sencha-core/src/util/translatable/ScrollPosition.js","requires":[195],"uses":[1],"idx":197},{"path":"../ext/packages/sencha-core/src/util/translatable/ScrollParent.js","requires":[195],"uses":[1],"idx":198},{"path":"../ext/packages/sencha-core/src/util/translatable/CssPosition.js","requires":[195],"uses":[],"idx":199},{"path":"../ext/packages/sencha-core/src/util/Translatable.js","requires":[14,15,16,17,22,196,197,198,199],"uses":[1,18],"idx":200},{"path":"../ext/packages/sencha-core/src/scroll/Scroller.js","requires":[1,38,188,190,200],"uses":[6,7,18,20],"idx":201},{"path":"../ext/packages/sencha-core/src/util/TaskManager.js","requires":[53],"uses":[],"idx":202},{"path":"../ext/packages/sencha-core/src/util/TextMetrics.js","requires":[14,15,16,17,22,41],"uses":[1,8],"idx":203},{"path":"../ext/src/ElementLoader.js","requires":[1,14,15,16,17,22,48],"uses":[2,31,32],"idx":204},{"path":"../ext/src/ComponentLoader.js","requires":[204],"uses":[1,2],"idx":205},{"path":"../ext/src/layout/SizeModel.js","requires":[14,15,16,17,22],"uses":[1],"idx":206},{"path":"../ext/src/layout/Layout.js","requires":[1,14,15,16,17,22,117,118,206],"uses":[3,295],"idx":207},{"path":"../ext/src/layout/container/Container.js","requires":[1,82,117,207],"uses":[3,183],"idx":208},{"path":"../ext/src/layout/container/Auto.js","requires":[1,208],"uses":[20,117],"idx":209},{"path":"../ext/src/ZIndexManager.js","requires":[1,14,15,16,17,22,171,172],"uses":[8,41,42,121],"idx":210},{"path":"../ext/src/container/Container.js","requires":[1,52,89,181,209,210],"uses":[2,3,9,34,37,49,118],"idx":211},{"path":"../ext/src/util/KeyMap.js","requires":[1,14,15,16,17,22],"uses":[3],"idx":212},{"path":"../ext/src/util/KeyNav.js","requires":[14,15,16,17,22,212],"uses":[1,7,20],"idx":213},{"path":"../ext/src/util/StoreHolder.js","requires":[1,14,15,16,17,22],"uses":[180],"idx":214},{"path":"../ext/src/LoadMask.js","requires":[1,89,214],"uses":[42,180],"idx":215},{"path":"../ext/src/layout/component/Component.js","requires":[207],"uses":[],"idx":216},{"path":"../ext/src/layout/component/Auto.js","requires":[216],"uses":[8],"idx":217},{"path":"../ext/src/ShadowPool.js","requires":[14,15,16,17,22,183],"uses":[1,20,76],"idx":218},{"path":"../ext/src/Shadow.js","requires":[14,15,16,17,22,218],"uses":[1,20],"idx":219},{"path":"../ext/src/app/EventDomain.js","requires":[14,15,16,17,22,47],"uses":[1,2],"idx":220},{"path":"../ext/src/app/domain/Component.js","requires":[79,89,220],"uses":[],"idx":221},{"path":"../ext/src/app/EventBus.js","requires":[14,15,16,17,22,221],"uses":[220],"idx":222},{"path":"../ext/src/app/domain/Global.js","requires":[1,220],"uses":[],"idx":223},{"path":"../ext/src/app/BaseController.js","requires":[14,15,16,17,22,48,222,223],"uses":[1,229,230,278],"idx":224},{"path":"../ext/src/app/Util.js","requires":[1,14,15,16,17,22],"uses":[],"idx":225},{"path":"../ext/src/app/domain/Store.js","requires":[139,220],"uses":[3],"idx":226},{"path":"../ext/src/app/route/Queue.js","requires":[14,15,16,17,22],"uses":[1,52],"idx":227},{"path":"../ext/src/app/route/Route.js","requires":[14,15,16,17,22],"uses":[1,76],"idx":228},{"path":"../ext/src/util/History.js","requires":[14,15,16,17,22,48],"uses":[1,20,202],"idx":229},{"path":"../ext/src/app/route/Router.js","requires":[14,15,16,17,22,227,228,229],"uses":[1],"idx":230},{"path":"../ext/src/app/Controller.js","requires":[1,34,180,221,224,225,226,230],"uses":[3,5,7,9,17,37,130],"idx":231},{"path":"../ext/src/panel/Bar.js","requires":[211],"uses":[1],"idx":232},{"path":"../ext/src/panel/Title.js","requires":[1,89],"uses":[20],"idx":233},{"path":"../ext/src/panel/Tool.js","requires":[1,89],"uses":[2,268],"idx":234},{"path":"../ext/src/panel/Header.js","requires":[1,138,217,232,233,234],"uses":[3,9,34],"idx":235},{"path":"../ext/src/toolbar/Fill.js","requires":[89],"uses":[],"idx":236},{"path":"../ext/src/layout/container/boxOverflow/None.js","requires":[1,14,15,16,17,22,118],"uses":[],"idx":237},{"path":"../ext/src/toolbar/Item.js","requires":[1,89],"uses":[],"idx":238},{"path":"../ext/src/toolbar/Separator.js","requires":[1,238],"uses":[],"idx":239},{"path":"../ext/src/dom/ButtonElement.js","requires":[41],"uses":[],"idx":240},{"path":"../ext/src/button/Manager.js","requires":[1,14,15,16,17,22],"uses":[3],"idx":241},{"path":"../ext/src/menu/Manager.js","requires":[1,14,15,16,17,22,52,212],"uses":[3,6,34,289],"idx":242},{"path":"../ext/src/util/ClickRepeater.js","requires":[48],"uses":[1,6],"idx":243},{"path":"../ext/src/button/Button.js","requires":[1,89,181,203,212,240,241,242,243],"uses":[3,9,20,107,268],"idx":244},{"path":"../ext/src/layout/container/boxOverflow/Menu.js","requires":[1,237,239,244],"uses":[3,138,217,236,251,261,289],"idx":245},{"path":"../ext/src/layout/container/boxOverflow/Scroller.js","requires":[1,28,41,237,243],"uses":[8],"idx":246},{"path":"../ext/src/dd/DragDropManager.js","requires":[1,14,15,16,17,22,105],"uses":[3,20,268,276],"idx":247},{"path":"../ext/src/resizer/Splitter.js","requires":[1,89,117,270],"uses":[282],"idx":248},{"path":"../ext/src/layout/container/Box.js","requires":[1,75,208,237,245,246,247,248],"uses":[3,9,118,138,206,217],"idx":249},{"path":"../ext/src/layout/container/HBox.js","requires":[249],"uses":[],"idx":250},{"path":"../ext/src/layout/container/VBox.js","requires":[249],"uses":[],"idx":251},{"path":"../ext/src/util/FocusableContainer.js","requires":[1,26,213],"uses":[2,3,89],"idx":252},{"path":"../ext/src/toolbar/Toolbar.js","requires":[1,138,211,217,236,250,251,252,271],"uses":[239,284],"idx":253},{"path":"../ext/src/dd/DragDrop.js","requires":[14,15,16,17,22,247],"uses":[1,3,41],"idx":254},{"path":"../ext/src/dd/DD.js","requires":[247,254],"uses":[1,41],"idx":255},{"path":"../ext/src/dd/DDProxy.js","requires":[255],"uses":[1,247],"idx":256},{"path":"../ext/src/dd/StatusProxy.js","requires":[1,89],"uses":[],"idx":257},{"path":"../ext/src/dd/DragSource.js","requires":[1,247,256,257],"uses":[138,217],"idx":258},{"path":"../ext/src/panel/Proxy.js","requires":[1,14,15,16,17,22],"uses":[41],"idx":259},{"path":"../ext/src/panel/DD.js","requires":[1,258,259],"uses":[],"idx":260},{"path":"../ext/src/layout/component/Dock.js","requires":[1,216,272],"uses":[3,37,41,206],"idx":261},{"path":"../ext/src/util/Memento.js","requires":[14,15,16,17,22],"uses":[],"idx":262},{"path":"../ext/src/container/DockingContainer.js","requires":[1,14,15,16,17,22,41,52],"uses":[37,49,183],"idx":263},{"path":"../ext/src/panel/Panel.js","requires":[1,41,52,69,117,211,212,235,253,260,261,262,263,273],"uses":[8,9,17,20,46,80,81,89,138,209,217,234,277],"idx":264},{"path":"../ext/src/tip/Tip.js","requires":[1,264],"uses":[89],"idx":265},{"path":"../ext/src/tip/ToolTip.js","requires":[265],"uses":[1,2,6,20,41],"idx":266},{"path":"../ext/src/tip/QuickTip.js","requires":[266],"uses":[1],"idx":267},{"path":"../ext/src/tip/QuickTipManager.js","requires":[14,15,16,17,22,267],"uses":[1,2],"idx":268},{"path":"../ext/src/app/Application.js","requires":[1,52,229,231,268,274],"uses":[2,3,22,230],"idx":269},{"path":"../ext/packages/ext-theme-neptune/overrides/resizer/Splitter.js","requires":[14,15,16,17,22],"uses":[],"idx":270},{"path":"../ext/packages/ext-theme-neptune/overrides/toolbar/Toolbar.js","requires":[14,15,16,17,22],"uses":[],"idx":271},{"path":"../ext/packages/ext-theme-neptune/overrides/layout/component/Dock.js","requires":[1,14,15,16,17,22],"uses":[],"idx":272},{"path":"../ext/packages/ext-theme-neptune/overrides/panel/Panel.js","requires":[1,14,15,16,17,22],"uses":[],"idx":273},{"path":"../ext/overrides/app/Application.js","requires":[1,14,15,16,17,22],"uses":[269],"idx":274},{"path":"../ext/src/dd/DragTracker.js","requires":[14,15,16,17,22,48],"uses":[1,20,105],"idx":275},{"path":"../ext/src/dd/DDTarget.js","requires":[1,254],"uses":[],"idx":276},{"path":"../ext/src/util/ComponentDragger.js","requires":[275],"uses":[1,41,105],"idx":277},{"path":"../ext/src/app/domain/Controller.js","requires":[220,231],"uses":[3,224],"idx":278},{"path":"../ext/src/plugin/Responsive.js","requires":[1,191],"uses":[2],"idx":279},{"path":"../ext/src/plugin/Viewport.js","requires":[279],"uses":[1,9,20,41],"idx":280},{"path":"../ext/src/container/Viewport.js","requires":[191,211,280],"uses":[],"idx":281},{"path":"../ext/src/resizer/SplitterTracker.js","requires":[1,105,275],"uses":[41],"idx":282},{"path":"../ext/src/dom/Layer.js","requires":[41],"uses":[1,183,219],"idx":283},{"path":"../ext/src/toolbar/TextItem.js","requires":[1,117,238],"uses":[],"idx":284},{"path":"../ext/src/menu/Item.js","requires":[1,89,181],"uses":[41,242,268],"idx":285},{"path":"../ext/src/menu/CheckItem.js","requires":[1,285],"uses":[242],"idx":286},{"path":"../ext/src/menu/KeyNav.js","requires":[213],"uses":[1,242],"idx":287},{"path":"../ext/src/menu/Separator.js","requires":[1,285,290],"uses":[],"idx":288},{"path":"../ext/src/menu/Menu.js","requires":[1,242,251,264,285,286,287,288,291],"uses":[20,34,41,42,138,217],"idx":289},{"path":"../ext/packages/ext-theme-neptune/overrides/menu/Separator.js","requires":[14,15,16,17,22],"uses":[],"idx":290},{"path":"../ext/packages/ext-theme-neptune/overrides/menu/Menu.js","requires":[14,15,16,17,22],"uses":[],"idx":291},{"path":"../ext/src/layout/ClassList.js","requires":[14,15,16,17,22],"uses":[1,3],"idx":292},{"path":"../ext/src/util/Queue.js","requires":[14,15,16,17,22],"uses":[3],"idx":293},{"path":"../ext/src/layout/ContextItem.js","requires":[14,15,16,17,22,292],"uses":[1,2,8,9,52,63,69,206],"idx":294},{"path":"../ext/src/layout/Context.js","requires":[14,15,16,17,22,63,69,193,207,293,294],"uses":[1,2,3],"idx":295},{"path":"../ext/src/plugin/Manager.js","requires":[14,15,16,17,22],"uses":[1],"idx":296},{"path":"../ext/src/resizer/ResizeTracker.js","requires":[1,275],"uses":[7,8],"idx":297},{"path":"../ext/src/resizer/Resizer.js","requires":[1,14,15,16,17,22,48],"uses":[8,20,41,76,89,183,297],"idx":298},{"path":"../ext/src/scroll/Indicator.js","requires":[1,14,15,16,17,22],"uses":[],"idx":299},{"path":"../ext/src/scroll/Manager.js","requires":[42,48,201,299],"uses":[1,20],"idx":300},{"path":"../ext/packages/ext-theme-neptune/overrides/tab/Tab.js","requires":[],"uses":[],"idx":301},{"path":"app/controller/Root.js","requires":[231],"uses":[],"idx":302},{"path":"app/Application.js","requires":[269,302],"uses":[],"idx":303},{"path":"app/view/main/Main.js","requires":[281],"uses":[32,74],"idx":304},{"path":"app.js","requires":[40,72,73,90,94,109,110,112,114,138,184,209,217,269,270,271,272,273,274,280,290,291,301,302,303,304],"uses":[],"idx":305},{"path":"../build/temp/development/Ajax/sencha-compiler/app/full-page-master-bundle.js","requires":[305],"uses":[],"idx":306}],"classes":{"Ajax.Application":{"idx":303,"alias":[],"alternates":[]},"Ajax.controller.Main":{"alias":[],"alternates":[]},"Ajax.controller.Root":{"idx":302,"alias":[],"alternates":[]},"Ajax.view.main.Main":{"idx":304,"alias":[],"alternates":[]},"Ext.AbstractManager":{"alias":[],"alternates":[]},"Ext.Action":{"alias":[],"alternates":[]},"Ext.Ajax":{"idx":32,"alias":[],"alternates":[]},"Ext.AnimationQueue":{"idx":33,"alias":[],"alternates":[]},"Ext.Component":{"idx":89,"alias":["widget.box","widget.component"],"alternates":["Ext.AbstractComponent"]},"Ext.ComponentLoader":{"idx":205,"alias":[],"alternates":[]},"Ext.ComponentManager":{"idx":34,"alias":[],"alternates":["Ext.ComponentMgr"]},"Ext.ComponentQuery":{"idx":37,"alias":[],"alternates":[]},"Ext.Editor":{"alias":["widget.editor"],"alternates":[]},"Ext.ElementLoader":{"idx":204,"alias":[],"alternates":[]},"Ext.EventManager":{"alias":[],"alternates":[]},"Ext.Evented":{"idx":38,"alias":[],"alternates":["Ext.EventedBase"]},"Ext.FocusManager":{"alias":[],"alternates":["Ext.FocusMgr"]},"Ext.GlobalEvents":{"idx":42,"alias":[],"alternates":["Ext.globalEvents"]},"Ext.Img":{"alias":["widget.image","widget.imagecomponent"],"alternates":[]},"Ext.LoadMask":{"idx":215,"alias":["widget.loadmask"],"alternates":[]},"Ext.Mixin":{"idx":26,"alias":[],"alternates":[]},"Ext.ProgressBar":{"alias":["widget.progressbar"],"alternates":[]},"Ext.ProgressBarWidget":{"alias":["widget.progressbarwidget"],"alternates":[]},"Ext.Shadow":{"idx":219,"alias":[],"alternates":[]},"Ext.ShadowPool":{"idx":218,"alias":[],"alternates":[]},"Ext.TaskQueue":{"alias":[],"alternates":[]},"Ext.Template":{"idx":76,"alias":[],"alternates":[]},"Ext.Widget":{"idx":79,"alias":["widget.widget"],"alternates":[]},"Ext.XTemplate":{"idx":117,"alias":[],"alternates":[]},"Ext.ZIndexManager":{"idx":210,"alias":[],"alternates":["Ext.WindowGroup"]},"Ext.app.Application":{"idx":269,"alias":[],"alternates":[]},"Ext.app.BaseController":{"idx":224,"alias":[],"alternates":[]},"Ext.app.Controller":{"idx":231,"alias":[],"alternates":[]},"Ext.app.EventBus":{"idx":222,"alias":[],"alternates":[]},"Ext.app.EventDomain":{"idx":220,"alias":[],"alternates":[]},"Ext.app.Util":{"idx":225,"alias":[],"alternates":[]},"Ext.app.ViewController":{"alias":[],"alternates":[]},"Ext.app.ViewModel":{"alias":["viewmodel.default"],"alternates":[]},"Ext.app.bind.AbstractStub":{"alias":[],"alternates":[]},"Ext.app.bind.BaseBinding":{"alias":[],"alternates":[]},"Ext.app.bind.Binding":{"alias":[],"alternates":[]},"Ext.app.bind.Formula":{"alias":[],"alternates":[]},"Ext.app.bind.LinkStub":{"alias":[],"alternates":[]},"Ext.app.bind.Multi":{"alias":[],"alternates":[]},"Ext.app.bind.RootStub":{"alias":[],"alternates":[]},"Ext.app.bind.Stub":{"alias":[],"alternates":[]},"Ext.app.bind.Template":{"alias":[],"alternates":[]},"Ext.app.bind.TemplateBinding":{"alias":[],"alternates":[]},"Ext.app.bindinspector.ComponentDetail":{"alias":["widget.bindinspector-componentdetail"],"alternates":[]},"Ext.app.bindinspector.ComponentList":{"alias":["widget.bindinspector-componentlist"],"alternates":[]},"Ext.app.bindinspector.Container":{"alias":["widget.bindinspector-container"],"alternates":[]},"Ext.app.bindinspector.Environment":{"alias":[],"alternates":[]},"Ext.app.bindinspector.Inspector":{"alias":[],"alternates":[]},"Ext.app.bindinspector.Util":{"alias":[],"alternates":[]},"Ext.app.bindinspector.ViewModelDetail":{"alias":["widget.bindinspector-viewmodeldetail"],"alternates":[]},"Ext.app.bindinspector.noconflict.BaseModel":{"alias":[],"alternates":[]},"Ext.app.domain.Component":{"idx":221,"alias":[],"alternates":[]},"Ext.app.domain.Controller":{"idx":278,"alias":[],"alternates":[]},"Ext.app.domain.Direct":{"alias":[],"alternates":[]},"Ext.app.domain.Global":{"idx":223,"alias":[],"alternates":[]},"Ext.app.domain.Store":{"idx":226,"alias":[],"alternates":[]},"Ext.app.domain.View":{"alias":[],"alternates":[]},"Ext.app.route.Queue":{"idx":227,"alias":[],"alternates":[]},"Ext.app.route.Route":{"idx":228,"alias":[],"alternates":[]},"Ext.app.route.Router":{"idx":230,"alias":[],"alternates":[]},"Ext.button.Button":{"idx":244,"alias":["widget.button"],"alternates":["Ext.Button"]},"Ext.button.Cycle":{"alias":["widget.cycle"],"alternates":["Ext.CycleButton"]},"Ext.button.Manager":{"idx":241,"alias":[],"alternates":["Ext.ButtonToggleManager"]},"Ext.button.Segmented":{"alias":["widget.segmentedbutton"],"alternates":[]},"Ext.button.Split":{"alias":["widget.splitbutton"],"alternates":["Ext.SplitButton"]},"Ext.container.ButtonGroup":{"alias":["widget.buttongroup"],"alternates":["Ext.ButtonGroup"]},"Ext.container.Container":{"idx":211,"alias":["widget.container"],"alternates":["Ext.Container","Ext.AbstractContainer"]},"Ext.container.DockingContainer":{"idx":263,"alias":[],"alternates":[]},"Ext.container.Monitor":{"alias":[],"alternates":[]},"Ext.container.Viewport":{"idx":281,"alias":["widget.viewport"],"alternates":["Ext.Viewport"]},"Ext.dashboard.Column":{"alias":["widget.dashboard-column"],"alternates":[]},"Ext.dashboard.Dashboard":{"alias":["widget.dashboard"],"alternates":[]},"Ext.dashboard.DropZone":{"alias":[],"alternates":[]},"Ext.dashboard.Panel":{"alias":["widget.dashboard-panel"],"alternates":[]},"Ext.dashboard.Part":{"alias":["part.part"],"alternates":[]},"Ext.data.AbstractStore":{"idx":139,"alias":[],"alternates":[]},"Ext.data.ArrayStore":{"idx":176,"alias":["store.array"],"alternates":["Ext.data.SimpleStore"]},"Ext.data.Batch":{"idx":131,"alias":[],"alternates":[]},"Ext.data.BufferedStore":{"idx":178,"alias":["store.buffered"],"alternates":[]},"Ext.data.ChainedStore":{"alias":["store.chained"],"alternates":[]},"Ext.data.Connection":{"idx":31,"alias":[],"alternates":[]},"Ext.data.DirectStore":{"alias":["store.direct"],"alternates":[]},"Ext.data.Error":{"idx":141,"alias":[],"alternates":[]},"Ext.data.ErrorCollection":{"idx":142,"alias":[],"alternates":["Ext.data.Errors"]},"Ext.data.JsonP":{"alias":[],"alternates":[]},"Ext.data.JsonPStore":{"alias":["store.jsonp"],"alternates":[]},"Ext.data.JsonStore":{"alias":["store.json"],"alternates":[]},"Ext.data.LocalStore":{"idx":140,"alias":[],"alternates":[]},"Ext.data.Model":{"idx":158,"alias":[],"alternates":["Ext.data.Record"]},"Ext.data.ModelManager":{"alias":[],"alternates":["Ext.ModelMgr"]},"Ext.data.NodeInterface":{"alias":[],"alternates":[]},"Ext.data.NodeStore":{"alias":["store.node"],"alternates":[]},"Ext.data.PageMap":{"idx":177,"alias":[],"alternates":[]},"Ext.data.ProxyStore":{"idx":165,"alias":[],"alternates":[]},"Ext.data.Request":{"idx":179,"alias":[],"alternates":[]},"Ext.data.ResultSet":{"idx":159,"alias":[],"alternates":[]},"Ext.data.Session":{"idx":138,"alias":[],"alternates":[]},"Ext.data.SortTypes":{"idx":148,"alias":[],"alternates":[]},"Ext.data.Store":{"idx":174,"alias":["store.store"],"alternates":[]},"Ext.data.StoreManager":{"idx":180,"alias":[],"alternates":["Ext.StoreMgr","Ext.data.StoreMgr","Ext.StoreManager"]},"Ext.data.TreeModel":{"alias":[],"alternates":[]},"Ext.data.TreeStore":{"alias":["store.tree"],"alternates":[]},"Ext.data.Types":{"alias":[],"alternates":[]},"Ext.data.Validation":{"idx":182,"alias":[],"alternates":[]},"Ext.data.XmlStore":{"alias":["store.xml"],"alternates":[]},"Ext.data.field.Boolean":{"idx":151,"alias":["data.field.bool","data.field.boolean"],"alternates":[]},"Ext.data.field.Date":{"idx":152,"alias":["data.field.date"],"alternates":[]},"Ext.data.field.Field":{"idx":150,"alias":["data.field.auto"],"alternates":["Ext.data.Field"]},"Ext.data.field.Integer":{"idx":153,"alias":["data.field.int","data.field.integer"],"alternates":[]},"Ext.data.field.Number":{"idx":154,"alias":["data.field.float","data.field.number"],"alternates":[]},"Ext.data.field.String":{"idx":155,"alias":["data.field.string"],"alternates":[]},"Ext.data.flash.BinaryXhr":{"idx":30,"alias":[],"alternates":[]},"Ext.data.identifier.Generator":{"idx":156,"alias":["data.identifier.default"],"alternates":[]},"Ext.data.identifier.Negative":{"alias":["data.identifier.negative"],"alternates":[]},"Ext.data.identifier.Sequential":{"idx":157,"alias":["data.identifier.sequential"],"alternates":[]},"Ext.data.identifier.Uuid":{"alias":["data.identifier.uuid"],"alternates":[]},"Ext.data.matrix.Matrix":{"idx":134,"alias":[],"alternates":[]},"Ext.data.matrix.Side":{"idx":133,"alias":[],"alternates":[]},"Ext.data.matrix.Slice":{"idx":132,"alias":[],"alternates":[]},"Ext.data.operation.Create":{"idx":144,"alias":["data.operation.create"],"alternates":[]},"Ext.data.operation.Destroy":{"idx":145,"alias":["data.operation.destroy"],"alternates":[]},"Ext.data.operation.Operation":{"idx":143,"alias":[],"alternates":["Ext.data.Operation"]},"Ext.data.operation.Read":{"idx":146,"alias":["data.operation.read"],"alternates":[]},"Ext.data.operation.Update":{"idx":147,"alias":["data.operation.update"],"alternates":[]},"Ext.data.proxy.Ajax":{"idx":167,"alias":["proxy.ajax"],"alternates":["Ext.data.HttpProxy","Ext.data.AjaxProxy"]},"Ext.data.proxy.Client":{"idx":163,"alias":[],"alternates":["Ext.data.ClientProxy"]},"Ext.data.proxy.Direct":{"alias":["proxy.direct"],"alternates":["Ext.data.DirectProxy"]},"Ext.data.proxy.JsonP":{"alias":["proxy.jsonp","proxy.scripttag"],"alternates":["Ext.data.ScriptTagProxy"]},"Ext.data.proxy.LocalStorage":{"alias":["proxy.localstorage"],"alternates":["Ext.data.LocalStorageProxy"]},"Ext.data.proxy.Memory":{"idx":164,"alias":["proxy.memory"],"alternates":["Ext.data.MemoryProxy"]},"Ext.data.proxy.Proxy":{"idx":162,"alias":["proxy.proxy"],"alternates":["Ext.data.DataProxy","Ext.data.Proxy"]},"Ext.data.proxy.Rest":{"alias":["proxy.rest"],"alternates":["Ext.data.RestProxy"]},"Ext.data.proxy.Server":{"idx":166,"alias":["proxy.server"],"alternates":["Ext.data.ServerProxy"]},"Ext.data.proxy.SessionStorage":{"alias":["proxy.sessionstorage"],"alternates":["Ext.data.SessionStorageProxy"]},"Ext.data.proxy.Sql":{"alias":["proxy.sql"],"alternates":["Ext.data.proxy.SQL"]},"Ext.data.proxy.WebStorage":{"alias":[],"alternates":["Ext.data.WebStorageProxy"]},"Ext.data.reader.Array":{"idx":175,"alias":["reader.array"],"alternates":["Ext.data.ArrayReader"]},"Ext.data.reader.Json":{"idx":168,"alias":["reader.json"],"alternates":["Ext.data.JsonReader"]},"Ext.data.reader.Reader":{"idx":160,"alias":["reader.base"],"alternates":["Ext.data.Reader","Ext.data.DataReader"]},"Ext.data.reader.Xml":{"alias":["reader.xml"],"alternates":["Ext.data.XmlReader"]},"Ext.data.schema.Association":{"idx":124,"alias":[],"alternates":[]},"Ext.data.schema.ManyToMany":{"idx":127,"alias":[],"alternates":[]},"Ext.data.schema.ManyToOne":{"idx":126,"alias":[],"alternates":[]},"Ext.data.schema.Namer":{"idx":129,"alias":["namer.default"],"alternates":[]},"Ext.data.schema.OneToOne":{"idx":125,"alias":[],"alternates":[]},"Ext.data.schema.Role":{"idx":123,"alias":[],"alternates":[]},"Ext.data.schema.Schema":{"idx":130,"alias":["schema.default"],"alternates":[]},"Ext.data.session.BatchVisitor":{"idx":137,"alias":[],"alternates":[]},"Ext.data.session.ChangesVisitor":{"idx":135,"alias":[],"alternates":[]},"Ext.data.session.ChildChangesVisitor":{"idx":136,"alias":[],"alternates":[]},"Ext.data.validator.Bound":{"alias":["data.validator.bound"],"alternates":[]},"Ext.data.validator.Email":{"alias":["data.validator.email"],"alternates":[]},"Ext.data.validator.Exclusion":{"alias":["data.validator.exclusion"],"alternates":[]},"Ext.data.validator.Format":{"alias":["data.validator.format"],"alternates":[]},"Ext.data.validator.Inclusion":{"alias":["data.validator.inclusion"],"alternates":[]},"Ext.data.validator.Length":{"alias":["data.validator.length"],"alternates":[]},"Ext.data.validator.List":{"alias":["data.validator.list"],"alternates":[]},"Ext.data.validator.Presence":{"alias":["data.validator.presence"],"alternates":[]},"Ext.data.validator.Range":{"alias":["data.validator.range"],"alternates":[]},"Ext.data.validator.Validator":{"idx":149,"alias":["data.validator.base"],"alternates":[]},"Ext.data.writer.Json":{"idx":169,"alias":["writer.json"],"alternates":["Ext.data.JsonWriter"]},"Ext.data.writer.Writer":{"idx":161,"alias":["writer.base"],"alternates":["Ext.data.DataWriter","Ext.data.Writer"]},"Ext.data.writer.Xml":{"alias":["writer.xml"],"alternates":["Ext.data.XmlWriter"]},"Ext.dd.DD":{"idx":255,"alias":[],"alternates":[]},"Ext.dd.DDProxy":{"idx":256,"alias":[],"alternates":[]},"Ext.dd.DDTarget":{"idx":276,"alias":[],"alternates":[]},"Ext.dd.DragDrop":{"idx":254,"alias":[],"alternates":[]},"Ext.dd.DragDropManager":{"idx":247,"alias":[],"alternates":["Ext.dd.DragDropMgr","Ext.dd.DDM"]},"Ext.dd.DragSource":{"idx":258,"alias":[],"alternates":[]},"Ext.dd.DragTracker":{"idx":275,"alias":[],"alternates":[]},"Ext.dd.DragZone":{"alias":[],"alternates":[]},"Ext.dd.DropTarget":{"alias":[],"alternates":[]},"Ext.dd.DropZone":{"alias":[],"alternates":[]},"Ext.dd.Registry":{"alias":[],"alternates":[]},"Ext.dd.ScrollManager":{"alias":[],"alternates":[]},"Ext.dd.StatusProxy":{"idx":257,"alias":[],"alternates":[]},"Ext.direct.Event":{"alias":["direct.event"],"alternates":[]},"Ext.direct.ExceptionEvent":{"alias":["direct.exception"],"alternates":[]},"Ext.direct.JsonProvider":{"alias":["direct.jsonprovider"],"alternates":[]},"Ext.direct.Manager":{"alias":[],"alternates":[]},"Ext.direct.PollingProvider":{"alias":["direct.pollingprovider"],"alternates":[]},"Ext.direct.Provider":{"alias":["direct.provider"],"alternates":[]},"Ext.direct.RemotingEvent":{"alias":["direct.rpc"],"alternates":[]},"Ext.direct.RemotingMethod":{"alias":[],"alternates":[]},"Ext.direct.RemotingProvider":{"alias":["direct.remotingprovider"],"alternates":[]},"Ext.direct.Transaction":{"alias":["direct.transaction"],"alternates":["Ext.Direct.Transaction"]},"Ext.dom.ButtonElement":{"idx":240,"alias":[],"alternates":[]},"Ext.dom.CompositeElement":{"idx":81,"alias":[],"alternates":["Ext.CompositeElement"]},"Ext.dom.CompositeElementLite":{"idx":44,"alias":[],"alternates":["Ext.CompositeElementLite"]},"Ext.dom.Element":{"idx":41,"alias":[],"alternates":["Ext.Element"]},"Ext.dom.Fly":{"idx":43,"alias":[],"alternates":["Ext.dom.Element.Fly"]},"Ext.dom.GarbageCollector":{"idx":71,"alias":[],"alternates":[]},"Ext.dom.Helper":{"idx":183,"alias":[],"alternates":["Ext.DomHelper","Ext.core.DomHelper"]},"Ext.dom.Layer":{"idx":283,"alias":[],"alternates":["Ext.Layer"]},"Ext.dom.Query":{"alias":[],"alternates":["Ext.core.DomQuery","Ext.DomQuery"]},"Ext.event.Controller":{"idx":24,"alias":[],"alternates":[]},"Ext.event.Dispatcher":{"idx":25,"alias":[],"alternates":[]},"Ext.event.Event":{"idx":107,"alias":[],"alternates":["Ext.EventObjectImpl"]},"Ext.event.ListenerStack":{"idx":23,"alias":[],"alternates":[]},"Ext.event.gesture.DoubleTap":{"idx":93,"alias":[],"alternates":[]},"Ext.event.gesture.Drag":{"idx":95,"alias":[],"alternates":[]},"Ext.event.gesture.EdgeSwipe":{"idx":97,"alias":[],"alternates":[]},"Ext.event.gesture.LongPress":{"idx":98,"alias":[],"alternates":[]},"Ext.event.gesture.MultiTouch":{"idx":99,"alias":[],"alternates":[]},"Ext.event.gesture.Pinch":{"idx":100,"alias":[],"alternates":[]},"Ext.event.gesture.Recognizer":{"idx":91,"alias":[],"alternates":[]},"Ext.event.gesture.Rotate":{"idx":101,"alias":[],"alternates":[]},"Ext.event.gesture.SingleTouch":{"idx":92,"alias":[],"alternates":[]},"Ext.event.gesture.Swipe":{"idx":96,"alias":[],"alternates":[]},"Ext.event.gesture.Tap":{"idx":102,"alias":[],"alternates":[]},"Ext.event.publisher.Dom":{"idx":108,"alias":[],"alternates":[]},"Ext.event.publisher.ElementPaint":{"alias":[],"alternates":[]},"Ext.event.publisher.ElementSize":{"alias":[],"alternates":[]},"Ext.event.publisher.Focus":{"idx":113,"alias":[],"alternates":[]},"Ext.event.publisher.Gesture":{"idx":111,"alias":[],"alternates":["Ext.event.publisher.TouchGesture"]},"Ext.event.publisher.Publisher":{"idx":103,"alias":[],"alternates":[]},"Ext.flash.Component":{"alias":["widget.flash"],"alternates":["Ext.FlashComponent"]},"Ext.form.Basic":{"alias":[],"alternates":["Ext.form.BasicForm"]},"Ext.form.CheckboxGroup":{"alias":["widget.checkboxgroup"],"alternates":[]},"Ext.form.CheckboxManager":{"alias":[],"alternates":[]},"Ext.form.FieldAncestor":{"alias":[],"alternates":[]},"Ext.form.FieldContainer":{"alias":["widget.fieldcontainer"],"alternates":[]},"Ext.form.FieldSet":{"alias":["widget.fieldset"],"alternates":[]},"Ext.form.Label":{"alias":["widget.label"],"alternates":[]},"Ext.form.Labelable":{"alias":[],"alternates":[]},"Ext.form.Panel":{"alias":["widget.form"],"alternates":["Ext.FormPanel","Ext.form.FormPanel"]},"Ext.form.RadioGroup":{"alias":["widget.radiogroup"],"alternates":[]},"Ext.form.RadioManager":{"alias":[],"alternates":[]},"Ext.form.action.Action":{"alias":[],"alternates":["Ext.form.Action"]},"Ext.form.action.DirectLoad":{"alias":["formaction.directload"],"alternates":["Ext.form.Action.DirectLoad"]},"Ext.form.action.DirectSubmit":{"alias":["formaction.directsubmit"],"alternates":["Ext.form.Action.DirectSubmit"]},"Ext.form.action.Load":{"alias":["formaction.load"],"alternates":["Ext.form.Action.Load"]},"Ext.form.action.StandardSubmit":{"alias":["formaction.standardsubmit"],"alternates":[]},"Ext.form.action.Submit":{"alias":["formaction.submit"],"alternates":["Ext.form.Action.Submit"]},"Ext.form.field.Base":{"alias":["widget.field"],"alternates":["Ext.form.Field","Ext.form.BaseField"]},"Ext.form.field.Checkbox":{"alias":["widget.checkbox","widget.checkboxfield"],"alternates":["Ext.form.Checkbox"]},"Ext.form.field.ComboBox":{"alias":["widget.combo","widget.combobox"],"alternates":["Ext.form.ComboBox"]},"Ext.form.field.Date":{"alias":["widget.datefield"],"alternates":["Ext.form.DateField","Ext.form.Date"]},"Ext.form.field.Display":{"alias":["widget.displayfield"],"alternates":["Ext.form.DisplayField","Ext.form.Display"]},"Ext.form.field.Field":{"alias":[],"alternates":[]},"Ext.form.field.File":{"alias":["widget.filefield","widget.fileuploadfield"],"alternates":["Ext.form.FileUploadField","Ext.ux.form.FileUploadField","Ext.form.File"]},"Ext.form.field.FileButton":{"alias":["widget.filebutton"],"alternates":[]},"Ext.form.field.Hidden":{"alias":["widget.hidden","widget.hiddenfield"],"alternates":["Ext.form.Hidden"]},"Ext.form.field.HtmlEditor":{"alias":["widget.htmleditor"],"alternates":["Ext.form.HtmlEditor"]},"Ext.form.field.Number":{"alias":["widget.numberfield"],"alternates":["Ext.form.NumberField","Ext.form.Number"]},"Ext.form.field.Picker":{"alias":["widget.pickerfield"],"alternates":["Ext.form.Picker"]},"Ext.form.field.Radio":{"alias":["widget.radio","widget.radiofield"],"alternates":["Ext.form.Radio"]},"Ext.form.field.Spinner":{"alias":["widget.spinnerfield"],"alternates":["Ext.form.Spinner"]},"Ext.form.field.Tag":{"alias":["widget.tagfield"],"alternates":[]},"Ext.form.field.Text":{"alias":["widget.textfield"],"alternates":["Ext.form.TextField","Ext.form.Text"]},"Ext.form.field.TextArea":{"alias":["widget.textarea","widget.textareafield"],"alternates":["Ext.form.TextArea"]},"Ext.form.field.Time":{"alias":["widget.timefield"],"alternates":["Ext.form.TimeField","Ext.form.Time"]},"Ext.form.field.Trigger":{"alias":["widget.trigger","widget.triggerfield"],"alternates":["Ext.form.TriggerField","Ext.form.TwinTriggerField","Ext.form.Trigger"]},"Ext.form.field.VTypes":{"alias":[],"alternates":["Ext.form.VTypes"]},"Ext.form.trigger.Component":{"alias":["trigger.component"],"alternates":[]},"Ext.form.trigger.Spinner":{"alias":["trigger.spinner"],"alternates":[]},"Ext.form.trigger.Trigger":{"alias":["trigger.trigger"],"alternates":[]},"Ext.fx.Anim":{"idx":69,"alias":[],"alternates":[]},"Ext.fx.Animation":{"alias":[],"alternates":[]},"Ext.fx.Animator":{"idx":64,"alias":[],"alternates":[]},"Ext.fx.CubicBezier":{"idx":65,"alias":[],"alternates":[]},"Ext.fx.DrawPath":{"idx":67,"alias":[],"alternates":[]},"Ext.fx.Easing":{"idx":66,"alias":[],"alternates":[]},"Ext.fx.Manager":{"idx":63,"alias":[],"alternates":[]},"Ext.fx.PropertyHandler":{"idx":68,"alias":[],"alternates":[]},"Ext.fx.Queue":{"idx":62,"alias":[],"alternates":[]},"Ext.fx.Runner":{"alias":[],"alternates":[]},"Ext.fx.State":{"alias":[],"alternates":[]},"Ext.fx.animation.Abstract":{"alias":[],"alternates":[]},"Ext.fx.animation.Cube":{"alias":["animation.cube"],"alternates":[]},"Ext.fx.animation.Fade":{"alias":["animation.fade","animation.fadeIn"],"alternates":["Ext.fx.animation.FadeIn"]},"Ext.fx.animation.FadeOut":{"alias":["animation.fadeOut"],"alternates":[]},"Ext.fx.animation.Flip":{"alias":["animation.flip"],"alternates":[]},"Ext.fx.animation.Pop":{"alias":["animation.pop","animation.popIn"],"alternates":["Ext.fx.animation.PopIn"]},"Ext.fx.animation.PopOut":{"alias":["animation.popOut"],"alternates":[]},"Ext.fx.animation.Slide":{"alias":["animation.slide","animation.slideIn"],"alternates":["Ext.fx.animation.SlideIn"]},"Ext.fx.animation.SlideOut":{"alias":["animation.slideOut"],"alternates":[]},"Ext.fx.animation.Wipe":{"alias":[],"alternates":["Ext.fx.animation.WipeIn"]},"Ext.fx.animation.WipeOut":{"alias":[],"alternates":[]},"Ext.fx.easing.Abstract":{"idx":185,"alias":[],"alternates":[]},"Ext.fx.easing.Bounce":{"idx":186,"alias":[],"alternates":[]},"Ext.fx.easing.BoundMomentum":{"idx":188,"alias":[],"alternates":[]},"Ext.fx.easing.EaseIn":{"alias":["easing.ease-in"],"alternates":[]},"Ext.fx.easing.EaseOut":{"idx":190,"alias":["easing.ease-out"],"alternates":[]},"Ext.fx.easing.Easing":{"alias":[],"alternates":[]},"Ext.fx.easing.Linear":{"idx":189,"alias":["easing.linear"],"alternates":[]},"Ext.fx.easing.Momentum":{"idx":187,"alias":[],"alternates":[]},"Ext.fx.layout.Card":{"alias":[],"alternates":[]},"Ext.fx.layout.card.Abstract":{"alias":[],"alternates":[]},"Ext.fx.layout.card.Cover":{"alias":["fx.layout.card.cover"],"alternates":[]},"Ext.fx.layout.card.Cube":{"alias":["fx.layout.card.cube"],"alternates":[]},"Ext.fx.layout.card.Fade":{"alias":["fx.layout.card.fade"],"alternates":[]},"Ext.fx.layout.card.Flip":{"alias":["fx.layout.card.flip"],"alternates":[]},"Ext.fx.layout.card.Pop":{"alias":["fx.layout.card.pop"],"alternates":[]},"Ext.fx.layout.card.Reveal":{"alias":["fx.layout.card.reveal"],"alternates":[]},"Ext.fx.layout.card.Scroll":{"alias":["fx.layout.card.scroll"],"alternates":[]},"Ext.fx.layout.card.ScrollCover":{"alias":["fx.layout.card.scrollcover"],"alternates":[]},"Ext.fx.layout.card.ScrollReveal":{"alias":["fx.layout.card.scrollreveal"],"alternates":[]},"Ext.fx.layout.card.Slide":{"alias":["fx.layout.card.slide"],"alternates":[]},"Ext.fx.layout.card.Style":{"alias":[],"alternates":[]},"Ext.fx.runner.Css":{"alias":[],"alternates":[]},"Ext.fx.runner.CssAnimation":{"alias":[],"alternates":[]},"Ext.fx.runner.CssTransition":{"alias":[],"alternates":[]},"Ext.fx.target.Component":{"idx":61,"alias":[],"alternates":[]},"Ext.fx.target.CompositeElement":{"idx":57,"alias":[],"alternates":[]},"Ext.fx.target.CompositeElementCSS":{"idx":58,"alias":[],"alternates":[]},"Ext.fx.target.CompositeSprite":{"idx":60,"alias":[],"alternates":[]},"Ext.fx.target.Element":{"idx":55,"alias":[],"alternates":[]},"Ext.fx.target.ElementCSS":{"idx":56,"alias":[],"alternates":[]},"Ext.fx.target.Sprite":{"idx":59,"alias":[],"alternates":[]},"Ext.fx.target.Target":{"idx":54,"alias":[],"alternates":[]},"Ext.grid.CellContext":{"alias":[],"alternates":[]},"Ext.grid.CellEditor":{"alias":[],"alternates":[]},"Ext.grid.ColumnComponentLayout":{"alias":["layout.columncomponent"],"alternates":[]},"Ext.grid.ColumnLayout":{"alias":["layout.gridcolumn"],"alternates":[]},"Ext.grid.ColumnManager":{"alias":[],"alternates":["Ext.grid.ColumnModel"]},"Ext.grid.NavigationModel":{"alias":["view.navigation.grid"],"alternates":[]},"Ext.grid.Panel":{"alias":["widget.grid","widget.gridpanel"],"alternates":["Ext.list.ListView","Ext.ListView","Ext.grid.GridPanel"]},"Ext.grid.RowEditor":{"alias":["widget.roweditor"],"alternates":[]},"Ext.grid.RowEditorButtons":{"alias":["widget.roweditorbuttons"],"alternates":[]},"Ext.grid.Scroller":{"alias":[],"alternates":[]},"Ext.grid.View":{"alias":["widget.gridview"],"alternates":[]},"Ext.grid.ViewDropZone":{"alias":[],"alternates":[]},"Ext.grid.column.Action":{"alias":["widget.actioncolumn"],"alternates":["Ext.grid.ActionColumn"]},"Ext.grid.column.Boolean":{"alias":["widget.booleancolumn"],"alternates":["Ext.grid.BooleanColumn"]},"Ext.grid.column.Check":{"alias":["widget.checkcolumn"],"alternates":["Ext.ux.CheckColumn","Ext.grid.column.CheckColumn"]},"Ext.grid.column.Column":{"alias":["widget.gridcolumn"],"alternates":["Ext.grid.Column"]},"Ext.grid.column.Date":{"alias":["widget.datecolumn"],"alternates":["Ext.grid.DateColumn"]},"Ext.grid.column.Number":{"alias":["widget.numbercolumn"],"alternates":["Ext.grid.NumberColumn"]},"Ext.grid.column.RowNumberer":{"alias":["widget.rownumberer"],"alternates":["Ext.grid.RowNumberer"]},"Ext.grid.column.Template":{"alias":["widget.templatecolumn"],"alternates":["Ext.grid.TemplateColumn"]},"Ext.grid.column.Widget":{"alias":["widget.widgetcolumn"],"alternates":[]},"Ext.grid.feature.AbstractSummary":{"alias":["feature.abstractsummary"],"alternates":[]},"Ext.grid.feature.Feature":{"alias":["feature.feature"],"alternates":[]},"Ext.grid.feature.GroupStore":{"alias":[],"alternates":[]},"Ext.grid.feature.Grouping":{"alias":["feature.grouping"],"alternates":[]},"Ext.grid.feature.GroupingSummary":{"alias":["feature.groupingsummary"],"alternates":[]},"Ext.grid.feature.RowBody":{"alias":["feature.rowbody"],"alternates":[]},"Ext.grid.feature.Summary":{"alias":["feature.summary"],"alternates":[]},"Ext.grid.filters.Filters":{"alias":["plugin.gridfilters"],"alternates":[]},"Ext.grid.filters.filter.Base":{"alias":[],"alternates":[]},"Ext.grid.filters.filter.Boolean":{"alias":["grid.filter.boolean"],"alternates":[]},"Ext.grid.filters.filter.Date":{"alias":["grid.filter.date"],"alternates":[]},"Ext.grid.filters.filter.List":{"alias":["grid.filter.list"],"alternates":[]},"Ext.grid.filters.filter.Number":{"alias":["grid.filter.number","grid.filter.numeric"],"alternates":[]},"Ext.grid.filters.filter.SingleFilter":{"alias":[],"alternates":[]},"Ext.grid.filters.filter.String":{"alias":["grid.filter.string"],"alternates":[]},"Ext.grid.filters.filter.TriFilter":{"alias":[],"alternates":[]},"Ext.grid.header.Container":{"alias":["widget.headercontainer"],"alternates":[]},"Ext.grid.header.DragZone":{"alias":[],"alternates":[]},"Ext.grid.header.DropZone":{"alias":[],"alternates":[]},"Ext.grid.locking.HeaderContainer":{"alias":[],"alternates":[]},"Ext.grid.locking.Lockable":{"alias":[],"alternates":["Ext.grid.Lockable"]},"Ext.grid.locking.View":{"alias":[],"alternates":["Ext.grid.LockingView"]},"Ext.grid.plugin.BufferedRenderer":{"alias":["plugin.bufferedrenderer"],"alternates":[]},"Ext.grid.plugin.CellEditing":{"alias":["plugin.cellediting"],"alternates":[]},"Ext.grid.plugin.DragDrop":{"alias":["plugin.gridviewdragdrop"],"alternates":[]},"Ext.grid.plugin.Editing":{"alias":["editing.editing"],"alternates":[]},"Ext.grid.plugin.HeaderReorderer":{"alias":["plugin.gridheaderreorderer"],"alternates":[]},"Ext.grid.plugin.HeaderResizer":{"alias":["plugin.gridheaderresizer"],"alternates":[]},"Ext.grid.plugin.RowEditing":{"alias":["plugin.rowediting"],"alternates":[]},"Ext.grid.plugin.RowExpander":{"alias":["plugin.rowexpander"],"alternates":[]},"Ext.grid.property.Grid":{"alias":["widget.propertygrid"],"alternates":["Ext.grid.PropertyGrid"]},"Ext.grid.property.HeaderContainer":{"alias":[],"alternates":["Ext.grid.PropertyColumnModel"]},"Ext.grid.property.Property":{"alias":[],"alternates":["Ext.PropGridProperty"]},"Ext.grid.property.Reader":{"alias":[],"alternates":[]},"Ext.grid.property.Store":{"alias":[],"alternates":["Ext.grid.PropertyStore"]},"Ext.layout.ClassList":{"idx":292,"alias":[],"alternates":[]},"Ext.layout.Context":{"idx":295,"alias":[],"alternates":[]},"Ext.layout.ContextItem":{"idx":294,"alias":[],"alternates":[]},"Ext.layout.Layout":{"idx":207,"alias":[],"alternates":[]},"Ext.layout.SizeModel":{"idx":206,"alias":[],"alternates":[]},"Ext.layout.component.Auto":{"idx":217,"alias":["layout.autocomponent"],"alternates":[]},"Ext.layout.component.Body":{"alias":["layout.body"],"alternates":[]},"Ext.layout.component.BoundList":{"alias":["layout.boundlist"],"alternates":[]},"Ext.layout.component.Component":{"idx":216,"alias":[],"alternates":[]},"Ext.layout.component.Dock":{"idx":261,"alias":["layout.dock"],"alternates":["Ext.layout.component.AbstractDock"]},"Ext.layout.component.FieldSet":{"alias":["layout.fieldset"],"alternates":[]},"Ext.layout.component.ProgressBar":{"alias":["layout.progressbar"],"alternates":[]},"Ext.layout.component.field.FieldContainer":{"alias":["layout.fieldcontainer"],"alternates":[]},"Ext.layout.component.field.HtmlEditor":{"alias":["layout.htmleditor"],"alternates":[]},"Ext.layout.container.Absolute":{"alias":["layout.absolute"],"alternates":["Ext.layout.AbsoluteLayout"]},"Ext.layout.container.Accordion":{"alias":["layout.accordion"],"alternates":["Ext.layout.AccordionLayout"]},"Ext.layout.container.Anchor":{"alias":["layout.anchor"],"alternates":["Ext.layout.AnchorLayout"]},"Ext.layout.container.Auto":{"idx":209,"alias":["layout.auto","layout.autocontainer"],"alternates":[]},"Ext.layout.container.Border":{"alias":["layout.border"],"alternates":["Ext.layout.BorderLayout"]},"Ext.layout.container.Box":{"idx":249,"alias":["layout.box"],"alternates":["Ext.layout.BoxLayout"]},"Ext.layout.container.Card":{"alias":["layout.card"],"alternates":["Ext.layout.CardLayout"]},"Ext.layout.container.Center":{"alias":["layout.center","layout.ux.center"],"alternates":["Ext.ux.layout.Center"]},"Ext.layout.container.CheckboxGroup":{"alias":["layout.checkboxgroup"],"alternates":[]},"Ext.layout.container.Column":{"alias":["layout.column"],"alternates":["Ext.layout.ColumnLayout"]},"Ext.layout.container.ColumnSplitter":{"alias":["widget.columnsplitter"],"alternates":[]},"Ext.layout.container.ColumnSplitterTracker":{"alias":[],"alternates":[]},"Ext.layout.container.Container":{"idx":208,"alias":["layout.container"],"alternates":["Ext.layout.ContainerLayout"]},"Ext.layout.container.Dashboard":{"alias":["layout.dashboard"],"alternates":[]},"Ext.layout.container.Editor":{"alias":["layout.editor"],"alternates":[]},"Ext.layout.container.Fit":{"alias":["layout.fit"],"alternates":["Ext.layout.FitLayout"]},"Ext.layout.container.Form":{"alias":["layout.form"],"alternates":["Ext.layout.FormLayout"]},"Ext.layout.container.HBox":{"idx":250,"alias":["layout.hbox"],"alternates":["Ext.layout.HBoxLayout"]},"Ext.layout.container.SegmentedButton":{"alias":["layout.segmentedbutton"],"alternates":[]},"Ext.layout.container.Table":{"alias":["layout.table"],"alternates":["Ext.layout.TableLayout"]},"Ext.layout.container.VBox":{"idx":251,"alias":["layout.vbox"],"alternates":["Ext.layout.VBoxLayout"]},"Ext.layout.container.border.Region":{"alias":[],"alternates":[]},"Ext.layout.container.boxOverflow.Menu":{"idx":245,"alias":["box.overflow.Menu","box.overflow.menu"],"alternates":["Ext.layout.boxOverflow.Menu"]},"Ext.layout.container.boxOverflow.None":{"idx":237,"alias":["box.overflow.None","box.overflow.none"],"alternates":["Ext.layout.boxOverflow.None"]},"Ext.layout.container.boxOverflow.Scroller":{"idx":246,"alias":["box.overflow.Scroller","box.overflow.scroller"],"alternates":["Ext.layout.boxOverflow.Scroller"]},"Ext.menu.CheckItem":{"idx":286,"alias":["widget.menucheckitem"],"alternates":[]},"Ext.menu.ColorPicker":{"alias":["widget.colormenu"],"alternates":[]},"Ext.menu.DatePicker":{"alias":["widget.datemenu"],"alternates":[]},"Ext.menu.Item":{"idx":285,"alias":["widget.menuitem"],"alternates":["Ext.menu.TextItem"]},"Ext.menu.KeyNav":{"idx":287,"alias":[],"alternates":[]},"Ext.menu.Manager":{"idx":242,"alias":[],"alternates":["Ext.menu.MenuMgr"]},"Ext.menu.Menu":{"idx":289,"alias":["widget.menu"],"alternates":[]},"Ext.menu.Separator":{"idx":288,"alias":["widget.menuseparator"],"alternates":[]},"Ext.mixin.Bindable":{"idx":78,"alias":[],"alternates":[]},"Ext.mixin.Factoryable":{"idx":118,"alias":[],"alternates":[]},"Ext.mixin.Hookable":{"alias":[],"alternates":[]},"Ext.mixin.Identifiable":{"idx":27,"alias":[],"alternates":[]},"Ext.mixin.Inheritable":{"idx":77,"alias":[],"alternates":[]},"Ext.mixin.Mashup":{"alias":[],"alternates":[]},"Ext.mixin.Observable":{"idx":28,"alias":[],"alternates":[]},"Ext.mixin.Queryable":{"idx":181,"alias":[],"alternates":[]},"Ext.mixin.Responsive":{"idx":191,"alias":[],"alternates":[]},"Ext.mixin.Selectable":{"alias":[],"alternates":[]},"Ext.mixin.Templatable":{"alias":[],"alternates":[]},"Ext.mixin.Traversable":{"alias":[],"alternates":[]},"Ext.overrides.GlobalEvents":{"idx":73,"alias":[],"alternates":[]},"Ext.overrides.Widget":{"idx":90,"alias":[],"alternates":[]},"Ext.overrides.app.Application":{"idx":274,"alias":[],"alternates":[]},"Ext.overrides.dom.Element":{"idx":72,"alias":[],"alternates":[]},"Ext.overrides.dom.Helper":{"idx":184,"alias":[],"alternates":[]},"Ext.overrides.event.Event":{"idx":109,"alias":[],"alternates":[]},"Ext.overrides.event.publisher.Dom":{"idx":110,"alias":[],"alternates":[]},"Ext.overrides.event.publisher.Gesture":{"idx":112,"alias":[],"alternates":[]},"Ext.overrides.util.Positionable":{"idx":40,"alias":[],"alternates":[]},"Ext.panel.Bar":{"idx":232,"alias":[],"alternates":[]},"Ext.panel.DD":{"idx":260,"alias":[],"alternates":[]},"Ext.panel.Header":{"idx":235,"alias":["widget.header"],"alternates":[]},"Ext.panel.Panel":{"idx":264,"alias":["widget.panel"],"alternates":["Ext.Panel"]},"Ext.panel.Pinnable":{"alias":[],"alternates":[]},"Ext.panel.Proxy":{"idx":259,"alias":[],"alternates":["Ext.dd.PanelProxy"]},"Ext.panel.Table":{"alias":["widget.tablepanel"],"alternates":[]},"Ext.panel.Title":{"idx":233,"alias":["widget.title"],"alternates":[]},"Ext.panel.Tool":{"idx":234,"alias":["widget.tool"],"alternates":[]},"Ext.perf.Accumulator":{"idx":192,"alias":[],"alternates":[]},"Ext.perf.Monitor":{"idx":193,"alias":[],"alternates":["Ext.Perf"]},"Ext.picker.Color":{"alias":["widget.colorpicker"],"alternates":["Ext.ColorPalette"]},"Ext.picker.Date":{"alias":["widget.datepicker"],"alternates":["Ext.DatePicker"]},"Ext.picker.Month":{"alias":["widget.monthpicker"],"alternates":["Ext.MonthPicker"]},"Ext.picker.Time":{"alias":["widget.timepicker"],"alternates":[]},"Ext.plugin.Abstract":{"alias":[],"alternates":["Ext.AbstractPlugin"]},"Ext.plugin.Manager":{"idx":296,"alias":[],"alternates":["Ext.PluginManager","Ext.PluginMgr"]},"Ext.plugin.Responsive":{"idx":279,"alias":["plugin.responsive"],"alternates":[]},"Ext.plugin.Viewport":{"idx":280,"alias":["plugin.viewport"],"alternates":[]},"Ext.resizer.BorderSplitter":{"alias":["widget.bordersplitter"],"alternates":[]},"Ext.resizer.BorderSplitterTracker":{"alias":[],"alternates":[]},"Ext.resizer.Handle":{"alias":[],"alternates":[]},"Ext.resizer.ResizeTracker":{"idx":297,"alias":[],"alternates":[]},"Ext.resizer.Resizer":{"idx":298,"alias":[],"alternates":["Ext.Resizable"]},"Ext.resizer.Splitter":{"idx":248,"alias":["widget.splitter"],"alternates":[]},"Ext.resizer.SplitterTracker":{"idx":282,"alias":[],"alternates":[]},"Ext.rtl.Component":{"alias":[],"alternates":[]},"Ext.rtl.button.Button":{"alias":[],"alternates":[]},"Ext.rtl.button.Segmented":{"alias":[],"alternates":[]},"Ext.rtl.dd.DD":{"alias":[],"alternates":[]},"Ext.rtl.dom.Element":{"alias":[],"alternates":[]},"Ext.rtl.dom.Layer":{"alias":[],"alternates":[]},"Ext.rtl.event.Event":{"alias":[],"alternates":[]},"Ext.rtl.form.Labelable":{"alias":[],"alternates":[]},"Ext.rtl.form.field.File":{"alias":[],"alternates":[]},"Ext.rtl.form.field.FileButton":{"alias":[],"alternates":[]},"Ext.rtl.grid.CellEditor":{"alias":[],"alternates":[]},"Ext.rtl.grid.ColumnLayout":{"alias":[],"alternates":[]},"Ext.rtl.grid.NavigationModel":{"alias":[],"alternates":[]},"Ext.rtl.grid.RowEditor":{"alias":[],"alternates":[]},"Ext.rtl.grid.column.Column":{"alias":[],"alternates":[]},"Ext.rtl.grid.feature.Summary":{"alias":[],"alternates":[]},"Ext.rtl.grid.plugin.HeaderResizer":{"alias":[],"alternates":[]},"Ext.rtl.grid.plugin.RowEditing":{"alias":[],"alternates":[]},"Ext.rtl.layout.ContextItem":{"alias":[],"alternates":[]},"Ext.rtl.layout.component.Dock":{"alias":[],"alternates":[]},"Ext.rtl.layout.container.Absolute":{"alias":[],"alternates":[]},"Ext.rtl.layout.container.Border":{"alias":[],"alternates":[]},"Ext.rtl.layout.container.Box":{"alias":[],"alternates":[]},"Ext.rtl.layout.container.Column":{"alias":[],"alternates":[]},"Ext.rtl.layout.container.HBox":{"alias":[],"alternates":[]},"Ext.rtl.layout.container.VBox":{"alias":[],"alternates":[]},"Ext.rtl.layout.container.boxOverflow.Menu":{"alias":[],"alternates":[]},"Ext.rtl.layout.container.boxOverflow.Scroller":{"alias":[],"alternates":[]},"Ext.rtl.panel.Bar":{"alias":[],"alternates":[]},"Ext.rtl.panel.Panel":{"alias":[],"alternates":[]},"Ext.rtl.panel.Title":{"alias":[],"alternates":[]},"Ext.rtl.resizer.BorderSplitterTracker":{"alias":[],"alternates":[]},"Ext.rtl.resizer.ResizeTracker":{"alias":[],"alternates":[]},"Ext.rtl.resizer.SplitterTracker":{"alias":[],"alternates":[]},"Ext.rtl.scroll.Manager":{"alias":[],"alternates":[]},"Ext.rtl.scroll.Scroller":{"alias":[],"alternates":[]},"Ext.rtl.selection.CellModel":{"alias":[],"alternates":[]},"Ext.rtl.selection.TreeModel":{"alias":[],"alternates":[]},"Ext.rtl.slider.Multi":{"alias":[],"alternates":[]},"Ext.rtl.tab.Bar":{"alias":[],"alternates":[]},"Ext.rtl.tip.QuickTipManager":{"alias":[],"alternates":[]},"Ext.rtl.tree.Column":{"alias":[],"alternates":[]},"Ext.rtl.util.Floating":{"alias":[],"alternates":[]},"Ext.rtl.util.FocusableContainer":{"alias":[],"alternates":[]},"Ext.rtl.util.Renderable":{"alias":[],"alternates":[]},"Ext.rtl.view.NavigationModel":{"alias":[],"alternates":[]},"Ext.rtl.view.Table":{"alias":[],"alternates":[]},"Ext.scroll.Indicator":{"idx":299,"alias":[],"alternates":[]},"Ext.scroll.Manager":{"idx":300,"alias":[],"alternates":[]},"Ext.scroll.Scroller":{"idx":201,"alias":[],"alternates":[]},"Ext.selection.CellModel":{"alias":["selection.cellmodel"],"alternates":[]},"Ext.selection.CheckboxModel":{"alias":["selection.checkboxmodel"],"alternates":[]},"Ext.selection.DataViewModel":{"alias":[],"alternates":[]},"Ext.selection.Model":{"alias":[],"alternates":["Ext.AbstractSelectionModel"]},"Ext.selection.RowModel":{"alias":["selection.rowmodel"],"alternates":[]},"Ext.selection.TreeModel":{"alias":["selection.treemodel"],"alternates":[]},"Ext.slider.Multi":{"alias":["widget.multislider"],"alternates":["Ext.slider.MultiSlider"]},"Ext.slider.Single":{"alias":["widget.slider","widget.sliderfield"],"alternates":["Ext.Slider","Ext.form.SliderField","Ext.slider.SingleSlider","Ext.slider.Slider"]},"Ext.slider.Thumb":{"alias":[],"alternates":[]},"Ext.slider.Tip":{"alias":["widget.slidertip"],"alternates":[]},"Ext.slider.Widget":{"alias":["widget.sliderwidget"],"alternates":[]},"Ext.sparkline.Bar":{"alias":["widget.sparklinebar"],"alternates":[]},"Ext.sparkline.BarBase":{"alias":[],"alternates":[]},"Ext.sparkline.Base":{"alias":[],"alternates":[]},"Ext.sparkline.Box":{"alias":["widget.sparklinebox"],"alternates":[]},"Ext.sparkline.Bullet":{"alias":["widget.sparklinebullet"],"alternates":[]},"Ext.sparkline.CanvasBase":{"alias":[],"alternates":[]},"Ext.sparkline.CanvasCanvas":{"alias":[],"alternates":[]},"Ext.sparkline.Discrete":{"alias":["widget.sparklinediscrete"],"alternates":[]},"Ext.sparkline.Line":{"alias":["widget.sparklineline"],"alternates":[]},"Ext.sparkline.Pie":{"alias":["widget.sparklinepie"],"alternates":[]},"Ext.sparkline.RangeMap":{"alias":[],"alternates":[]},"Ext.sparkline.Shape":{"alias":[],"alternates":[]},"Ext.sparkline.TriState":{"alias":["widget.sparklinetristate"],"alternates":[]},"Ext.sparkline.VmlCanvas":{"alias":[],"alternates":[]},"Ext.state.CookieProvider":{"alias":[],"alternates":[]},"Ext.state.LocalStorageProvider":{"alias":["state.localstorage"],"alternates":[]},"Ext.state.Manager":{"idx":85,"alias":[],"alternates":[]},"Ext.state.Provider":{"idx":84,"alias":[],"alternates":[]},"Ext.state.Stateful":{"idx":86,"alias":[],"alternates":[]},"Ext.tab.Bar":{"alias":["widget.tabbar"],"alternates":[]},"Ext.tab.Panel":{"alias":["widget.tabpanel"],"alternates":["Ext.TabPanel"]},"Ext.tab.Tab":{"alias":["widget.tab"],"alternates":[]},"Ext.tip.QuickTip":{"idx":267,"alias":["widget.quicktip"],"alternates":["Ext.QuickTip"]},"Ext.tip.QuickTipManager":{"idx":268,"alias":[],"alternates":["Ext.QuickTips"]},"Ext.tip.Tip":{"idx":265,"alias":["widget.tip"],"alternates":["Ext.Tip"]},"Ext.tip.ToolTip":{"idx":266,"alias":["widget.tooltip"],"alternates":["Ext.ToolTip"]},"Ext.toolbar.Breadcrumb":{"alias":["widget.breadcrumb"],"alternates":[]},"Ext.toolbar.Fill":{"idx":236,"alias":["widget.tbfill"],"alternates":["Ext.Toolbar.Fill"]},"Ext.toolbar.Item":{"idx":238,"alias":["widget.tbitem"],"alternates":["Ext.Toolbar.Item"]},"Ext.toolbar.Paging":{"alias":["widget.pagingtoolbar"],"alternates":["Ext.PagingToolbar"]},"Ext.toolbar.Separator":{"idx":239,"alias":["widget.tbseparator"],"alternates":["Ext.Toolbar.Separator"]},"Ext.toolbar.Spacer":{"alias":["widget.tbspacer"],"alternates":["Ext.Toolbar.Spacer"]},"Ext.toolbar.TextItem":{"idx":284,"alias":["widget.tbtext"],"alternates":["Ext.Toolbar.TextItem"]},"Ext.toolbar.Toolbar":{"idx":253,"alias":["widget.toolbar"],"alternates":["Ext.Toolbar"]},"Ext.tree.Column":{"alias":["widget.treecolumn"],"alternates":[]},"Ext.tree.NavigationModel":{"alias":["view.navigation.tree"],"alternates":[]},"Ext.tree.Panel":{"alias":["widget.treepanel"],"alternates":["Ext.tree.TreePanel","Ext.TreePanel"]},"Ext.tree.View":{"alias":["widget.treeview"],"alternates":[]},"Ext.tree.ViewDragZone":{"alias":[],"alternates":[]},"Ext.tree.ViewDropZone":{"alias":[],"alternates":[]},"Ext.tree.plugin.TreeViewDragDrop":{"alias":["plugin.treeviewdragdrop"],"alternates":[]},"Ext.util.AbstractMixedCollection":{"idx":49,"alias":[],"alternates":[]},"Ext.util.Animate":{"idx":70,"alias":[],"alternates":[]},"Ext.util.Base64":{"alias":[],"alternates":[]},"Ext.util.CSS":{"alias":[],"alternates":[]},"Ext.util.ClickRepeater":{"idx":243,"alias":[],"alternates":[]},"Ext.util.Collection":{"idx":121,"alias":[],"alternates":[]},"Ext.util.CollectionKey":{"idx":119,"alias":[],"alternates":[]},"Ext.util.ComponentDragger":{"idx":277,"alias":[],"alternates":[]},"Ext.util.Cookies":{"alias":[],"alternates":[]},"Ext.util.ElementContainer":{"idx":82,"alias":[],"alternates":[]},"Ext.util.Event":{"idx":47,"alias":[],"alternates":[]},"Ext.util.Filter":{"idx":45,"alias":[],"alternates":[]},"Ext.util.FilterCollection":{"idx":172,"alias":[],"alternates":[]},"Ext.util.Floating":{"idx":87,"alias":[],"alternates":[]},"Ext.util.Focusable":{"idx":88,"alias":[],"alternates":[]},"Ext.util.FocusableContainer":{"idx":252,"alias":[],"alternates":[]},"Ext.util.Format":{"idx":75,"alias":[],"alternates":[]},"Ext.util.Group":{"idx":170,"alias":[],"alternates":[]},"Ext.util.GroupCollection":{"idx":173,"alias":[],"alternates":[]},"Ext.util.Grouper":{"idx":120,"alias":[],"alternates":[]},"Ext.util.HashMap":{"idx":29,"alias":[],"alternates":[]},"Ext.util.History":{"idx":229,"alias":[],"alternates":["Ext.History"]},"Ext.util.Inflector":{"idx":128,"alias":[],"alternates":[]},"Ext.util.KeyMap":{"idx":212,"alias":[],"alternates":["Ext.KeyMap"]},"Ext.util.KeyNav":{"idx":213,"alias":[],"alternates":["Ext.KeyNav"]},"Ext.util.LocalStorage":{"alias":[],"alternates":[]},"Ext.util.LruCache":{"idx":36,"alias":[],"alternates":[]},"Ext.util.Memento":{"idx":262,"alias":[],"alternates":[]},"Ext.util.MixedCollection":{"idx":52,"alias":[],"alternates":[]},"Ext.util.ObjectTemplate":{"idx":122,"alias":[],"alternates":[]},"Ext.util.Observable":{"idx":48,"alias":[],"alternates":[]},"Ext.util.Offset":{"idx":104,"alias":[],"alternates":[]},"Ext.util.PaintMonitor":{"alias":[],"alternates":[]},"Ext.util.Point":{"idx":106,"alias":[],"alternates":[]},"Ext.util.Positionable":{"idx":39,"alias":[],"alternates":[]},"Ext.util.ProtoElement":{"idx":80,"alias":[],"alternates":[]},"Ext.util.Queue":{"idx":293,"alias":[],"alternates":[]},"Ext.util.Region":{"idx":105,"alias":[],"alternates":[]},"Ext.util.Renderable":{"idx":83,"alias":[],"alternates":[]},"Ext.util.Schedulable":{"alias":[],"alternates":[]},"Ext.util.Scheduler":{"alias":[],"alternates":[]},"Ext.util.SizeMonitor":{"alias":[],"alternates":[]},"Ext.util.Sortable":{"idx":51,"alias":[],"alternates":[]},"Ext.util.Sorter":{"idx":50,"alias":[],"alternates":[]},"Ext.util.SorterCollection":{"idx":171,"alias":[],"alternates":[]},"Ext.util.StoreHolder":{"idx":214,"alias":[],"alternates":[]},"Ext.util.TaskManager":{"idx":202,"alias":[],"alternates":["Ext.TaskManager"]},"Ext.util.TaskRunner":{"idx":53,"alias":[],"alternates":[]},"Ext.util.TextMetrics":{"idx":203,"alias":[],"alternates":[]},"Ext.util.Translatable":{"idx":200,"alias":[],"alternates":[]},"Ext.util.XTemplateCompiler":{"idx":116,"alias":[],"alternates":[]},"Ext.util.XTemplateParser":{"idx":115,"alias":[],"alternates":[]},"Ext.util.paintmonitor.Abstract":{"alias":[],"alternates":[]},"Ext.util.paintmonitor.CssAnimation":{"alias":[],"alternates":[]},"Ext.util.paintmonitor.OverflowChange":{"alias":[],"alternates":[]},"Ext.util.sizemonitor.Abstract":{"alias":[],"alternates":[]},"Ext.util.sizemonitor.Default":{"alias":[],"alternates":[]},"Ext.util.sizemonitor.OverflowChange":{"alias":[],"alternates":[]},"Ext.util.sizemonitor.Scroll":{"alias":[],"alternates":[]},"Ext.util.translatable.Abstract":{"idx":194,"alias":[],"alternates":[]},"Ext.util.translatable.CssPosition":{"idx":199,"alias":[],"alternates":[]},"Ext.util.translatable.CssTransform":{"idx":196,"alias":[],"alternates":[]},"Ext.util.translatable.Dom":{"idx":195,"alias":[],"alternates":[]},"Ext.util.translatable.ScrollParent":{"idx":198,"alias":[],"alternates":[]},"Ext.util.translatable.ScrollPosition":{"idx":197,"alias":[],"alternates":[]},"Ext.ux.BoxReorderer":{"alias":[],"alternates":[]},"Ext.ux.CellDragDrop":{"alias":["plugin.celldragdrop"],"alternates":[]},"Ext.ux.DataTip":{"alias":["plugin.datatip"],"alternates":[]},"Ext.ux.DataView.Animated":{"alias":[],"alternates":[]},"Ext.ux.DataView.DragSelector":{"alias":[],"alternates":[]},"Ext.ux.DataView.Draggable":{"alias":[],"alternates":[]},"Ext.ux.DataView.LabelEditor":{"alias":[],"alternates":[]},"Ext.ux.Explorer":{"alias":["widget.explorer"],"alternates":[]},"Ext.ux.FieldReplicator":{"alias":["plugin.fieldreplicator"],"alternates":[]},"Ext.ux.GMapPanel":{"alias":["widget.gmappanel"],"alternates":[]},"Ext.ux.GroupTabPanel":{"alias":["widget.grouptabpanel"],"alternates":[]},"Ext.ux.GroupTabRenderer":{"alias":["plugin.grouptabrenderer"],"alternates":[]},"Ext.ux.IFrame":{"alias":["widget.uxiframe"],"alternates":[]},"Ext.ux.LiveSearchGridPanel":{"alias":[],"alternates":[]},"Ext.ux.PreviewPlugin":{"alias":["plugin.preview"],"alternates":[]},"Ext.ux.ProgressBarPager":{"alias":[],"alternates":[]},"Ext.ux.RowExpander":{"alias":[],"alternates":[]},"Ext.ux.SlidingPager":{"alias":[],"alternates":[]},"Ext.ux.Spotlight":{"alias":[],"alternates":[]},"Ext.ux.TabCloseMenu":{"alias":["plugin.tabclosemenu"],"alternates":[]},"Ext.ux.TabReorderer":{"alias":["plugin.tabreorderer"],"alternates":[]},"Ext.ux.TabScrollerMenu":{"alias":["plugin.tabscrollermenu"],"alternates":[]},"Ext.ux.ToolbarDroppable":{"alias":[],"alternates":[]},"Ext.ux.TreePicker":{"alias":["widget.treepicker"],"alternates":[]},"Ext.ux.ajax.DataSimlet":{"alias":[],"alternates":[]},"Ext.ux.ajax.JsonSimlet":{"alias":["simlet.json"],"alternates":[]},"Ext.ux.ajax.SimManager":{"alias":[],"alternates":[]},"Ext.ux.ajax.SimXhr":{"alias":[],"alternates":[]},"Ext.ux.ajax.Simlet":{"alias":["simlet.basic"],"alternates":[]},"Ext.ux.ajax.XmlSimlet":{"alias":["simlet.xml"],"alternates":[]},"Ext.ux.dashboard.GoogleRssPart":{"alias":["part.google-rss"],"alternates":[]},"Ext.ux.dashboard.GoogleRssView":{"alias":[],"alternates":[]},"Ext.ux.data.PagingMemoryProxy":{"alias":["proxy.pagingmemory"],"alternates":["Ext.data.PagingMemoryProxy"]},"Ext.ux.dd.CellFieldDropZone":{"alias":[],"alternates":[]},"Ext.ux.dd.PanelFieldDragZone":{"alias":[],"alternates":[]},"Ext.ux.desktop.App":{"alias":[],"alternates":[]},"Ext.ux.desktop.Desktop":{"alias":["widget.desktop"],"alternates":[]},"Ext.ux.desktop.Module":{"alias":[],"alternates":[]},"Ext.ux.desktop.ShortcutModel":{"alias":[],"alternates":[]},"Ext.ux.desktop.StartMenu":{"alias":[],"alternates":[]},"Ext.ux.desktop.TaskBar":{"alias":["widget.taskbar"],"alternates":[]},"Ext.ux.desktop.TrayClock":{"alias":["widget.trayclock"],"alternates":[]},"Ext.ux.desktop.Video":{"alias":["widget.video"],"alternates":[]},"Ext.ux.desktop.Wallpaper":{"alias":["widget.wallpaper"],"alternates":[]},"Ext.ux.event.Driver":{"alias":[],"alternates":[]},"Ext.ux.event.Maker":{"alias":[],"alternates":[]},"Ext.ux.event.Player":{"alias":[],"alternates":[]},"Ext.ux.event.Recorder":{"alias":[],"alternates":[]},"Ext.ux.event.RecorderManager":{"alias":["widget.eventrecordermanager"],"alternates":[]},"Ext.ux.form.ItemSelector":{"alias":["widget.itemselector","widget.itemselectorfield"],"alternates":["Ext.ux.ItemSelector"]},"Ext.ux.form.MultiSelect":{"alias":["widget.multiselect","widget.multiselectfield"],"alternates":["Ext.ux.Multiselect"]},"Ext.ux.form.SearchField":{"alias":["widget.searchfield"],"alternates":[]},"Ext.ux.google.Api":{"alias":[],"alternates":[]},"Ext.ux.google.Feeds":{"alias":[],"alternates":[]},"Ext.ux.grid.SubTable":{"alias":["plugin.subtable"],"alternates":[]},"Ext.ux.grid.TransformGrid":{"alias":[],"alternates":[]},"Ext.ux.statusbar.StatusBar":{"alias":["widget.statusbar"],"alternates":["Ext.ux.StatusBar"]},"Ext.ux.statusbar.ValidationStatus":{"alias":[],"alternates":[]},"Ext.view.AbstractView":{"alias":[],"alternates":[]},"Ext.view.BoundList":{"alias":["widget.boundlist"],"alternates":["Ext.BoundList"]},"Ext.view.BoundListKeyNav":{"alias":["view.navigation.boundlist"],"alternates":[]},"Ext.view.DragZone":{"alias":[],"alternates":[]},"Ext.view.DropZone":{"alias":[],"alternates":[]},"Ext.view.MultiSelector":{"alias":["widget.multiselector"],"alternates":[]},"Ext.view.MultiSelectorSearch":{"alias":["widget.multiselector-search"],"alternates":[]},"Ext.view.NavigationModel":{"alias":["view.navigation.default"],"alternates":[]},"Ext.view.NodeCache":{"alias":[],"alternates":[]},"Ext.view.Table":{"alias":["widget.tableview"],"alternates":[]},"Ext.view.TableLayout":{"alias":["layout.tableview"],"alternates":[]},"Ext.view.View":{"alias":["widget.dataview"],"alternates":["Ext.DataView"]},"Ext.window.MessageBox":{"alias":["widget.messagebox"],"alternates":[]},"Ext.window.Toast":{"alias":["widget.toast"],"alternates":[]},"Ext.window.Window":{"alias":["widget.window"],"alternates":["Ext.Window"]},"ExtThemeNeptune.Component":{"idx":94,"alias":[],"alternates":[]},"ExtThemeNeptune.container.ButtonGroup":{"alias":[],"alternates":[]},"ExtThemeNeptune.form.field.HtmlEditor":{"alias":[],"alternates":[]},"ExtThemeNeptune.grid.RowEditor":{"alias":[],"alternates":[]},"ExtThemeNeptune.grid.column.RowNumberer":{"alias":[],"alternates":[]},"ExtThemeNeptune.layout.component.Dock":{"idx":272,"alias":[],"alternates":[]},"ExtThemeNeptune.menu.Menu":{"idx":291,"alias":[],"alternates":[]},"ExtThemeNeptune.menu.Separator":{"idx":290,"alias":[],"alternates":[]},"ExtThemeNeptune.panel.Panel":{"idx":273,"alias":[],"alternates":[]},"ExtThemeNeptune.panel.Table":{"alias":[],"alternates":[]},"ExtThemeNeptune.picker.Month":{"alias":[],"alternates":[]},"ExtThemeNeptune.resizer.Splitter":{"idx":270,"alias":[],"alternates":[]},"ExtThemeNeptune.toolbar.Paging":{"alias":[],"alternates":[]},"ExtThemeNeptune.toolbar.Toolbar":{"idx":271,"alias":[],"alternates":[]}},"packages":{"ext":{"creator":"Sencha","requires":["sencha-core","ext"],"type":"framework","version":"5.0.1.1255"},"ext-theme-base":{"creator":"Sencha","output":"${package.dir}/build","requires":["sencha-core","ext"],"slicer":{"js":[{"path":"${package.dir}/sass/example/render.js"},{"path":"${package.dir}/sass/example/shortcuts.js"},{"path":"${package.dir}/sass/example/manifest.js","isWidgetManifest":true}],"css":[{"path":"${package.dir}/sass/example/slicer.css"}]},"type":"theme","version":"5.0.0"},"ext-theme-neptune":{"creator":"Sencha","extend":"ext-theme-neutral","output":"${package.dir}/build","requires":["sencha-core","ext","ext-theme-base","ext-theme-neutral"],"slicer":{"js":[{"path":"${package.dir}/sass/example/custom.js","isWidgetManifest":true}]},"type":"theme","version":"5.0.0"},"ext-theme-neutral":{"creator":"Sencha","extend":"ext-theme-base","output":"${package.dir}/build","requires":["sencha-core","ext","ext-theme-base"],"slicer":{"js":[]},"type":"theme","version":"5.0.0"},"sencha-core":{"creator":"Sencha","output":"${package.dir}/build","requires":["sencha-core","ext"],"slicer":{"js":[]},"type":"code","version":"5.0.0"}},"name":"Ajax","classpath":"/Applications/XAMPP/xamppfiles/htdocs/SenchaTraining/ExtJS5x251/labsolutions/ajax/app","framework":"ext","theme":"ext-theme-neptune","requires":[],"sass":{"namespace":"Ajax"},"js":[{"path":"app.js"}],"css":[{"path":"bootstrap.css"}],"id":"ef96a6ba-ae9e-403c-9f66-f78ce30a9c04"}