{"paths":{"Ajax":"app","Ext":"../ext/src","Ext-more":"../ext/overrides/Ext-more.js","Ext.AbstractManager":"../ext/packages/sencha-core/src/AbstractManager.js","Ext.Ajax":"../ext/packages/sencha-core/src/Ajax.js","Ext.AnimationQueue":"../ext/packages/sencha-core/src/AnimationQueue.js","Ext.Array":"../ext/packages/sencha-core/src/lang/Array.js","Ext.Assert":"../ext/packages/sencha-core/src/lang/Assert.js","Ext.Base":"../ext/packages/sencha-core/src/class/Base.js","Ext.Boot":"../ext/packages/sencha-core/.sencha/package/Boot.js","Ext.Class":"../ext/packages/sencha-core/src/class/Class.js","Ext.ClassManager":"../ext/packages/sencha-core/src/class/ClassManager.js","Ext.ComponentManager":"../ext/packages/sencha-core/src/ComponentManager.js","Ext.ComponentQuery":"../ext/packages/sencha-core/src/ComponentQuery.js","Ext.Config":"../ext/packages/sencha-core/src/class/Config.js","Ext.Configurator":"../ext/packages/sencha-core/src/class/Configurator.js","Ext.Date":"../ext/packages/sencha-core/src/lang/Date.js","Ext.Error":"../ext/packages/sencha-core/src/lang/Error.js","Ext.Evented":"../ext/packages/sencha-core/src/Evented.js","Ext.Factory":"../ext/packages/sencha-core/src/mixin/Factoryable.js","Ext.Function":"../ext/packages/sencha-core/src/lang/Function.js","Ext.GlobalEvents":"../ext/packages/sencha-core/src/GlobalEvents.js","Ext.Inventory":"../ext/packages/sencha-core/src/class/Inventory.js","Ext.JSON":"../ext/packages/sencha-core/src/JSON.js","Ext.Loader":"../ext/packages/sencha-core/src/class/Loader.js","Ext.Mixin":"../ext/packages/sencha-core/src/class/Mixin.js","Ext.Msg":"../ext/src/window/MessageBox.js","Ext.Number":"../ext/packages/sencha-core/src/lang/Number.js","Ext.Object":"../ext/packages/sencha-core/src/lang/Object.js","Ext.Script":"../ext/packages/sencha-core/src/class/Inventory.js","Ext.String":"../ext/packages/sencha-core/src/lang/String.js","Ext.TaskQueue":"../ext/packages/sencha-core/src/TaskQueue.js","Ext.Template":"../ext/packages/sencha-core/src/Template.js","Ext.Util":"../ext/packages/sencha-core/src/Util.js","Ext.Version":"../ext/packages/sencha-core/src/util/Version.js","Ext.Widget":"../ext/packages/sencha-core/src/Widget.js","Ext.XTemplate":"../ext/packages/sencha-core/src/XTemplate.js","Ext.app.ViewModel":"../ext/packages/sencha-core/src/app/ViewModel.js","Ext.app.bind":"../ext/packages/sencha-core/src/app/bind","Ext.browser":"../ext/packages/sencha-core/src/env/Browser.js","Ext.class":"../ext/packages/sencha-core/src/class","Ext.data":"../ext/packages/sencha-core/src/data","Ext.direct":"../ext/packages/sencha-core/src/direct","Ext.dom":"../ext/packages/sencha-core/src/dom","Ext.dom.ButtonElement":"../ext/src/dom/ButtonElement.js","Ext.dom.Layer":"../ext/src/dom/Layer.js","Ext.env":"../ext/packages/sencha-core/src/env","Ext.event":"../ext/packages/sencha-core/src/event","Ext.feature":"../ext/packages/sencha-core/src/env/Feature.js","Ext.fx.Animation":"../ext/packages/sencha-core/src/fx/Animation.js","Ext.fx.Runner":"../ext/packages/sencha-core/src/fx/Runner.js","Ext.fx.State":"../ext/packages/sencha-core/src/fx/State.js","Ext.fx.animation":"../ext/packages/sencha-core/src/fx/animation","Ext.fx.easing":"../ext/packages/sencha-core/src/fx/easing","Ext.fx.layout":"../ext/packages/sencha-core/src/fx/layout","Ext.fx.runner":"../ext/packages/sencha-core/src/fx/runner","Ext.lang":"../ext/packages/sencha-core/src/lang","Ext.mixin":"../ext/packages/sencha-core/src/mixin","Ext.os":"../ext/packages/sencha-core/src/env/OS.js","Ext.overrides":"../ext/overrides","Ext.overrides.util.Positionable":"../ext/overrides/Positionable.js","Ext.perf":"../ext/packages/sencha-core/src/perf","Ext.scroll":"../ext/packages/sencha-core/src/scroll","Ext.scroll.Indicator":"../ext/src/scroll/Indicator.js","Ext.scroll.Manager":"../ext/src/scroll/Manager.js","Ext.supports":"../ext/packages/sencha-core/src/env/Feature.js","Ext.util":"../ext/packages/sencha-core/src/util","Ext.util.Animate":"../ext/src/util/Animate.js","Ext.util.CSS":"../ext/src/util/CSS.js","Ext.util.ClickRepeater":"../ext/src/util/ClickRepeater.js","Ext.util.ComponentDragger":"../ext/src/util/ComponentDragger.js","Ext.util.Cookies":"../ext/src/util/Cookies.js","Ext.util.ElementContainer":"../ext/src/util/ElementContainer.js","Ext.util.Floating":"../ext/src/util/Floating.js","Ext.util.History":"../ext/src/util/History.js","Ext.util.KeyMap":"../ext/src/util/KeyMap.js","Ext.util.KeyNav":"../ext/src/util/KeyNav.js","Ext.util.Memento":"../ext/src/util/Memento.js","Ext.util.ProtoElement":"../ext/src/util/ProtoElement.js","Ext.util.Queue":"../ext/src/util/Queue.js","Ext.util.Renderable":"../ext/src/util/Renderable.js","Ext.util.StoreHolder":"../ext/src/util/StoreHolder.js","ExtThemeNeptune":"../ext/packages/ext-theme-neptune/overrides"},"loadOrder":[{"path":"../ext/packages/sencha-core/src/Ext.js","requires":[],"uses":[1],"idx":0},{"path":"../ext/packages/sencha-core/src/lang/Error.js","requires":[0],"uses":[],"idx":1},{"path":"../ext/packages/sencha-core/src/lang/Array.js","requires":[0,1],"uses":[3],"idx":2},{"path":"../ext/packages/sencha-core/src/lang/Assert.js","requires":[1],"uses":[0],"idx":3},{"path":"../ext/packages/sencha-core/src/lang/String.js","requires":[0,2],"uses":[99],"idx":4},{"path":"../ext/packages/sencha-core/src/lang/Date.js","requires":[0,4],"uses":[],"idx":5},{"path":"../ext/packages/sencha-core/src/lang/Function.js","requires":[0,2],"uses":[1,19],"idx":6},{"path":"../ext/packages/sencha-core/src/lang/Number.js","requires":[0],"uses":[],"idx":7},{"path":"../ext/packages/sencha-core/src/lang/Object.js","requires":[0,5],"uses":[2],"idx":8},{"path":"../ext/packages/sencha-core/src/Util.js","requires":[0,1,2,3,4,5,6,7,8],"uses":[16],"idx":9},{"path":"../ext/packages/sencha-core/src/util/Version.js","requires":[0,4],"uses":[],"idx":10},{"path":"../ext/packages/sencha-core/src/class/Config.js","requires":[],"uses":[8],"idx":11},{"path":"../ext/packages/sencha-core/src/class/Configurator.js","requires":[11],"uses":[0,1,8],"idx":12},{"path":"../ext/packages/sencha-core/src/class/Base.js","requires":[6,9,10,12],"uses":[0,1,2,3,8,11,16],"idx":13},{"path":"../ext/packages/sencha-core/src/class/Class.js","requires":[9,13],"uses":[0,2],"idx":14},{"path":"../ext/packages/sencha-core/src/class/Inventory.js","requires":[6],"uses":[0,2],"idx":15},{"path":"../ext/packages/sencha-core/src/class/ClassManager.js","requires":[0,2,6,14,15],"uses":[],"idx":16},{"path":"../ext/packages/sencha-core/src/env/Browser.js","requires":[0,8,10],"uses":[4],"idx":17},{"path":"../ext/packages/sencha-core/src/env/OS.js","requires":[10,17],"uses":[0],"idx":18},{"path":"../ext/packages/sencha-core/src/env/Feature.js","requires":[4,17,18],"uses":[0,8],"idx":19},{"path":"../ext/packages/sencha-core/src/env/Ready.js","requires":[17,18,19],"uses":[0],"idx":20},{"path":"../ext/packages/sencha-core/src/class/Loader.js","requires":[0,2,6,14,16,20],"uses":[1],"idx":21},{"path":"../ext/packages/sencha-core/src/mixin/Identifiable.js","requires":[13,14,15,16,21],"uses":[],"idx":22},{"path":"../ext/packages/sencha-core/src/event/gesture/Recognizer.js","requires":[0,13,14,15,16,21,22],"uses":[],"idx":23},{"path":"../ext/packages/sencha-core/src/event/gesture/SingleTouch.js","requires":[23],"uses":[],"idx":24},{"path":"../ext/packages/sencha-core/src/event/gesture/DoubleTap.js","requires":[24],"uses":[],"idx":25},{"path":"../ext/packages/sencha-core/src/event/gesture/Drag.js","requires":[24],"uses":[],"idx":26},{"path":"../ext/packages/sencha-core/src/event/gesture/Swipe.js","requires":[24],"uses":[],"idx":27},{"path":"../ext/packages/sencha-core/src/event/gesture/EdgeSwipe.js","requires":[27],"uses":[0,46],"idx":28},{"path":"../ext/packages/sencha-core/src/event/gesture/LongPress.js","requires":[24],"uses":[],"idx":29},{"path":"../ext/packages/sencha-core/src/event/gesture/MultiTouch.js","requires":[23],"uses":[],"idx":30},{"path":"../ext/packages/sencha-core/src/event/gesture/Pinch.js","requires":[30],"uses":[],"idx":31},{"path":"../ext/packages/sencha-core/src/event/gesture/Rotate.js","requires":[30],"uses":[2],"idx":32},{"path":"../ext/packages/sencha-core/src/event/gesture/Tap.js","requires":[24],"uses":[],"idx":33},{"path":"../ext/packages/sencha-core/src/event/publisher/Publisher.js","requires":[0,13,14,15,16,21],"uses":[],"idx":34},{"path":"../ext/packages/sencha-core/src/util/Offset.js","requires":[13,14,15,16,21],"uses":[1],"idx":35},{"path":"../ext/packages/sencha-core/src/util/Region.js","requires":[13,14,15,16,21,35],"uses":[0,7],"idx":36},{"path":"../ext/packages/sencha-core/src/util/Point.js","requires":[36],"uses":[0],"idx":37},{"path":"../ext/packages/sencha-core/src/event/Event.js","requires":[0,13,14,15,16,21,37,52],"uses":[8],"idx":38},{"path":"../ext/packages/sencha-core/src/event/ListenerStack.js","requires":[13,14,15,16,21],"uses":[1],"idx":39},{"path":"../ext/packages/sencha-core/src/event/Controller.js","requires":[13,14,15,16,21],"uses":[0,6],"idx":40},{"path":"../ext/packages/sencha-core/src/event/Dispatcher.js","requires":[13,14,15,16,21,39,40],"uses":[8],"idx":41},{"path":"../ext/packages/sencha-core/src/class/Mixin.js","requires":[13,14,15,16,21],"uses":[0,1,2,8],"idx":42},{"path":"../ext/packages/sencha-core/src/mixin/Observable.js","requires":[0,22,41,42],"uses":[1,2],"idx":43},{"path":"../ext/packages/sencha-core/src/util/Positionable.js","requires":[0,13,14,15,16,21,53],"uses":[1,36,46],"idx":44},{"path":"../ext/packages/sencha-core/src/dom/Helper.js","requires":[13,14,15,16,21,54],"uses":[0,1,4,19,99],"idx":45},{"path":"../ext/packages/sencha-core/src/dom/Element.js","requires":[0,13,14,15,16,18,19,21,43,44,45,85],"uses":[1,2,4,17,36,47,55,56,172],"idx":46},{"path":"../ext/packages/sencha-core/src/GlobalEvents.js","requires":[0,43,46,86],"uses":[],"idx":47},{"path":"../ext/packages/sencha-core/src/event/publisher/Dom.js","requires":[17,34,38,47,87],"uses":[0,2,18,19],"idx":48},{"path":"../ext/packages/sencha-core/src/AnimationQueue.js","requires":[0,2,13,14,15,16,21],"uses":[6,18],"idx":49},{"path":"../ext/packages/sencha-core/src/event/publisher/Gesture.js","requires":[0,18,19,37,48,49,88],"uses":[2,6,38,84],"idx":50},{"path":"../ext/overrides/Ext-more.js","requires":[0,23,24,25,26,27,28,29,30,31,32,33,41,48,50],"uses":[],"idx":51},{"path":"../ext/overrides/event/Event.js","requires":[0,13,14,15,16,21],"uses":[8,47],"idx":52},{"path":"../ext/overrides/Positionable.js","requires":[13,14,15,16,21],"uses":[0,6],"idx":53},{"path":"../ext/overrides/dom/Helper.js","requires":[13,14,15,16,21],"uses":[0],"idx":54},{"path":"../ext/packages/sencha-core/src/dom/Fly.js","requires":[0,46],"uses":[1],"idx":55},{"path":"../ext/packages/sencha-core/src/dom/CompositeElementLite.js","requires":[13,14,15,16,21,55],"uses":[0,2,8,46],"idx":56},{"path":"../ext/packages/sencha-core/src/util/Filter.js","requires":[13,14,15,16,21],"uses":[0,2,4],"idx":57},{"path":"../ext/packages/sencha-core/src/util/DelayedTask.js","requires":[0],"uses":[47],"idx":58},{"path":"../ext/packages/sencha-core/src/util/Event.js","requires":[13,14,15,16,21,58],"uses":[0,1,2],"idx":59},{"path":"../ext/packages/sencha-core/src/util/Observable.js","requires":[0,13,14,15,16,21,59],"uses":[1,2,3,6],"idx":60},{"path":"../ext/packages/sencha-core/src/util/AbstractMixedCollection.js","requires":[13,14,15,16,21,57,60],"uses":[0,2,4],"idx":61},{"path":"../ext/packages/sencha-core/src/util/Sorter.js","requires":[13,14,15,16,21],"uses":[0,1,4],"idx":62},{"path":"../ext/packages/sencha-core/src/util/Sortable.js","requires":[0,13,14,15,16,21,62],"uses":[1,64],"idx":63},{"path":"../ext/packages/sencha-core/src/util/MixedCollection.js","requires":[61,63],"uses":[2],"idx":64},{"path":"../ext/packages/sencha-core/src/util/TaskRunner.js","requires":[6,13,14,15,16,21],"uses":[0,5,47],"idx":65},{"path":"../ext/src/fx/target/Target.js","requires":[13,14,15,16,21],"uses":[0],"idx":66},{"path":"../ext/src/fx/target/Element.js","requires":[66],"uses":[],"idx":67},{"path":"../ext/src/fx/target/ElementCSS.js","requires":[67],"uses":[2,19],"idx":68},{"path":"../ext/src/fx/target/CompositeElement.js","requires":[67],"uses":[0],"idx":69},{"path":"../ext/src/fx/target/CompositeElementCSS.js","requires":[68,69],"uses":[],"idx":70},{"path":"../ext/src/fx/target/Sprite.js","requires":[66],"uses":[2],"idx":71},{"path":"../ext/src/fx/target/CompositeSprite.js","requires":[71],"uses":[],"idx":72},{"path":"../ext/src/fx/target/Component.js","requires":[66],"uses":[6,47],"idx":73},{"path":"../ext/packages/sencha-core/src/util/HashMap.js","requires":[13,14,15,16,21,43],"uses":[0],"idx":74},{"path":"../ext/src/fx/Queue.js","requires":[13,14,15,16,21,74],"uses":[0,2],"idx":75},{"path":"../ext/src/fx/Manager.js","requires":[13,14,15,16,21,64,65,67,68,69,70,71,72,73,75],"uses":[0,19],"idx":76},{"path":"../ext/src/fx/Animator.js","requires":[13,14,15,16,21,60,76],"uses":[0,2,82],"idx":77},{"path":"../ext/src/fx/CubicBezier.js","requires":[13,14,15,16,21],"uses":[],"idx":78},{"path":"../ext/src/fx/Easing.js","requires":[0,13,14,15,16,21,78],"uses":[],"idx":79},{"path":"../ext/src/fx/DrawPath.js","requires":[13,14,15,16,21],"uses":[2],"idx":80},{"path":"../ext/src/fx/PropertyHandler.js","requires":[13,14,15,16,21,80],"uses":[0],"idx":81},{"path":"../ext/src/fx/Anim.js","requires":[0,13,14,15,16,21,60,76,77,78,79,81],"uses":[],"idx":82},{"path":"../ext/src/util/Animate.js","requires":[6,13,14,15,16,21,76,82],"uses":[0],"idx":83},{"path":"../ext/packages/sencha-core/src/dom/GarbageCollector.js","requires":[13,14,15,16,21],"uses":[0,1,6],"idx":84},{"path":"../ext/overrides/dom/Element.js","requires":[0,13,14,15,16,18,19,21,46,55,56,83,84],"uses":[1,2,4,6,8,45,76,77,82,201,209,250,251,270],"idx":85},{"path":"../ext/overrides/GlobalEvents.js","requires":[13,14,15,16,21],"uses":[0],"idx":86},{"path":"../ext/overrides/event/publisher/Dom.js","requires":[0,13,14,15,16,21,48],"uses":[6],"idx":87},{"path":"../ext/overrides/event/publisher/Gesture.js","requires":[0,13,14,15,16,21],"uses":[38],"idx":88},{"path":"../ext/packages/sencha-core/src/data/flash/BinaryXhr.js","requires":[0,13,14,15,16,21],"uses":[1,8,47],"idx":89},{"path":"../ext/packages/sencha-core/src/data/Connection.js","requires":[13,14,15,16,21,43,89],"uses":[0,1,4,6,8,46,47],"idx":90},{"path":"../ext/packages/sencha-core/src/Ajax.js","requires":[90],"uses":[],"idx":91},{"path":"../ext/packages/sencha-core/src/ComponentManager.js","requires":[0,13,14,15,16,21],"uses":[1,8],"idx":92},{"path":"../ext/packages/sencha-core/src/util/Operators.js","requires":[0],"uses":[],"idx":93},{"path":"../ext/packages/sencha-core/src/util/LruCache.js","requires":[74],"uses":[],"idx":94},{"path":"../ext/packages/sencha-core/src/ComponentQuery.js","requires":[0,13,14,15,16,21,92,93,94],"uses":[1,2,4],"idx":95},{"path":"../ext/packages/sencha-core/src/Evented.js","requires":[13,14,15,16,21,43],"uses":[0,11],"idx":96},{"path":"../ext/packages/sencha-core/src/JSON.js","requires":[0,1],"uses":[],"idx":97},{"path":"../ext/packages/sencha-core/src/util/Format.js","requires":[1,4,5,7,13,14,15,16,21],"uses":[0,45],"idx":98},{"path":"../ext/packages/sencha-core/src/Template.js","requires":[0,13,14,15,16,21,98],"uses":[45],"idx":99},{"path":"../ext/packages/sencha-core/src/mixin/Inheritable.js","requires":[0,42],"uses":[8],"idx":100},{"path":"../ext/packages/sencha-core/src/mixin/Bindable.js","requires":[13,14,15,16,21],"uses":[0,1,11,107],"idx":101},{"path":"../ext/packages/sencha-core/src/Widget.js","requires":[96,100,101,103],"uses":[0,1,2,8,46,92,95],"idx":102},{"path":"../ext/overrides/Widget.js","requires":[0,13,14,15,16,21,102],"uses":[46,199,214],"idx":103},{"path":"../ext/packages/sencha-core/src/util/XTemplateParser.js","requires":[0,4,13,14,15,16,21],"uses":[],"idx":104},{"path":"../ext/packages/sencha-core/src/util/XTemplateCompiler.js","requires":[0,104],"uses":[],"idx":105},{"path":"../ext/packages/sencha-core/src/XTemplate.js","requires":[99,105],"uses":[0,16],"idx":106},{"path":"../ext/packages/sencha-core/src/mixin/Factoryable.js","requires":[13,14,15,16,21],"uses":[0,1,8],"idx":107},{"path":"../ext/packages/sencha-core/src/util/CollectionKey.js","requires":[13,14,15,16,21,22],"uses":[0,1,2],"idx":108},{"path":"../ext/packages/sencha-core/src/util/Grouper.js","requires":[62],"uses":[1],"idx":109},{"path":"../ext/packages/sencha-core/src/util/Collection.js","requires":[8,13,14,15,16,21,43,57,62,108,109],"uses":[0,1,2,4,7,160,161,162],"idx":110},{"path":"../ext/packages/sencha-core/src/util/ObjectTemplate.js","requires":[13,14,15,16,21,106],"uses":[0,1],"idx":111},{"path":"../ext/packages/sencha-core/src/data/schema/Role.js","requires":[13,14,15,16,21],"uses":[0,1,107],"idx":112},{"path":"../ext/packages/sencha-core/src/data/schema/Association.js","requires":[13,14,15,16,21,112],"uses":[0],"idx":113},{"path":"../ext/packages/sencha-core/src/data/schema/OneToOne.js","requires":[0,113],"uses":[],"idx":114},{"path":"../ext/packages/sencha-core/src/data/schema/ManyToOne.js","requires":[0,113],"uses":[],"idx":115},{"path":"../ext/packages/sencha-core/src/data/schema/ManyToMany.js","requires":[0,113],"uses":[16],"idx":116},{"path":"../ext/packages/sencha-core/src/util/Inflector.js","requires":[13,14,15,16,21],"uses":[2,4],"idx":117},{"path":"../ext/packages/sencha-core/src/data/schema/Namer.js","requires":[13,14,15,16,21,107,117],"uses":[4],"idx":118},{"path":"../ext/packages/sencha-core/src/data/schema/Schema.js","requires":[13,14,15,16,21,107,111,114,115,116,118],"uses":[0,1,3,8],"idx":119},{"path":"../ext/packages/sencha-core/src/data/Batch.js","requires":[13,14,15,16,21,43],"uses":[0],"idx":120},{"path":"../ext/packages/sencha-core/src/data/matrix/Slice.js","requires":[13,14,15,16,21],"uses":[1,3],"idx":121},{"path":"../ext/packages/sencha-core/src/data/matrix/Side.js","requires":[13,14,15,16,21,121],"uses":[],"idx":122},{"path":"../ext/packages/sencha-core/src/data/matrix/Matrix.js","requires":[13,14,15,16,21,122],"uses":[3],"idx":123},{"path":"../ext/packages/sencha-core/src/data/session/ChangesVisitor.js","requires":[13,14,15,16,21],"uses":[8],"idx":124},{"path":"../ext/packages/sencha-core/src/data/session/ChildChangesVisitor.js","requires":[124],"uses":[0],"idx":125},{"path":"../ext/packages/sencha-core/src/data/session/BatchVisitor.js","requires":[13,14,15,16,21],"uses":[120],"idx":126},{"path":"../ext/packages/sencha-core/src/data/Session.js","requires":[13,14,15,16,21,119,120,123,124,125,126],"uses":[0,1,2],"idx":127},{"path":"../ext/packages/sencha-core/src/data/AbstractStore.js","requires":[0,13,14,15,16,21,43,57,107,110,119],"uses":[169],"idx":128},{"path":"../ext/packages/sencha-core/src/data/LocalStore.js","requires":[42],"uses":[110],"idx":129},{"path":"../ext/packages/sencha-core/src/data/ResultSet.js","requires":[13,14,15,16,21],"uses":[],"idx":130},{"path":"../ext/packages/sencha-core/src/data/reader/Reader.js","requires":[0,13,14,15,16,21,43,106,107,130],"uses":[1,119],"idx":131},{"path":"../ext/packages/sencha-core/src/data/writer/Writer.js","requires":[0,13,14,15,16,21,107],"uses":[5],"idx":132},{"path":"../ext/packages/sencha-core/src/data/proxy/Proxy.js","requires":[0,13,14,15,16,21,43,107,119,131,132],"uses":[6,120,136,137,138,139,140,154],"idx":133},{"path":"../ext/packages/sencha-core/src/data/proxy/Client.js","requires":[133],"uses":[1],"idx":134},{"path":"../ext/packages/sencha-core/src/data/proxy/Memory.js","requires":[0,134],"uses":[2,57,63],"idx":135},{"path":"../ext/packages/sencha-core/src/data/operation/Operation.js","requires":[0,13,14,15,16,21],"uses":[2],"idx":136},{"path":"../ext/packages/sencha-core/src/data/operation/Create.js","requires":[0,136],"uses":[],"idx":137},{"path":"../ext/packages/sencha-core/src/data/operation/Destroy.js","requires":[136],"uses":[],"idx":138},{"path":"../ext/packages/sencha-core/src/data/operation/Read.js","requires":[0,136],"uses":[],"idx":139},{"path":"../ext/packages/sencha-core/src/data/operation/Update.js","requires":[0,136],"uses":[],"idx":140},{"path":"../ext/packages/sencha-core/src/data/ProxyStore.js","requires":[0,128,133,135,136,137,138,139,140],"uses":[1,58,119,154],"idx":141},{"path":"../ext/packages/sencha-core/src/data/Error.js","requires":[13,14,15,16,21],"uses":[],"idx":142},{"path":"../ext/packages/sencha-core/src/data/ErrorCollection.js","requires":[64,142],"uses":[0,146],"idx":143},{"path":"../ext/packages/sencha-core/src/data/SortTypes.js","requires":[0,13,14,15,16,21],"uses":[],"idx":144},{"path":"../ext/packages/sencha-core/src/data/validator/Validator.js","requires":[13,14,15,16,21,107],"uses":[],"idx":145},{"path":"../ext/packages/sencha-core/src/data/field/Field.js","requires":[0,13,14,15,16,21,107,144,145],"uses":[],"idx":146},{"path":"../ext/packages/sencha-core/src/data/field/Boolean.js","requires":[146],"uses":[],"idx":147},{"path":"../ext/packages/sencha-core/src/data/field/Date.js","requires":[146],"uses":[0,5],"idx":148},{"path":"../ext/packages/sencha-core/src/data/field/Integer.js","requires":[146],"uses":[],"idx":149},{"path":"../ext/packages/sencha-core/src/data/field/Number.js","requires":[146],"uses":[],"idx":150},{"path":"../ext/packages/sencha-core/src/data/field/String.js","requires":[146],"uses":[],"idx":151},{"path":"../ext/packages/sencha-core/src/data/identifier/Generator.js","requires":[13,14,15,16,21,107],"uses":[0],"idx":152},{"path":"../ext/packages/sencha-core/src/data/identifier/Sequential.js","requires":[152],"uses":[],"idx":153},{"path":"../ext/packages/sencha-core/src/data/Model.js","requires":[13,14,15,16,21,119,136,137,138,139,140,143,145,146,147,148,149,150,151,152,153],"uses":[0,1,2,8,107,131,171],"idx":154},{"path":"../ext/packages/sencha-core/src/data/proxy/Server.js","requires":[0,133],"uses":[1,4,5,168],"idx":155},{"path":"../ext/packages/sencha-core/src/data/proxy/Ajax.js","requires":[91,155],"uses":[8],"idx":156},{"path":"../ext/packages/sencha-core/src/data/reader/Json.js","requires":[97,131],"uses":[0],"idx":157},{"path":"../ext/packages/sencha-core/src/data/writer/Json.js","requires":[132],"uses":[0,1,8],"idx":158},{"path":"../ext/packages/sencha-core/src/util/Group.js","requires":[110],"uses":[],"idx":159},{"path":"../ext/packages/sencha-core/src/util/SorterCollection.js","requires":[62,110],"uses":[0,1,2],"idx":160},{"path":"../ext/packages/sencha-core/src/util/FilterCollection.js","requires":[57,110],"uses":[0,1,2],"idx":161},{"path":"../ext/packages/sencha-core/src/util/GroupCollection.js","requires":[110,159,160,161],"uses":[],"idx":162},{"path":"../ext/packages/sencha-core/src/data/Store.js","requires":[58,129,141,154,156,157,158,162],"uses":[0,1,2,109,167,169],"idx":163},{"path":"../ext/packages/sencha-core/src/data/reader/Array.js","requires":[157],"uses":[],"idx":164},{"path":"../ext/packages/sencha-core/src/data/ArrayStore.js","requires":[135,163,164],"uses":[],"idx":165},{"path":"../ext/packages/sencha-core/src/data/PageMap.js","requires":[94],"uses":[0,1,2,4,8],"idx":166},{"path":"../ext/packages/sencha-core/src/data/BufferedStore.js","requires":[57,62,109,141,166],"uses":[0,1,2,160,161,162],"idx":167},{"path":"../ext/packages/sencha-core/src/data/Request.js","requires":[13,14,15,16,21],"uses":[],"idx":168},{"path":"../ext/packages/sencha-core/src/data/StoreManager.js","requires":[0,64,165],"uses":[1,107,135,158,163,164],"idx":169},{"path":"../ext/packages/sencha-core/src/mixin/Queryable.js","requires":[13,14,15,16,21],"uses":[0,95],"idx":170},{"path":"../ext/packages/sencha-core/src/data/Validation.js","requires":[154],"uses":[0],"idx":171},{"path":"../ext/packages/sencha-core/src/dom/CompositeElement.js","requires":[56],"uses":[0],"idx":172},{"path":"../ext/packages/sencha-core/src/fx/easing/Abstract.js","requires":[0,13,14,15,16,21],"uses":[5],"idx":173},{"path":"../ext/packages/sencha-core/src/fx/easing/Bounce.js","requires":[173],"uses":[5],"idx":174},{"path":"../ext/packages/sencha-core/src/fx/easing/Momentum.js","requires":[173],"uses":[5],"idx":175},{"path":"../ext/packages/sencha-core/src/fx/easing/BoundMomentum.js","requires":[173,174,175],"uses":[0,5],"idx":176},{"path":"../ext/packages/sencha-core/src/fx/easing/Linear.js","requires":[173],"uses":[5],"idx":177},{"path":"../ext/packages/sencha-core/src/fx/easing/EaseOut.js","requires":[177],"uses":[5],"idx":178},{"path":"../ext/packages/sencha-core/src/mixin/Responsive.js","requires":[42],"uses":[0,6,8,19,46],"idx":179},{"path":"../ext/packages/sencha-core/src/perf/Accumulator.js","requires":[0,13,14,15,16,21,106],"uses":[],"idx":180},{"path":"../ext/packages/sencha-core/src/perf/Monitor.js","requires":[13,14,15,16,21,180],"uses":[0],"idx":181},{"path":"../ext/packages/sencha-core/src/util/translatable/Abstract.js","requires":[0,96,177],"uses":[5,49],"idx":182},{"path":"../ext/packages/sencha-core/src/util/translatable/Dom.js","requires":[182],"uses":[0],"idx":183},{"path":"../ext/packages/sencha-core/src/util/translatable/CssTransform.js","requires":[183],"uses":[],"idx":184},{"path":"../ext/packages/sencha-core/src/util/translatable/ScrollPosition.js","requires":[183],"uses":[0],"idx":185},{"path":"../ext/packages/sencha-core/src/util/translatable/ScrollParent.js","requires":[183],"uses":[0],"idx":186},{"path":"../ext/packages/sencha-core/src/util/translatable/CssPosition.js","requires":[183],"uses":[],"idx":187},{"path":"../ext/packages/sencha-core/src/util/Translatable.js","requires":[13,14,15,16,21,184,185,186,187],"uses":[0,17],"idx":188},{"path":"../ext/packages/sencha-core/src/scroll/Scroller.js","requires":[0,96,176,178,188],"uses":[5,6,17,19],"idx":189},{"path":"../ext/packages/sencha-core/src/util/TaskManager.js","requires":[65],"uses":[],"idx":190},{"path":"../ext/packages/sencha-core/src/util/TextMetrics.js","requires":[13,14,15,16,21,46],"uses":[0,7],"idx":191},{"path":"../ext/src/util/ProtoElement.js","requires":[13,14,15,16,21],"uses":[0,2,8,45,46],"idx":192},{"path":"../ext/src/util/ElementContainer.js","requires":[13,14,15,16,21],"uses":[0,8],"idx":193},{"path":"../ext/src/util/Renderable.js","requires":[0,13,14,15,16,21,46],"uses":[11,19,45,106,199],"idx":194},{"path":"../ext/src/state/Provider.js","requires":[13,14,15,16,21,60],"uses":[0],"idx":195},{"path":"../ext/src/state/Manager.js","requires":[13,14,15,16,21,195],"uses":[],"idx":196},{"path":"../ext/src/state/Stateful.js","requires":[13,14,15,16,21,196],"uses":[0,65],"idx":197},{"path":"../ext/src/util/Floating.js","requires":[13,14,15,16,21],"uses":[0,47,207,279],"idx":198},{"path":"../ext/src/Component.js","requires":[0,13,14,15,16,21,44,47,60,83,92,95,100,101,172,192,193,194,197,198,200],"uses":[1,2,4,6,7,19,45,46,51,52,53,54,58,76,85,86,87,88,103,106,127,202,203,204,207,212,214,268,273,279,291,292,294,296],"idx":199},{"path":"../ext/packages/ext-theme-neptune/overrides/Component.js","requires":[13,14,15,16,21],"uses":[],"idx":200},{"path":"../ext/src/ElementLoader.js","requires":[0,13,14,15,16,21,60],"uses":[1,90,91],"idx":201},{"path":"../ext/src/ComponentLoader.js","requires":[201],"uses":[0,1],"idx":202},{"path":"../ext/src/layout/SizeModel.js","requires":[13,14,15,16,21],"uses":[0],"idx":203},{"path":"../ext/src/layout/Layout.js","requires":[0,13,14,15,16,21,106,107,203],"uses":[2,291],"idx":204},{"path":"../ext/src/layout/container/Container.js","requires":[0,106,193,204],"uses":[2,45],"idx":205},{"path":"../ext/src/layout/container/Auto.js","requires":[0,205],"uses":[19,106],"idx":206},{"path":"../ext/src/ZIndexManager.js","requires":[0,13,14,15,16,21,47],"uses":[2,7,46],"idx":207},{"path":"../ext/src/container/Container.js","requires":[0,64,170,199,206,207],"uses":[1,2,61,92,95,107],"idx":208},{"path":"../ext/src/util/KeyMap.js","requires":[0,13,14,15,16,21],"uses":[2],"idx":209},{"path":"../ext/src/util/KeyNav.js","requires":[13,14,15,16,21,209],"uses":[0,6,19],"idx":210},{"path":"../ext/src/util/StoreHolder.js","requires":[0,13,14,15,16,21],"uses":[169],"idx":211},{"path":"../ext/src/LoadMask.js","requires":[0,199,211],"uses":[47,169],"idx":212},{"path":"../ext/src/layout/component/Component.js","requires":[204],"uses":[],"idx":213},{"path":"../ext/src/layout/component/Auto.js","requires":[213],"uses":[7],"idx":214},{"path":"../ext/src/ShadowPool.js","requires":[13,14,15,16,21,45],"uses":[0,4,19],"idx":215},{"path":"../ext/src/Shadow.js","requires":[13,14,15,16,21,215],"uses":[0,19],"idx":216},{"path":"../ext/src/app/EventDomain.js","requires":[13,14,15,16,21,59],"uses":[0,1],"idx":217},{"path":"../ext/src/app/domain/Component.js","requires":[102,199,217],"uses":[],"idx":218},{"path":"../ext/src/app/EventBus.js","requires":[13,14,15,16,21,218],"uses":[217],"idx":219},{"path":"../ext/src/app/domain/Global.js","requires":[0,217],"uses":[],"idx":220},{"path":"../ext/src/app/BaseController.js","requires":[13,14,15,16,21,60,219,220],"uses":[0,226,227,274],"idx":221},{"path":"../ext/src/app/Util.js","requires":[0,13,14,15,16,21],"uses":[],"idx":222},{"path":"../ext/src/app/domain/Store.js","requires":[128,217],"uses":[],"idx":223},{"path":"../ext/src/app/route/Queue.js","requires":[13,14,15,16,21],"uses":[0,64],"idx":224},{"path":"../ext/src/app/route/Route.js","requires":[13,14,15,16,21],"uses":[0,98],"idx":225},{"path":"../ext/src/util/History.js","requires":[13,14,15,16,21,60],"uses":[0,19,46,190],"idx":226},{"path":"../ext/src/app/route/Router.js","requires":[13,14,15,16,21,224,225,226],"uses":[0],"idx":227},{"path":"../ext/src/app/Controller.js","requires":[0,92,169,218,221,222,223,227],"uses":[2,4,6,8,16,95,119],"idx":228},{"path":"../ext/src/panel/Bar.js","requires":[208],"uses":[0],"idx":229},{"path":"../ext/src/panel/Title.js","requires":[0,199],"uses":[19],"idx":230},{"path":"../ext/src/panel/Tool.js","requires":[0,199],"uses":[1,263],"idx":231},{"path":"../ext/src/panel/Header.js","requires":[0,127,214,229,230,231],"uses":[2,8,92],"idx":232},{"path":"../ext/src/toolbar/Fill.js","requires":[199],"uses":[],"idx":233},{"path":"../ext/src/layout/container/boxOverflow/None.js","requires":[0,13,14,15,16,21,107],"uses":[],"idx":234},{"path":"../ext/src/toolbar/Item.js","requires":[0,199],"uses":[],"idx":235},{"path":"../ext/src/toolbar/Separator.js","requires":[0,235],"uses":[],"idx":236},{"path":"../ext/src/dom/ButtonElement.js","requires":[46],"uses":[],"idx":237},{"path":"../ext/src/button/Manager.js","requires":[0,13,14,15,16,21],"uses":[2],"idx":238},{"path":"../ext/src/menu/Manager.js","requires":[0,13,14,15,16,21,64,209],"uses":[2,5,92,127,247,256,285],"idx":239},{"path":"../ext/src/util/ClickRepeater.js","requires":[60],"uses":[0,5],"idx":240},{"path":"../ext/src/button/Button.js","requires":[0,170,191,199,209,237,238,239,240],"uses":[2,8,18,19,38,263],"idx":241},{"path":"../ext/src/layout/container/boxOverflow/Menu.js","requires":[0,234,236,241],"uses":[2,127,214,233,247,256,285],"idx":242},{"path":"../ext/src/layout/container/boxOverflow/Scroller.js","requires":[0,43,46,234,240],"uses":[7],"idx":243},{"path":"../ext/src/dd/DragDropManager.js","requires":[0,13,14,15,16,21,36],"uses":[2,19,263,270],"idx":244},{"path":"../ext/src/layout/container/Box.js","requires":[0,98,205,234,242,243,244],"uses":[2,8,107,127,203,214,271],"idx":245},{"path":"../ext/src/layout/container/HBox.js","requires":[245],"uses":[],"idx":246},{"path":"../ext/src/layout/container/VBox.js","requires":[245],"uses":[],"idx":247},{"path":"../ext/src/toolbar/Toolbar.js","requires":[0,127,208,214,233,246,247,265],"uses":[236,280],"idx":248},{"path":"../ext/src/dd/DragDrop.js","requires":[13,14,15,16,21,244],"uses":[0,2,46],"idx":249},{"path":"../ext/src/dd/DD.js","requires":[244,249],"uses":[0,46],"idx":250},{"path":"../ext/src/dd/DDProxy.js","requires":[250],"uses":[0,244],"idx":251},{"path":"../ext/src/dd/StatusProxy.js","requires":[0,199],"uses":[],"idx":252},{"path":"../ext/src/dd/DragSource.js","requires":[0,244,251,252],"uses":[127,214],"idx":253},{"path":"../ext/src/panel/Proxy.js","requires":[0,13,14,15,16,21],"uses":[46],"idx":254},{"path":"../ext/src/panel/DD.js","requires":[0,253,254],"uses":[],"idx":255},{"path":"../ext/src/layout/component/Dock.js","requires":[0,213,266],"uses":[2,46,95,203],"idx":256},{"path":"../ext/src/util/Memento.js","requires":[13,14,15,16,21],"uses":[],"idx":257},{"path":"../ext/src/container/DockingContainer.js","requires":[0,13,14,15,16,21,46,64],"uses":[45,61,95],"idx":258},{"path":"../ext/src/panel/Panel.js","requires":[0,46,64,82,106,208,209,232,248,255,256,257,258,267],"uses":[7,8,16,19,58,127,172,192,199,206,214,231,273],"idx":259},{"path":"../ext/src/tip/Tip.js","requires":[0,259],"uses":[199],"idx":260},{"path":"../ext/src/tip/ToolTip.js","requires":[260],"uses":[0,1,5,19,46],"idx":261},{"path":"../ext/src/tip/QuickTip.js","requires":[261],"uses":[0],"idx":262},{"path":"../ext/src/tip/QuickTipManager.js","requires":[13,14,15,16,21,262],"uses":[0,1],"idx":263},{"path":"../ext/src/app/Application.js","requires":[0,64,226,228,263,268],"uses":[1,2,21,227],"idx":264},{"path":"../ext/packages/ext-theme-neptune/overrides/toolbar/Toolbar.js","requires":[13,14,15,16,21],"uses":[],"idx":265},{"path":"../ext/packages/ext-theme-neptune/overrides/layout/component/Dock.js","requires":[0,13,14,15,16,21],"uses":[],"idx":266},{"path":"../ext/packages/ext-theme-neptune/overrides/panel/Panel.js","requires":[0,13,14,15,16,21],"uses":[],"idx":267},{"path":"../ext/overrides/app/Application.js","requires":[0,13,14,15,16,21],"uses":[264],"idx":268},{"path":"../ext/src/dd/DragTracker.js","requires":[13,14,15,16,21,60],"uses":[0,19,36],"idx":269},{"path":"../ext/src/dd/DDTarget.js","requires":[0,249],"uses":[],"idx":270},{"path":"../ext/src/resizer/Splitter.js","requires":[0,106,199,272],"uses":[278],"idx":271},{"path":"../ext/packages/ext-theme-neptune/overrides/resizer/Splitter.js","requires":[13,14,15,16,21],"uses":[],"idx":272},{"path":"../ext/src/util/ComponentDragger.js","requires":[269],"uses":[0,36,46],"idx":273},{"path":"../ext/src/app/domain/Controller.js","requires":[217,228],"uses":[2,221],"idx":274},{"path":"../ext/src/plugin/Responsive.js","requires":[0,179],"uses":[1],"idx":275},{"path":"../ext/src/plugin/Viewport.js","requires":[275],"uses":[0,8,19,46],"idx":276},{"path":"../ext/src/container/Viewport.js","requires":[179,208,276],"uses":[],"idx":277},{"path":"../ext/src/resizer/SplitterTracker.js","requires":[0,36,269],"uses":[46],"idx":278},{"path":"../ext/src/dom/Layer.js","requires":[46],"uses":[0,45,216],"idx":279},{"path":"../ext/src/toolbar/TextItem.js","requires":[0,106,235],"uses":[],"idx":280},{"path":"../ext/src/menu/Item.js","requires":[0,170,199],"uses":[46,239,263],"idx":281},{"path":"../ext/src/menu/CheckItem.js","requires":[0,281],"uses":[239],"idx":282},{"path":"../ext/src/menu/KeyNav.js","requires":[210],"uses":[0,239],"idx":283},{"path":"../ext/src/menu/Separator.js","requires":[0,281,286],"uses":[],"idx":284},{"path":"../ext/src/menu/Menu.js","requires":[0,239,247,259,281,282,283,284,287],"uses":[19,46,47,92,127,214],"idx":285},{"path":"../ext/packages/ext-theme-neptune/overrides/menu/Separator.js","requires":[13,14,15,16,21],"uses":[],"idx":286},{"path":"../ext/packages/ext-theme-neptune/overrides/menu/Menu.js","requires":[13,14,15,16,21],"uses":[],"idx":287},{"path":"../ext/src/layout/ClassList.js","requires":[13,14,15,16,21],"uses":[0,2],"idx":288},{"path":"../ext/src/util/Queue.js","requires":[13,14,15,16,21],"uses":[2],"idx":289},{"path":"../ext/src/layout/ContextItem.js","requires":[13,14,15,16,21,288],"uses":[0,1,7,8,64,76,82,203],"idx":290},{"path":"../ext/src/layout/Context.js","requires":[13,14,15,16,21,76,82,181,204,289,290],"uses":[0,1,2],"idx":291},{"path":"../ext/src/plugin/Manager.js","requires":[13,14,15,16,21],"uses":[0],"idx":292},{"path":"../ext/src/resizer/ResizeTracker.js","requires":[0,269],"uses":[6,7],"idx":293},{"path":"../ext/src/resizer/Resizer.js","requires":[0,13,14,15,16,21,60],"uses":[4,7,19,45,46,199,293],"idx":294},{"path":"../ext/src/scroll/Indicator.js","requires":[0,13,14,15,16,21],"uses":[],"idx":295},{"path":"../ext/src/scroll/Manager.js","requires":[47,60,189,295],"uses":[0,19],"idx":296},{"path":"../ext/packages/ext-theme-neptune/overrides/tab/Tab.js","requires":[],"uses":[],"idx":297},{"path":"app/controller/Root.js","requires":[228],"uses":[],"idx":298},{"path":"app/Application.js","requires":[264,298],"uses":[],"idx":299},{"path":"app/view/main/Main.js","requires":[277],"uses":[],"idx":300},{"path":"app.js","requires":[51,52,53,54,85,86,87,88,103,127,200,206,214,264,265,266,267,268,272,276,286,287,297,298,299,300],"uses":[],"idx":301},{"path":"../build/temp/development/Ajax/sencha-compiler/app/full-page-master-bundle.js","requires":[301],"uses":[],"idx":302}],"classes":{"Ajax.Application":{"idx":299,"alias":[],"alternates":[]},"Ajax.controller.Main":{"alias":[],"alternates":[]},"Ajax.controller.Root":{"idx":298,"alias":[],"alternates":[]},"Ajax.view.main.Main":{"idx":300,"alias":[],"alternates":[]},"Ext.AbstractManager":{"alias":[],"alternates":[]},"Ext.Action":{"alias":[],"alternates":[]},"Ext.Ajax":{"idx":91,"alias":[],"alternates":[]},"Ext.AnimationQueue":{"idx":49,"alias":[],"alternates":[]},"Ext.Component":{"idx":199,"alias":["widget.box","widget.component"],"alternates":["Ext.AbstractComponent"]},"Ext.ComponentLoader":{"idx":202,"alias":[],"alternates":[]},"Ext.ComponentManager":{"idx":92,"alias":[],"alternates":["Ext.ComponentMgr"]},"Ext.ComponentQuery":{"idx":95,"alias":[],"alternates":[]},"Ext.Editor":{"alias":["widget.editor"],"alternates":[]},"Ext.ElementLoader":{"idx":201,"alias":[],"alternates":[]},"Ext.EventManager":{"alias":[],"alternates":[]},"Ext.Evented":{"idx":96,"alias":[],"alternates":["Ext.EventedBase"]},"Ext.FocusManager":{"alias":[],"alternates":["Ext.FocusMgr"]},"Ext.GlobalEvents":{"idx":47,"alias":[],"alternates":["Ext.globalEvents"]},"Ext.Img":{"alias":["widget.image","widget.imagecomponent"],"alternates":[]},"Ext.LoadMask":{"idx":212,"alias":["widget.loadmask"],"alternates":[]},"Ext.Mixin":{"idx":42,"alias":[],"alternates":[]},"Ext.ProgressBar":{"alias":["widget.progressbar"],"alternates":[]},"Ext.ProgressBarWidget":{"alias":["widget.progressbarwidget"],"alternates":[]},"Ext.Shadow":{"idx":216,"alias":[],"alternates":[]},"Ext.ShadowPool":{"idx":215,"alias":[],"alternates":[]},"Ext.TaskQueue":{"alias":[],"alternates":[]},"Ext.Template":{"idx":99,"alias":[],"alternates":[]},"Ext.Widget":{"idx":102,"alias":["widget.widget"],"alternates":[]},"Ext.XTemplate":{"idx":106,"alias":[],"alternates":[]},"Ext.ZIndexManager":{"idx":207,"alias":[],"alternates":["Ext.WindowGroup"]},"Ext.app.Application":{"idx":264,"alias":[],"alternates":[]},"Ext.app.BaseController":{"idx":221,"alias":[],"alternates":[]},"Ext.app.Controller":{"idx":228,"alias":[],"alternates":[]},"Ext.app.EventBus":{"idx":219,"alias":[],"alternates":[]},"Ext.app.EventDomain":{"idx":217,"alias":[],"alternates":[]},"Ext.app.Util":{"idx":222,"alias":[],"alternates":[]},"Ext.app.ViewController":{"alias":[],"alternates":[]},"Ext.app.ViewModel":{"alias":["viewmodel.default"],"alternates":[]},"Ext.app.bind.AbstractStub":{"alias":[],"alternates":[]},"Ext.app.bind.BaseBinding":{"alias":[],"alternates":[]},"Ext.app.bind.Binding":{"alias":[],"alternates":[]},"Ext.app.bind.Formula":{"alias":[],"alternates":[]},"Ext.app.bind.LinkStub":{"alias":[],"alternates":[]},"Ext.app.bind.Multi":{"alias":[],"alternates":[]},"Ext.app.bind.RootStub":{"alias":[],"alternates":[]},"Ext.app.bind.Stub":{"alias":[],"alternates":[]},"Ext.app.bind.Template":{"alias":[],"alternates":[]},"Ext.app.bind.TemplateBinding":{"alias":[],"alternates":[]},"Ext.app.bindinspector.ComponentDetail":{"alias":["widget.bindinspector-componentdetail"],"alternates":[]},"Ext.app.bindinspector.ComponentList":{"alias":["widget.bindinspector-componentlist"],"alternates":[]},"Ext.app.bindinspector.Container":{"alias":["widget.bindinspector-container"],"alternates":[]},"Ext.app.bindinspector.Environment":{"alias":[],"alternates":[]},"Ext.app.bindinspector.Inspector":{"alias":[],"alternates":[]},"Ext.app.bindinspector.Util":{"alias":[],"alternates":[]},"Ext.app.bindinspector.ViewModelDetail":{"alias":["widget.bindinspector-viewmodeldetail"],"alternates":[]},"Ext.app.bindinspector.noconflict.BaseModel":{"alias":[],"alternates":[]},"Ext.app.domain.Component":{"idx":218,"alias":[],"alternates":[]},"Ext.app.domain.Controller":{"idx":274,"alias":[],"alternates":[]},"Ext.app.domain.Direct":{"alias":[],"alternates":[]},"Ext.app.domain.Global":{"idx":220,"alias":[],"alternates":[]},"Ext.app.domain.Store":{"idx":223,"alias":[],"alternates":[]},"Ext.app.domain.View":{"alias":[],"alternates":[]},"Ext.app.route.Queue":{"idx":224,"alias":[],"alternates":[]},"Ext.app.route.Route":{"idx":225,"alias":[],"alternates":[]},"Ext.app.route.Router":{"idx":227,"alias":[],"alternates":[]},"Ext.button.Button":{"idx":241,"alias":["widget.button"],"alternates":["Ext.Button"]},"Ext.button.Cycle":{"alias":["widget.cycle"],"alternates":["Ext.CycleButton"]},"Ext.button.Manager":{"idx":238,"alias":[],"alternates":["Ext.ButtonToggleManager"]},"Ext.button.Segmented":{"alias":["widget.segmentedbutton"],"alternates":[]},"Ext.button.Split":{"alias":["widget.splitbutton"],"alternates":["Ext.SplitButton"]},"Ext.container.ButtonGroup":{"alias":["widget.buttongroup"],"alternates":["Ext.ButtonGroup"]},"Ext.container.Container":{"idx":208,"alias":["widget.container"],"alternates":["Ext.Container","Ext.AbstractContainer"]},"Ext.container.DockingContainer":{"idx":258,"alias":[],"alternates":[]},"Ext.container.Monitor":{"alias":[],"alternates":[]},"Ext.container.Viewport":{"idx":277,"alias":["widget.viewport"],"alternates":["Ext.Viewport"]},"Ext.dashboard.Column":{"alias":["widget.dashboard-column"],"alternates":[]},"Ext.dashboard.Dashboard":{"alias":["widget.dashboard"],"alternates":[]},"Ext.dashboard.DropZone":{"alias":[],"alternates":[]},"Ext.dashboard.Panel":{"alias":["widget.dashboard-panel"],"alternates":[]},"Ext.dashboard.Part":{"alias":["part.part"],"alternates":[]},"Ext.data.AbstractStore":{"idx":128,"alias":[],"alternates":[]},"Ext.data.ArrayStore":{"idx":165,"alias":["store.array"],"alternates":["Ext.data.SimpleStore"]},"Ext.data.Batch":{"idx":120,"alias":[],"alternates":[]},"Ext.data.BufferedStore":{"idx":167,"alias":["store.buffered"],"alternates":[]},"Ext.data.ChainedStore":{"alias":["store.chained"],"alternates":[]},"Ext.data.Connection":{"idx":90,"alias":[],"alternates":[]},"Ext.data.DirectStore":{"alias":["store.direct"],"alternates":[]},"Ext.data.Error":{"idx":142,"alias":[],"alternates":[]},"Ext.data.ErrorCollection":{"idx":143,"alias":[],"alternates":["Ext.data.Errors"]},"Ext.data.JsonP":{"alias":[],"alternates":[]},"Ext.data.JsonPStore":{"alias":["store.jsonp"],"alternates":[]},"Ext.data.JsonStore":{"alias":["store.json"],"alternates":[]},"Ext.data.LocalStore":{"idx":129,"alias":[],"alternates":[]},"Ext.data.Model":{"idx":154,"alias":[],"alternates":["Ext.data.Record"]},"Ext.data.ModelManager":{"alias":[],"alternates":["Ext.ModelMgr"]},"Ext.data.NodeInterface":{"alias":[],"alternates":[]},"Ext.data.NodeStore":{"alias":["store.node"],"alternates":[]},"Ext.data.PageMap":{"idx":166,"alias":[],"alternates":[]},"Ext.data.ProxyStore":{"idx":141,"alias":[],"alternates":[]},"Ext.data.Request":{"idx":168,"alias":[],"alternates":[]},"Ext.data.ResultSet":{"idx":130,"alias":[],"alternates":[]},"Ext.data.Session":{"idx":127,"alias":[],"alternates":[]},"Ext.data.SortTypes":{"idx":144,"alias":[],"alternates":[]},"Ext.data.Store":{"idx":163,"alias":["store.store"],"alternates":[]},"Ext.data.StoreManager":{"idx":169,"alias":[],"alternates":["Ext.StoreMgr","Ext.data.StoreMgr","Ext.StoreManager"]},"Ext.data.TreeModel":{"alias":[],"alternates":[]},"Ext.data.TreeStore":{"alias":["store.tree"],"alternates":[]},"Ext.data.Types":{"alias":[],"alternates":[]},"Ext.data.Validation":{"idx":171,"alias":[],"alternates":[]},"Ext.data.XmlStore":{"alias":["store.xml"],"alternates":[]},"Ext.data.field.Boolean":{"idx":147,"alias":["data.field.bool","data.field.boolean"],"alternates":[]},"Ext.data.field.Date":{"idx":148,"alias":["data.field.date"],"alternates":[]},"Ext.data.field.Field":{"idx":146,"alias":["data.field.auto"],"alternates":["Ext.data.Field"]},"Ext.data.field.Integer":{"idx":149,"alias":["data.field.int","data.field.integer"],"alternates":[]},"Ext.data.field.Number":{"idx":150,"alias":["data.field.float","data.field.number"],"alternates":[]},"Ext.data.field.String":{"idx":151,"alias":["data.field.string"],"alternates":[]},"Ext.data.flash.BinaryXhr":{"idx":89,"alias":[],"alternates":[]},"Ext.data.identifier.Generator":{"idx":152,"alias":["data.identifier.default"],"alternates":[]},"Ext.data.identifier.Negative":{"alias":["data.identifier.negative"],"alternates":[]},"Ext.data.identifier.Sequential":{"idx":153,"alias":["data.identifier.sequential"],"alternates":[]},"Ext.data.identifier.Uuid":{"alias":["data.identifier.uuid"],"alternates":[]},"Ext.data.matrix.Matrix":{"idx":123,"alias":[],"alternates":[]},"Ext.data.matrix.Side":{"idx":122,"alias":[],"alternates":[]},"Ext.data.matrix.Slice":{"idx":121,"alias":[],"alternates":[]},"Ext.data.operation.Create":{"idx":137,"alias":["data.operation.create"],"alternates":[]},"Ext.data.operation.Destroy":{"idx":138,"alias":["data.operation.destroy"],"alternates":[]},"Ext.data.operation.Operation":{"idx":136,"alias":[],"alternates":["Ext.data.Operation"]},"Ext.data.operation.Read":{"idx":139,"alias":["data.operation.read"],"alternates":[]},"Ext.data.operation.Update":{"idx":140,"alias":["data.operation.update"],"alternates":[]},"Ext.data.proxy.Ajax":{"idx":156,"alias":["proxy.ajax"],"alternates":["Ext.data.HttpProxy","Ext.data.AjaxProxy"]},"Ext.data.proxy.Client":{"idx":134,"alias":[],"alternates":["Ext.data.ClientProxy"]},"Ext.data.proxy.Direct":{"alias":["proxy.direct"],"alternates":["Ext.data.DirectProxy"]},"Ext.data.proxy.JsonP":{"alias":["proxy.jsonp","proxy.scripttag"],"alternates":["Ext.data.ScriptTagProxy"]},"Ext.data.proxy.LocalStorage":{"alias":["proxy.localstorage"],"alternates":["Ext.data.LocalStorageProxy"]},"Ext.data.proxy.Memory":{"idx":135,"alias":["proxy.memory"],"alternates":["Ext.data.MemoryProxy"]},"Ext.data.proxy.Proxy":{"idx":133,"alias":["proxy.proxy"],"alternates":["Ext.data.DataProxy","Ext.data.Proxy"]},"Ext.data.proxy.Rest":{"alias":["proxy.rest"],"alternates":["Ext.data.RestProxy"]},"Ext.data.proxy.Server":{"idx":155,"alias":["proxy.server"],"alternates":["Ext.data.ServerProxy"]},"Ext.data.proxy.SessionStorage":{"alias":["proxy.sessionstorage"],"alternates":["Ext.data.SessionStorageProxy"]},"Ext.data.proxy.Sql":{"alias":["proxy.sql"],"alternates":["Ext.data.proxy.SQL"]},"Ext.data.proxy.WebStorage":{"alias":[],"alternates":["Ext.data.WebStorageProxy"]},"Ext.data.reader.Array":{"idx":164,"alias":["reader.array"],"alternates":["Ext.data.ArrayReader"]},"Ext.data.reader.Json":{"idx":157,"alias":["reader.json"],"alternates":["Ext.data.JsonReader"]},"Ext.data.reader.Reader":{"idx":131,"alias":["reader.base"],"alternates":["Ext.data.Reader","Ext.data.DataReader"]},"Ext.data.reader.Xml":{"alias":["reader.xml"],"alternates":["Ext.data.XmlReader"]},"Ext.data.schema.Association":{"idx":113,"alias":[],"alternates":[]},"Ext.data.schema.ManyToMany":{"idx":116,"alias":[],"alternates":[]},"Ext.data.schema.ManyToOne":{"idx":115,"alias":[],"alternates":[]},"Ext.data.schema.Namer":{"idx":118,"alias":["namer.default"],"alternates":[]},"Ext.data.schema.OneToOne":{"idx":114,"alias":[],"alternates":[]},"Ext.data.schema.Role":{"idx":112,"alias":[],"alternates":[]},"Ext.data.schema.Schema":{"idx":119,"alias":["schema.default"],"alternates":[]},"Ext.data.session.BatchVisitor":{"idx":126,"alias":[],"alternates":[]},"Ext.data.session.ChangesVisitor":{"idx":124,"alias":[],"alternates":[]},"Ext.data.session.ChildChangesVisitor":{"idx":125,"alias":[],"alternates":[]},"Ext.data.validator.Bound":{"alias":["data.validator.bound"],"alternates":[]},"Ext.data.validator.Email":{"alias":["data.validator.email"],"alternates":[]},"Ext.data.validator.Exclusion":{"alias":["data.validator.exclusion"],"alternates":[]},"Ext.data.validator.Format":{"alias":["data.validator.format"],"alternates":[]},"Ext.data.validator.Inclusion":{"alias":["data.validator.inclusion"],"alternates":[]},"Ext.data.validator.Length":{"alias":["data.validator.length"],"alternates":[]},"Ext.data.validator.List":{"alias":["data.validator.list"],"alternates":[]},"Ext.data.validator.Presence":{"alias":["data.validator.presence"],"alternates":[]},"Ext.data.validator.Range":{"alias":["data.validator.range"],"alternates":[]},"Ext.data.validator.Validator":{"idx":145,"alias":["data.validator.base"],"alternates":[]},"Ext.data.writer.Json":{"idx":158,"alias":["writer.json"],"alternates":["Ext.data.JsonWriter"]},"Ext.data.writer.Writer":{"idx":132,"alias":["writer.base"],"alternates":["Ext.data.DataWriter","Ext.data.Writer"]},"Ext.data.writer.Xml":{"alias":["writer.xml"],"alternates":["Ext.data.XmlWriter"]},"Ext.dd.DD":{"idx":250,"alias":[],"alternates":[]},"Ext.dd.DDProxy":{"idx":251,"alias":[],"alternates":[]},"Ext.dd.DDTarget":{"idx":270,"alias":[],"alternates":[]},"Ext.dd.DragDrop":{"idx":249,"alias":[],"alternates":[]},"Ext.dd.DragDropManager":{"idx":244,"alias":[],"alternates":["Ext.dd.DragDropMgr","Ext.dd.DDM"]},"Ext.dd.DragSource":{"idx":253,"alias":[],"alternates":[]},"Ext.dd.DragTracker":{"idx":269,"alias":[],"alternates":[]},"Ext.dd.DragZone":{"alias":[],"alternates":[]},"Ext.dd.DropTarget":{"alias":[],"alternates":[]},"Ext.dd.DropZone":{"alias":[],"alternates":[]},"Ext.dd.Registry":{"alias":[],"alternates":[]},"Ext.dd.ScrollManager":{"alias":[],"alternates":[]},"Ext.dd.StatusProxy":{"idx":252,"alias":[],"alternates":[]},"Ext.direct.Event":{"alias":["direct.event"],"alternates":[]},"Ext.direct.ExceptionEvent":{"alias":["direct.exception"],"alternates":[]},"Ext.direct.JsonProvider":{"alias":["direct.jsonprovider"],"alternates":[]},"Ext.direct.Manager":{"alias":[],"alternates":[]},"Ext.direct.PollingProvider":{"alias":["direct.pollingprovider"],"alternates":[]},"Ext.direct.Provider":{"alias":["direct.provider"],"alternates":[]},"Ext.direct.RemotingEvent":{"alias":["direct.rpc"],"alternates":[]},"Ext.direct.RemotingMethod":{"alias":[],"alternates":[]},"Ext.direct.RemotingProvider":{"alias":["direct.remotingprovider"],"alternates":[]},"Ext.direct.Transaction":{"alias":["direct.transaction"],"alternates":["Ext.Direct.Transaction"]},"Ext.dom.ButtonElement":{"idx":237,"alias":[],"alternates":[]},"Ext.dom.CompositeElement":{"idx":172,"alias":[],"alternates":["Ext.CompositeElement"]},"Ext.dom.CompositeElementLite":{"idx":56,"alias":[],"alternates":["Ext.CompositeElementLite"]},"Ext.dom.Element":{"idx":46,"alias":[],"alternates":["Ext.Element"]},"Ext.dom.Fly":{"idx":55,"alias":[],"alternates":["Ext.dom.Element.Fly"]},"Ext.dom.GarbageCollector":{"idx":84,"alias":[],"alternates":[]},"Ext.dom.Helper":{"idx":45,"alias":[],"alternates":["Ext.DomHelper","Ext.core.DomHelper"]},"Ext.dom.Layer":{"idx":279,"alias":[],"alternates":["Ext.Layer"]},"Ext.dom.Query":{"alias":[],"alternates":["Ext.core.DomQuery","Ext.DomQuery"]},"Ext.event.Controller":{"idx":40,"alias":[],"alternates":[]},"Ext.event.Dispatcher":{"idx":41,"alias":[],"alternates":[]},"Ext.event.Event":{"idx":38,"alias":[],"alternates":["Ext.EventObjectImpl"]},"Ext.event.ListenerStack":{"idx":39,"alias":[],"alternates":[]},"Ext.event.gesture.DoubleTap":{"idx":25,"alias":[],"alternates":[]},"Ext.event.gesture.Drag":{"idx":26,"alias":[],"alternates":[]},"Ext.event.gesture.EdgeSwipe":{"idx":28,"alias":[],"alternates":[]},"Ext.event.gesture.LongPress":{"idx":29,"alias":[],"alternates":[]},"Ext.event.gesture.MultiTouch":{"idx":30,"alias":[],"alternates":[]},"Ext.event.gesture.Pinch":{"idx":31,"alias":[],"alternates":[]},"Ext.event.gesture.Recognizer":{"idx":23,"alias":[],"alternates":[]},"Ext.event.gesture.Rotate":{"idx":32,"alias":[],"alternates":[]},"Ext.event.gesture.SingleTouch":{"idx":24,"alias":[],"alternates":[]},"Ext.event.gesture.Swipe":{"idx":27,"alias":[],"alternates":[]},"Ext.event.gesture.Tap":{"idx":33,"alias":[],"alternates":[]},"Ext.event.publisher.Dom":{"idx":48,"alias":[],"alternates":[]},"Ext.event.publisher.ElementPaint":{"alias":[],"alternates":[]},"Ext.event.publisher.ElementSize":{"alias":[],"alternates":[]},"Ext.event.publisher.Gesture":{"idx":50,"alias":[],"alternates":["Ext.event.publisher.TouchGesture"]},"Ext.event.publisher.Publisher":{"idx":34,"alias":[],"alternates":[]},"Ext.flash.Component":{"alias":["widget.flash"],"alternates":["Ext.FlashComponent"]},"Ext.form.Basic":{"alias":[],"alternates":["Ext.form.BasicForm"]},"Ext.form.CheckboxGroup":{"alias":["widget.checkboxgroup"],"alternates":[]},"Ext.form.CheckboxManager":{"alias":[],"alternates":[]},"Ext.form.FieldAncestor":{"alias":[],"alternates":[]},"Ext.form.FieldContainer":{"alias":["widget.fieldcontainer"],"alternates":[]},"Ext.form.FieldSet":{"alias":["widget.fieldset"],"alternates":[]},"Ext.form.Label":{"alias":["widget.label"],"alternates":[]},"Ext.form.Labelable":{"alias":[],"alternates":[]},"Ext.form.Panel":{"alias":["widget.form"],"alternates":["Ext.FormPanel","Ext.form.FormPanel"]},"Ext.form.RadioGroup":{"alias":["widget.radiogroup"],"alternates":[]},"Ext.form.RadioManager":{"alias":[],"alternates":[]},"Ext.form.action.Action":{"alias":[],"alternates":["Ext.form.Action"]},"Ext.form.action.DirectLoad":{"alias":["formaction.directload"],"alternates":["Ext.form.Action.DirectLoad"]},"Ext.form.action.DirectSubmit":{"alias":["formaction.directsubmit"],"alternates":["Ext.form.Action.DirectSubmit"]},"Ext.form.action.Load":{"alias":["formaction.load"],"alternates":["Ext.form.Action.Load"]},"Ext.form.action.StandardSubmit":{"alias":["formaction.standardsubmit"],"alternates":[]},"Ext.form.action.Submit":{"alias":["formaction.submit"],"alternates":["Ext.form.Action.Submit"]},"Ext.form.field.Base":{"alias":["widget.field"],"alternates":["Ext.form.Field","Ext.form.BaseField"]},"Ext.form.field.Checkbox":{"alias":["widget.checkbox","widget.checkboxfield"],"alternates":["Ext.form.Checkbox"]},"Ext.form.field.ComboBox":{"alias":["widget.combo","widget.combobox"],"alternates":["Ext.form.ComboBox"]},"Ext.form.field.Date":{"alias":["widget.datefield"],"alternates":["Ext.form.DateField","Ext.form.Date"]},"Ext.form.field.Display":{"alias":["widget.displayfield"],"alternates":["Ext.form.DisplayField","Ext.form.Display"]},"Ext.form.field.Field":{"alias":[],"alternates":[]},"Ext.form.field.File":{"alias":["widget.filefield","widget.fileuploadfield"],"alternates":["Ext.form.FileUploadField","Ext.ux.form.FileUploadField","Ext.form.File"]},"Ext.form.field.FileButton":{"alias":["widget.filebutton"],"alternates":[]},"Ext.form.field.Hidden":{"alias":["widget.hidden","widget.hiddenfield"],"alternates":["Ext.form.Hidden"]},"Ext.form.field.HtmlEditor":{"alias":["widget.htmleditor"],"alternates":["Ext.form.HtmlEditor"]},"Ext.form.field.Number":{"alias":["widget.numberfield"],"alternates":["Ext.form.NumberField","Ext.form.Number"]},"Ext.form.field.Picker":{"alias":["widget.pickerfield"],"alternates":["Ext.form.Picker"]},"Ext.form.field.Radio":{"alias":["widget.radio","widget.radiofield"],"alternates":["Ext.form.Radio"]},"Ext.form.field.Spinner":{"alias":["widget.spinnerfield"],"alternates":["Ext.form.Spinner"]},"Ext.form.field.Tag":{"alias":["widget.tagfield"],"alternates":[]},"Ext.form.field.Text":{"alias":["widget.textfield"],"alternates":["Ext.form.TextField","Ext.form.Text"]},"Ext.form.field.TextArea":{"alias":["widget.textarea","widget.textareafield"],"alternates":["Ext.form.TextArea"]},"Ext.form.field.Time":{"alias":["widget.timefield"],"alternates":["Ext.form.TimeField","Ext.form.Time"]},"Ext.form.field.Trigger":{"alias":["widget.trigger","widget.triggerfield"],"alternates":["Ext.form.TriggerField","Ext.form.TwinTriggerField","Ext.form.Trigger"]},"Ext.form.field.VTypes":{"alias":[],"alternates":["Ext.form.VTypes"]},"Ext.form.trigger.Component":{"alias":["trigger.component"],"alternates":[]},"Ext.form.trigger.Spinner":{"alias":["trigger.spinner"],"alternates":[]},"Ext.form.trigger.Trigger":{"alias":["trigger.trigger"],"alternates":[]},"Ext.fx.Anim":{"idx":82,"alias":[],"alternates":[]},"Ext.fx.Animation":{"alias":[],"alternates":[]},"Ext.fx.Animator":{"idx":77,"alias":[],"alternates":[]},"Ext.fx.CubicBezier":{"idx":78,"alias":[],"alternates":[]},"Ext.fx.DrawPath":{"idx":80,"alias":[],"alternates":[]},"Ext.fx.Easing":{"idx":79,"alias":[],"alternates":[]},"Ext.fx.Manager":{"idx":76,"alias":[],"alternates":[]},"Ext.fx.PropertyHandler":{"idx":81,"alias":[],"alternates":[]},"Ext.fx.Queue":{"idx":75,"alias":[],"alternates":[]},"Ext.fx.Runner":{"alias":[],"alternates":[]},"Ext.fx.State":{"alias":[],"alternates":[]},"Ext.fx.animation.Abstract":{"alias":[],"alternates":[]},"Ext.fx.animation.Cube":{"alias":["animation.cube"],"alternates":[]},"Ext.fx.animation.Fade":{"alias":["animation.fade","animation.fadeIn"],"alternates":["Ext.fx.animation.FadeIn"]},"Ext.fx.animation.FadeOut":{"alias":["animation.fadeOut"],"alternates":[]},"Ext.fx.animation.Flip":{"alias":["animation.flip"],"alternates":[]},"Ext.fx.animation.Pop":{"alias":["animation.pop","animation.popIn"],"alternates":["Ext.fx.animation.PopIn"]},"Ext.fx.animation.PopOut":{"alias":["animation.popOut"],"alternates":[]},"Ext.fx.animation.Slide":{"alias":["animation.slide","animation.slideIn"],"alternates":["Ext.fx.animation.SlideIn"]},"Ext.fx.animation.SlideOut":{"alias":["animation.slideOut"],"alternates":[]},"Ext.fx.animation.Wipe":{"alias":[],"alternates":["Ext.fx.animation.WipeIn"]},"Ext.fx.animation.WipeOut":{"alias":[],"alternates":[]},"Ext.fx.easing.Abstract":{"idx":173,"alias":[],"alternates":[]},"Ext.fx.easing.Bounce":{"idx":174,"alias":[],"alternates":[]},"Ext.fx.easing.BoundMomentum":{"idx":176,"alias":[],"alternates":[]},"Ext.fx.easing.EaseIn":{"alias":["easing.ease-in"],"alternates":[]},"Ext.fx.easing.EaseOut":{"idx":178,"alias":["easing.ease-out"],"alternates":[]},"Ext.fx.easing.Easing":{"alias":[],"alternates":[]},"Ext.fx.easing.Linear":{"idx":177,"alias":["easing.linear"],"alternates":[]},"Ext.fx.easing.Momentum":{"idx":175,"alias":[],"alternates":[]},"Ext.fx.layout.Card":{"alias":[],"alternates":[]},"Ext.fx.layout.card.Abstract":{"alias":[],"alternates":[]},"Ext.fx.layout.card.Cover":{"alias":["fx.layout.card.cover"],"alternates":[]},"Ext.fx.layout.card.Cube":{"alias":["fx.layout.card.cube"],"alternates":[]},"Ext.fx.layout.card.Fade":{"alias":["fx.layout.card.fade"],"alternates":[]},"Ext.fx.layout.card.Flip":{"alias":["fx.layout.card.flip"],"alternates":[]},"Ext.fx.layout.card.Pop":{"alias":["fx.layout.card.pop"],"alternates":[]},"Ext.fx.layout.card.Reveal":{"alias":["fx.layout.card.reveal"],"alternates":[]},"Ext.fx.layout.card.Scroll":{"alias":["fx.layout.card.scroll"],"alternates":[]},"Ext.fx.layout.card.ScrollCover":{"alias":["fx.layout.card.scrollcover"],"alternates":[]},"Ext.fx.layout.card.ScrollReveal":{"alias":["fx.layout.card.scrollreveal"],"alternates":[]},"Ext.fx.layout.card.Slide":{"alias":["fx.layout.card.slide"],"alternates":[]},"Ext.fx.layout.card.Style":{"alias":[],"alternates":[]},"Ext.fx.runner.Css":{"alias":[],"alternates":[]},"Ext.fx.runner.CssAnimation":{"alias":[],"alternates":[]},"Ext.fx.runner.CssTransition":{"alias":[],"alternates":[]},"Ext.fx.target.Component":{"idx":73,"alias":[],"alternates":[]},"Ext.fx.target.CompositeElement":{"idx":69,"alias":[],"alternates":[]},"Ext.fx.target.CompositeElementCSS":{"idx":70,"alias":[],"alternates":[]},"Ext.fx.target.CompositeSprite":{"idx":72,"alias":[],"alternates":[]},"Ext.fx.target.Element":{"idx":67,"alias":[],"alternates":[]},"Ext.fx.target.ElementCSS":{"idx":68,"alias":[],"alternates":[]},"Ext.fx.target.Sprite":{"idx":71,"alias":[],"alternates":[]},"Ext.fx.target.Target":{"idx":66,"alias":[],"alternates":[]},"Ext.grid.CellContext":{"alias":[],"alternates":[]},"Ext.grid.CellEditor":{"alias":[],"alternates":[]},"Ext.grid.ColumnComponentLayout":{"alias":["layout.columncomponent"],"alternates":[]},"Ext.grid.ColumnLayout":{"alias":["layout.gridcolumn"],"alternates":[]},"Ext.grid.ColumnManager":{"alias":[],"alternates":["Ext.grid.ColumnModel"]},"Ext.grid.Panel":{"alias":["widget.grid","widget.gridpanel"],"alternates":["Ext.list.ListView","Ext.ListView","Ext.grid.GridPanel"]},"Ext.grid.RowEditor":{"alias":["widget.roweditor"],"alternates":[]},"Ext.grid.RowEditorButtons":{"alias":["widget.roweditorbuttons"],"alternates":[]},"Ext.grid.Scroller":{"alias":[],"alternates":[]},"Ext.grid.View":{"alias":["widget.gridview"],"alternates":[]},"Ext.grid.ViewDropZone":{"alias":[],"alternates":[]},"Ext.grid.column.Action":{"alias":["widget.actioncolumn"],"alternates":["Ext.grid.ActionColumn"]},"Ext.grid.column.Boolean":{"alias":["widget.booleancolumn"],"alternates":["Ext.grid.BooleanColumn"]},"Ext.grid.column.Check":{"alias":["widget.checkcolumn"],"alternates":["Ext.ux.CheckColumn","Ext.grid.column.CheckColumn"]},"Ext.grid.column.Column":{"alias":["widget.gridcolumn"],"alternates":["Ext.grid.Column"]},"Ext.grid.column.Date":{"alias":["widget.datecolumn"],"alternates":["Ext.grid.DateColumn"]},"Ext.grid.column.Number":{"alias":["widget.numbercolumn"],"alternates":["Ext.grid.NumberColumn"]},"Ext.grid.column.RowNumberer":{"alias":["widget.rownumberer"],"alternates":["Ext.grid.RowNumberer"]},"Ext.grid.column.Template":{"alias":["widget.templatecolumn"],"alternates":["Ext.grid.TemplateColumn"]},"Ext.grid.column.Widget":{"alias":["widget.widgetcolumn"],"alternates":[]},"Ext.grid.feature.AbstractSummary":{"alias":["feature.abstractsummary"],"alternates":[]},"Ext.grid.feature.Feature":{"alias":["feature.feature"],"alternates":[]},"Ext.grid.feature.GroupStore":{"alias":[],"alternates":[]},"Ext.grid.feature.Grouping":{"alias":["feature.grouping"],"alternates":[]},"Ext.grid.feature.GroupingSummary":{"alias":["feature.groupingsummary"],"alternates":[]},"Ext.grid.feature.RowBody":{"alias":["feature.rowbody"],"alternates":[]},"Ext.grid.feature.Summary":{"alias":["feature.summary"],"alternates":[]},"Ext.grid.filters.Filters":{"alias":["plugin.gridfilters"],"alternates":[]},"Ext.grid.filters.filter.Base":{"alias":[],"alternates":[]},"Ext.grid.filters.filter.Boolean":{"alias":["grid.filter.boolean"],"alternates":[]},"Ext.grid.filters.filter.Date":{"alias":["grid.filter.date"],"alternates":[]},"Ext.grid.filters.filter.List":{"alias":["grid.filter.list"],"alternates":[]},"Ext.grid.filters.filter.Number":{"alias":["grid.filter.number","grid.filter.numeric"],"alternates":[]},"Ext.grid.filters.filter.SingleFilter":{"alias":[],"alternates":[]},"Ext.grid.filters.filter.String":{"alias":["grid.filter.string"],"alternates":[]},"Ext.grid.filters.filter.TriFilter":{"alias":[],"alternates":[]},"Ext.grid.header.Container":{"alias":["widget.headercontainer"],"alternates":[]},"Ext.grid.header.DragZone":{"alias":[],"alternates":[]},"Ext.grid.header.DropZone":{"alias":[],"alternates":[]},"Ext.grid.locking.HeaderContainer":{"alias":[],"alternates":[]},"Ext.grid.locking.Lockable":{"alias":[],"alternates":["Ext.grid.Lockable"]},"Ext.grid.locking.View":{"alias":[],"alternates":["Ext.grid.LockingView"]},"Ext.grid.plugin.BufferedRenderer":{"alias":["plugin.bufferedrenderer"],"alternates":[]},"Ext.grid.plugin.CellEditing":{"alias":["plugin.cellediting"],"alternates":[]},"Ext.grid.plugin.DragDrop":{"alias":["plugin.gridviewdragdrop"],"alternates":[]},"Ext.grid.plugin.Editing":{"alias":["editing.editing"],"alternates":[]},"Ext.grid.plugin.HeaderReorderer":{"alias":["plugin.gridheaderreorderer"],"alternates":[]},"Ext.grid.plugin.HeaderResizer":{"alias":["plugin.gridheaderresizer"],"alternates":[]},"Ext.grid.plugin.RowEditing":{"alias":["plugin.rowediting"],"alternates":[]},"Ext.grid.plugin.RowExpander":{"alias":["plugin.rowexpander"],"alternates":[]},"Ext.grid.property.Grid":{"alias":["widget.propertygrid"],"alternates":["Ext.grid.PropertyGrid"]},"Ext.grid.property.HeaderContainer":{"alias":[],"alternates":["Ext.grid.PropertyColumnModel"]},"Ext.grid.property.Property":{"alias":[],"alternates":["Ext.PropGridProperty"]},"Ext.grid.property.Reader":{"alias":[],"alternates":[]},"Ext.grid.property.Store":{"alias":[],"alternates":["Ext.grid.PropertyStore"]},"Ext.layout.ClassList":{"idx":288,"alias":[],"alternates":[]},"Ext.layout.Context":{"idx":291,"alias":[],"alternates":[]},"Ext.layout.ContextItem":{"idx":290,"alias":[],"alternates":[]},"Ext.layout.Layout":{"idx":204,"alias":[],"alternates":[]},"Ext.layout.SizeModel":{"idx":203,"alias":[],"alternates":[]},"Ext.layout.component.Auto":{"idx":214,"alias":["layout.autocomponent"],"alternates":[]},"Ext.layout.component.Body":{"alias":["layout.body"],"alternates":[]},"Ext.layout.component.BoundList":{"alias":["layout.boundlist"],"alternates":[]},"Ext.layout.component.Component":{"idx":213,"alias":[],"alternates":[]},"Ext.layout.component.Dock":{"idx":256,"alias":["layout.dock"],"alternates":["Ext.layout.component.AbstractDock"]},"Ext.layout.component.FieldSet":{"alias":["layout.fieldset"],"alternates":[]},"Ext.layout.component.ProgressBar":{"alias":["layout.progressbar"],"alternates":[]},"Ext.layout.component.field.FieldContainer":{"alias":["layout.fieldcontainer"],"alternates":[]},"Ext.layout.component.field.HtmlEditor":{"alias":["layout.htmleditor"],"alternates":[]},"Ext.layout.container.Absolute":{"alias":["layout.absolute"],"alternates":["Ext.layout.AbsoluteLayout"]},"Ext.layout.container.Accordion":{"alias":["layout.accordion"],"alternates":["Ext.layout.AccordionLayout"]},"Ext.layout.container.Anchor":{"alias":["layout.anchor"],"alternates":["Ext.layout.AnchorLayout"]},"Ext.layout.container.Auto":{"idx":206,"alias":["layout.auto","layout.autocontainer"],"alternates":[]},"Ext.layout.container.Border":{"alias":["layout.border"],"alternates":["Ext.layout.BorderLayout"]},"Ext.layout.container.Box":{"idx":245,"alias":["layout.box"],"alternates":["Ext.layout.BoxLayout"]},"Ext.layout.container.Card":{"alias":["layout.card"],"alternates":["Ext.layout.CardLayout"]},"Ext.layout.container.Center":{"alias":["layout.center","layout.ux.center"],"alternates":["Ext.ux.layout.Center"]},"Ext.layout.container.CheckboxGroup":{"alias":["layout.checkboxgroup"],"alternates":[]},"Ext.layout.container.Column":{"alias":["layout.column"],"alternates":["Ext.layout.ColumnLayout"]},"Ext.layout.container.ColumnSplitter":{"alias":["widget.columnsplitter"],"alternates":[]},"Ext.layout.container.ColumnSplitterTracker":{"alias":[],"alternates":[]},"Ext.layout.container.Container":{"idx":205,"alias":["layout.container"],"alternates":["Ext.layout.ContainerLayout"]},"Ext.layout.container.Editor":{"alias":["layout.editor"],"alternates":[]},"Ext.layout.container.Fit":{"alias":["layout.fit"],"alternates":["Ext.layout.FitLayout"]},"Ext.layout.container.Form":{"alias":["layout.form"],"alternates":["Ext.layout.FormLayout"]},"Ext.layout.container.HBox":{"idx":246,"alias":["layout.hbox"],"alternates":["Ext.layout.HBoxLayout"]},"Ext.layout.container.SegmentedButton":{"alias":["layout.segmentedbutton"],"alternates":[]},"Ext.layout.container.SplitColumn":{"alias":["layout.split-column"],"alternates":[]},"Ext.layout.container.Table":{"alias":["layout.table"],"alternates":["Ext.layout.TableLayout"]},"Ext.layout.container.VBox":{"idx":247,"alias":["layout.vbox"],"alternates":["Ext.layout.VBoxLayout"]},"Ext.layout.container.border.Region":{"alias":[],"alternates":[]},"Ext.layout.container.boxOverflow.Menu":{"idx":242,"alias":["box.overflow.Menu","box.overflow.menu"],"alternates":["Ext.layout.boxOverflow.Menu"]},"Ext.layout.container.boxOverflow.None":{"idx":234,"alias":["box.overflow.None","box.overflow.none"],"alternates":["Ext.layout.boxOverflow.None"]},"Ext.layout.container.boxOverflow.Scroller":{"idx":243,"alias":["box.overflow.Scroller","box.overflow.scroller"],"alternates":["Ext.layout.boxOverflow.Scroller"]},"Ext.menu.CheckItem":{"idx":282,"alias":["widget.menucheckitem"],"alternates":[]},"Ext.menu.ColorPicker":{"alias":["widget.colormenu"],"alternates":[]},"Ext.menu.DatePicker":{"alias":["widget.datemenu"],"alternates":[]},"Ext.menu.Item":{"idx":281,"alias":["widget.menuitem"],"alternates":["Ext.menu.TextItem"]},"Ext.menu.KeyNav":{"idx":283,"alias":[],"alternates":[]},"Ext.menu.Manager":{"idx":239,"alias":[],"alternates":["Ext.menu.MenuMgr"]},"Ext.menu.Menu":{"idx":285,"alias":["widget.menu"],"alternates":[]},"Ext.menu.Separator":{"idx":284,"alias":["widget.menuseparator"],"alternates":[]},"Ext.mixin.Bindable":{"idx":101,"alias":[],"alternates":[]},"Ext.mixin.Factoryable":{"idx":107,"alias":[],"alternates":[]},"Ext.mixin.Hookable":{"alias":[],"alternates":[]},"Ext.mixin.Identifiable":{"idx":22,"alias":[],"alternates":[]},"Ext.mixin.Inheritable":{"idx":100,"alias":[],"alternates":[]},"Ext.mixin.Mashup":{"alias":[],"alternates":[]},"Ext.mixin.Observable":{"idx":43,"alias":[],"alternates":[]},"Ext.mixin.Queryable":{"idx":170,"alias":[],"alternates":[]},"Ext.mixin.Responsive":{"idx":179,"alias":[],"alternates":[]},"Ext.mixin.Selectable":{"alias":[],"alternates":[]},"Ext.mixin.Templatable":{"alias":[],"alternates":[]},"Ext.mixin.Traversable":{"alias":[],"alternates":[]},"Ext.overrides.GlobalEvents":{"idx":86,"alias":[],"alternates":[]},"Ext.overrides.Widget":{"idx":103,"alias":[],"alternates":[]},"Ext.overrides.app.Application":{"idx":268,"alias":[],"alternates":[]},"Ext.overrides.dom.Element":{"idx":85,"alias":[],"alternates":[]},"Ext.overrides.dom.Helper":{"idx":54,"alias":[],"alternates":[]},"Ext.overrides.event.Event":{"idx":52,"alias":[],"alternates":[]},"Ext.overrides.event.publisher.Dom":{"idx":87,"alias":[],"alternates":[]},"Ext.overrides.event.publisher.Gesture":{"idx":88,"alias":[],"alternates":[]},"Ext.overrides.util.Positionable":{"idx":53,"alias":[],"alternates":[]},"Ext.panel.Bar":{"idx":229,"alias":[],"alternates":[]},"Ext.panel.DD":{"idx":255,"alias":[],"alternates":[]},"Ext.panel.Header":{"idx":232,"alias":["widget.header"],"alternates":[]},"Ext.panel.Panel":{"idx":259,"alias":["widget.panel"],"alternates":["Ext.Panel"]},"Ext.panel.Pinnable":{"alias":[],"alternates":[]},"Ext.panel.Proxy":{"idx":254,"alias":[],"alternates":["Ext.dd.PanelProxy"]},"Ext.panel.Table":{"alias":["widget.tablepanel"],"alternates":[]},"Ext.panel.Title":{"idx":230,"alias":["widget.title"],"alternates":[]},"Ext.panel.Tool":{"idx":231,"alias":["widget.tool"],"alternates":[]},"Ext.perf.Accumulator":{"idx":180,"alias":[],"alternates":[]},"Ext.perf.Monitor":{"idx":181,"alias":[],"alternates":["Ext.Perf"]},"Ext.picker.Color":{"alias":["widget.colorpicker"],"alternates":["Ext.ColorPalette"]},"Ext.picker.Date":{"alias":["widget.datepicker"],"alternates":["Ext.DatePicker"]},"Ext.picker.Month":{"alias":["widget.monthpicker"],"alternates":["Ext.MonthPicker"]},"Ext.picker.Time":{"alias":["widget.timepicker"],"alternates":[]},"Ext.plugin.Abstract":{"alias":[],"alternates":["Ext.AbstractPlugin"]},"Ext.plugin.Manager":{"idx":292,"alias":[],"alternates":["Ext.PluginManager","Ext.PluginMgr"]},"Ext.plugin.Responsive":{"idx":275,"alias":["plugin.responsive"],"alternates":[]},"Ext.plugin.Viewport":{"idx":276,"alias":["plugin.viewport"],"alternates":[]},"Ext.resizer.BorderSplitter":{"alias":["widget.bordersplitter"],"alternates":[]},"Ext.resizer.BorderSplitterTracker":{"alias":[],"alternates":[]},"Ext.resizer.Handle":{"alias":[],"alternates":[]},"Ext.resizer.ResizeTracker":{"idx":293,"alias":[],"alternates":[]},"Ext.resizer.Resizer":{"idx":294,"alias":[],"alternates":["Ext.Resizable"]},"Ext.resizer.Splitter":{"idx":271,"alias":["widget.splitter"],"alternates":[]},"Ext.resizer.SplitterTracker":{"idx":278,"alias":[],"alternates":[]},"Ext.rtl.Component":{"alias":[],"alternates":[]},"Ext.rtl.button.Button":{"alias":[],"alternates":[]},"Ext.rtl.button.Segmented":{"alias":[],"alternates":[]},"Ext.rtl.dd.DD":{"alias":[],"alternates":[]},"Ext.rtl.dom.Element":{"alias":[],"alternates":[]},"Ext.rtl.dom.Layer":{"alias":[],"alternates":[]},"Ext.rtl.event.Event":{"alias":[],"alternates":[]},"Ext.rtl.form.Labelable":{"alias":[],"alternates":[]},"Ext.rtl.form.field.Checkbox":{"alias":[],"alternates":[]},"Ext.rtl.form.field.File":{"alias":[],"alternates":[]},"Ext.rtl.form.field.FileButton":{"alias":[],"alternates":[]},"Ext.rtl.form.field.Spinner":{"alias":[],"alternates":[]},"Ext.rtl.grid.CellEditor":{"alias":[],"alternates":[]},"Ext.rtl.grid.ColumnLayout":{"alias":[],"alternates":[]},"Ext.rtl.grid.RowEditor":{"alias":[],"alternates":[]},"Ext.rtl.grid.column.Column":{"alias":[],"alternates":[]},"Ext.rtl.grid.feature.Summary":{"alias":[],"alternates":[]},"Ext.rtl.grid.plugin.HeaderResizer":{"alias":[],"alternates":[]},"Ext.rtl.grid.plugin.RowEditing":{"alias":[],"alternates":[]},"Ext.rtl.layout.ContextItem":{"alias":[],"alternates":[]},"Ext.rtl.layout.component.Dock":{"alias":[],"alternates":[]},"Ext.rtl.layout.container.Absolute":{"alias":[],"alternates":[]},"Ext.rtl.layout.container.Border":{"alias":[],"alternates":[]},"Ext.rtl.layout.container.Box":{"alias":[],"alternates":[]},"Ext.rtl.layout.container.Column":{"alias":[],"alternates":[]},"Ext.rtl.layout.container.HBox":{"alias":[],"alternates":[]},"Ext.rtl.layout.container.VBox":{"alias":[],"alternates":[]},"Ext.rtl.layout.container.boxOverflow.Menu":{"alias":[],"alternates":[]},"Ext.rtl.layout.container.boxOverflow.Scroller":{"alias":[],"alternates":[]},"Ext.rtl.panel.Bar":{"alias":[],"alternates":[]},"Ext.rtl.panel.Panel":{"alias":[],"alternates":[]},"Ext.rtl.panel.Title":{"alias":[],"alternates":[]},"Ext.rtl.resizer.BorderSplitterTracker":{"alias":[],"alternates":[]},"Ext.rtl.resizer.ResizeTracker":{"alias":[],"alternates":[]},"Ext.rtl.resizer.SplitterTracker":{"alias":[],"alternates":[]},"Ext.rtl.scroll.Manager":{"alias":[],"alternates":[]},"Ext.rtl.scroll.Scroller":{"alias":[],"alternates":[]},"Ext.rtl.selection.CellModel":{"alias":[],"alternates":[]},"Ext.rtl.selection.TreeModel":{"alias":[],"alternates":[]},"Ext.rtl.slider.Multi":{"alias":[],"alternates":[]},"Ext.rtl.tab.Bar":{"alias":[],"alternates":[]},"Ext.rtl.tip.QuickTipManager":{"alias":[],"alternates":[]},"Ext.rtl.tree.Column":{"alias":[],"alternates":[]},"Ext.rtl.util.Floating":{"alias":[],"alternates":[]},"Ext.rtl.util.Renderable":{"alias":[],"alternates":[]},"Ext.rtl.view.Table":{"alias":[],"alternates":[]},"Ext.scroll.Indicator":{"idx":295,"alias":[],"alternates":[]},"Ext.scroll.Manager":{"idx":296,"alias":[],"alternates":[]},"Ext.scroll.Scroller":{"idx":189,"alias":[],"alternates":[]},"Ext.selection.CellModel":{"alias":["selection.cellmodel"],"alternates":[]},"Ext.selection.CheckboxModel":{"alias":["selection.checkboxmodel"],"alternates":[]},"Ext.selection.DataViewModel":{"alias":[],"alternates":[]},"Ext.selection.Model":{"alias":[],"alternates":["Ext.AbstractSelectionModel"]},"Ext.selection.RowModel":{"alias":["selection.rowmodel"],"alternates":[]},"Ext.selection.TreeModel":{"alias":["selection.treemodel"],"alternates":[]},"Ext.slider.Multi":{"alias":["widget.multislider"],"alternates":["Ext.slider.MultiSlider"]},"Ext.slider.Single":{"alias":["widget.slider","widget.sliderfield"],"alternates":["Ext.Slider","Ext.form.SliderField","Ext.slider.SingleSlider","Ext.slider.Slider"]},"Ext.slider.Thumb":{"alias":[],"alternates":[]},"Ext.slider.Tip":{"alias":["widget.slidertip"],"alternates":[]},"Ext.slider.Widget":{"alias":["widget.sliderwidget"],"alternates":[]},"Ext.sparkline.Bar":{"alias":["widget.sparklinebar"],"alternates":[]},"Ext.sparkline.BarBase":{"alias":[],"alternates":[]},"Ext.sparkline.Base":{"alias":[],"alternates":[]},"Ext.sparkline.Box":{"alias":["widget.sparklinebox"],"alternates":[]},"Ext.sparkline.Bullet":{"alias":["widget.sparklinebullet"],"alternates":[]},"Ext.sparkline.CanvasBase":{"alias":[],"alternates":[]},"Ext.sparkline.CanvasCanvas":{"alias":[],"alternates":[]},"Ext.sparkline.Discrete":{"alias":["widget.sparklinediscrete"],"alternates":[]},"Ext.sparkline.Line":{"alias":["widget.sparklineline"],"alternates":[]},"Ext.sparkline.Pie":{"alias":["widget.sparklinepie"],"alternates":[]},"Ext.sparkline.RangeMap":{"alias":[],"alternates":[]},"Ext.sparkline.Shape":{"alias":[],"alternates":[]},"Ext.sparkline.TriState":{"alias":["widget.sparklinetristate"],"alternates":[]},"Ext.sparkline.VmlCanvas":{"alias":[],"alternates":[]},"Ext.state.CookieProvider":{"alias":[],"alternates":[]},"Ext.state.LocalStorageProvider":{"alias":["state.localstorage"],"alternates":[]},"Ext.state.Manager":{"idx":196,"alias":[],"alternates":[]},"Ext.state.Provider":{"idx":195,"alias":[],"alternates":[]},"Ext.state.Stateful":{"idx":197,"alias":[],"alternates":[]},"Ext.tab.Bar":{"alias":["widget.tabbar"],"alternates":[]},"Ext.tab.Panel":{"alias":["widget.tabpanel"],"alternates":["Ext.TabPanel"]},"Ext.tab.Tab":{"alias":["widget.tab"],"alternates":[]},"Ext.tip.QuickTip":{"idx":262,"alias":["widget.quicktip"],"alternates":["Ext.QuickTip"]},"Ext.tip.QuickTipManager":{"idx":263,"alias":[],"alternates":["Ext.QuickTips"]},"Ext.tip.Tip":{"idx":260,"alias":["widget.tip"],"alternates":["Ext.Tip"]},"Ext.tip.ToolTip":{"idx":261,"alias":["widget.tooltip"],"alternates":["Ext.ToolTip"]},"Ext.toolbar.Breadcrumb":{"alias":["widget.breadcrumb"],"alternates":[]},"Ext.toolbar.Fill":{"idx":233,"alias":["widget.tbfill"],"alternates":["Ext.Toolbar.Fill"]},"Ext.toolbar.Item":{"idx":235,"alias":["widget.tbitem"],"alternates":["Ext.Toolbar.Item"]},"Ext.toolbar.Paging":{"alias":["widget.pagingtoolbar"],"alternates":["Ext.PagingToolbar"]},"Ext.toolbar.Separator":{"idx":236,"alias":["widget.tbseparator"],"alternates":["Ext.Toolbar.Separator"]},"Ext.toolbar.Spacer":{"alias":["widget.tbspacer"],"alternates":["Ext.Toolbar.Spacer"]},"Ext.toolbar.TextItem":{"idx":280,"alias":["widget.tbtext"],"alternates":["Ext.Toolbar.TextItem"]},"Ext.toolbar.Toolbar":{"idx":248,"alias":["widget.toolbar"],"alternates":["Ext.Toolbar"]},"Ext.tree.Column":{"alias":["widget.treecolumn"],"alternates":[]},"Ext.tree.Panel":{"alias":["widget.treepanel"],"alternates":["Ext.tree.TreePanel","Ext.TreePanel"]},"Ext.tree.View":{"alias":["widget.treeview"],"alternates":[]},"Ext.tree.ViewDragZone":{"alias":[],"alternates":[]},"Ext.tree.ViewDropZone":{"alias":[],"alternates":[]},"Ext.tree.plugin.TreeViewDragDrop":{"alias":["plugin.treeviewdragdrop"],"alternates":[]},"Ext.util.AbstractMixedCollection":{"idx":61,"alias":[],"alternates":[]},"Ext.util.Animate":{"idx":83,"alias":[],"alternates":[]},"Ext.util.Base64":{"alias":[],"alternates":[]},"Ext.util.CSS":{"alias":[],"alternates":[]},"Ext.util.ClickRepeater":{"idx":240,"alias":[],"alternates":[]},"Ext.util.Collection":{"idx":110,"alias":[],"alternates":[]},"Ext.util.CollectionKey":{"idx":108,"alias":[],"alternates":[]},"Ext.util.ComponentDragger":{"idx":273,"alias":[],"alternates":[]},"Ext.util.Cookies":{"alias":[],"alternates":[]},"Ext.util.ElementContainer":{"idx":193,"alias":[],"alternates":[]},"Ext.util.Event":{"idx":59,"alias":[],"alternates":[]},"Ext.util.Filter":{"idx":57,"alias":[],"alternates":[]},"Ext.util.FilterCollection":{"idx":161,"alias":[],"alternates":[]},"Ext.util.Floating":{"idx":198,"alias":[],"alternates":[]},"Ext.util.Format":{"idx":98,"alias":[],"alternates":[]},"Ext.util.Group":{"idx":159,"alias":[],"alternates":[]},"Ext.util.GroupCollection":{"idx":162,"alias":[],"alternates":[]},"Ext.util.Grouper":{"idx":109,"alias":[],"alternates":[]},"Ext.util.HashMap":{"idx":74,"alias":[],"alternates":[]},"Ext.util.History":{"idx":226,"alias":[],"alternates":["Ext.History"]},"Ext.util.Inflector":{"idx":117,"alias":[],"alternates":[]},"Ext.util.KeyMap":{"idx":209,"alias":[],"alternates":["Ext.KeyMap"]},"Ext.util.KeyNav":{"idx":210,"alias":[],"alternates":["Ext.KeyNav"]},"Ext.util.LocalStorage":{"alias":[],"alternates":[]},"Ext.util.LruCache":{"idx":94,"alias":[],"alternates":[]},"Ext.util.Memento":{"idx":257,"alias":[],"alternates":[]},"Ext.util.MixedCollection":{"idx":64,"alias":[],"alternates":[]},"Ext.util.ObjectTemplate":{"idx":111,"alias":[],"alternates":[]},"Ext.util.Observable":{"idx":60,"alias":[],"alternates":[]},"Ext.util.Offset":{"idx":35,"alias":[],"alternates":[]},"Ext.util.PaintMonitor":{"alias":[],"alternates":[]},"Ext.util.Point":{"idx":37,"alias":[],"alternates":[]},"Ext.util.Positionable":{"idx":44,"alias":[],"alternates":[]},"Ext.util.ProtoElement":{"idx":192,"alias":[],"alternates":[]},"Ext.util.Queue":{"idx":289,"alias":[],"alternates":[]},"Ext.util.Region":{"idx":36,"alias":[],"alternates":[]},"Ext.util.Renderable":{"idx":194,"alias":[],"alternates":[]},"Ext.util.Schedulable":{"alias":[],"alternates":[]},"Ext.util.Scheduler":{"alias":[],"alternates":[]},"Ext.util.SizeMonitor":{"alias":[],"alternates":[]},"Ext.util.Sortable":{"idx":63,"alias":[],"alternates":[]},"Ext.util.Sorter":{"idx":62,"alias":[],"alternates":[]},"Ext.util.SorterCollection":{"idx":160,"alias":[],"alternates":[]},"Ext.util.StoreHolder":{"idx":211,"alias":[],"alternates":[]},"Ext.util.TaskManager":{"idx":190,"alias":[],"alternates":["Ext.TaskManager"]},"Ext.util.TaskRunner":{"idx":65,"alias":[],"alternates":[]},"Ext.util.TextMetrics":{"idx":191,"alias":[],"alternates":[]},"Ext.util.Translatable":{"idx":188,"alias":[],"alternates":[]},"Ext.util.XTemplateCompiler":{"idx":105,"alias":[],"alternates":[]},"Ext.util.XTemplateParser":{"idx":104,"alias":[],"alternates":[]},"Ext.util.paintmonitor.Abstract":{"alias":[],"alternates":[]},"Ext.util.paintmonitor.CssAnimation":{"alias":[],"alternates":[]},"Ext.util.paintmonitor.OverflowChange":{"alias":[],"alternates":[]},"Ext.util.sizemonitor.Abstract":{"alias":[],"alternates":[]},"Ext.util.sizemonitor.Default":{"alias":[],"alternates":[]},"Ext.util.sizemonitor.OverflowChange":{"alias":[],"alternates":[]},"Ext.util.sizemonitor.Scroll":{"alias":[],"alternates":[]},"Ext.util.translatable.Abstract":{"idx":182,"alias":[],"alternates":[]},"Ext.util.translatable.CssPosition":{"idx":187,"alias":[],"alternates":[]},"Ext.util.translatable.CssTransform":{"idx":184,"alias":[],"alternates":[]},"Ext.util.translatable.Dom":{"idx":183,"alias":[],"alternates":[]},"Ext.util.translatable.ScrollParent":{"idx":186,"alias":[],"alternates":[]},"Ext.util.translatable.ScrollPosition":{"idx":185,"alias":[],"alternates":[]},"Ext.view.AbstractView":{"alias":[],"alternates":[]},"Ext.view.BoundList":{"alias":["widget.boundlist"],"alternates":["Ext.BoundList"]},"Ext.view.BoundListKeyNav":{"alias":[],"alternates":[]},"Ext.view.DragZone":{"alias":[],"alternates":[]},"Ext.view.DropZone":{"alias":[],"alternates":[]},"Ext.view.MultiSelector":{"alias":["widget.multiselector"],"alternates":[]},"Ext.view.MultiSelectorSearch":{"alias":["widget.multiselector-search"],"alternates":[]},"Ext.view.NodeCache":{"alias":[],"alternates":[]},"Ext.view.Table":{"alias":["widget.tableview"],"alternates":[]},"Ext.view.TableLayout":{"alias":["layout.tableview"],"alternates":[]},"Ext.view.View":{"alias":["widget.dataview"],"alternates":["Ext.DataView"]},"Ext.window.MessageBox":{"alias":["widget.messagebox"],"alternates":[]},"Ext.window.Toast":{"alias":["widget.toast"],"alternates":[]},"Ext.window.Window":{"alias":["widget.window"],"alternates":["Ext.Window"]},"ExtThemeNeptune.Component":{"idx":200,"alias":[],"alternates":[]},"ExtThemeNeptune.container.ButtonGroup":{"alias":[],"alternates":[]},"ExtThemeNeptune.form.field.HtmlEditor":{"alias":[],"alternates":[]},"ExtThemeNeptune.grid.RowEditor":{"alias":[],"alternates":[]},"ExtThemeNeptune.grid.column.RowNumberer":{"alias":[],"alternates":[]},"ExtThemeNeptune.layout.component.Dock":{"idx":266,"alias":[],"alternates":[]},"ExtThemeNeptune.menu.Menu":{"idx":287,"alias":[],"alternates":[]},"ExtThemeNeptune.menu.Separator":{"idx":286,"alias":[],"alternates":[]},"ExtThemeNeptune.panel.Panel":{"idx":267,"alias":[],"alternates":[]},"ExtThemeNeptune.panel.Table":{"alias":[],"alternates":[]},"ExtThemeNeptune.picker.Month":{"alias":[],"alternates":[]},"ExtThemeNeptune.resizer.Splitter":{"idx":272,"alias":[],"alternates":[]},"ExtThemeNeptune.toolbar.Paging":{"alias":[],"alternates":[]},"ExtThemeNeptune.toolbar.Toolbar":{"idx":265,"alias":[],"alternates":[]}},"packages":{"ext":{"creator":"Sencha","requires":["sencha-core","ext"],"type":"framework","version":"5.0.0.970"},"ext-theme-base":{"creator":"Sencha","requires":["sencha-core","ext"],"type":"theme","version":"5.0.0"},"ext-theme-neptune":{"creator":"Sencha","extend":"ext-theme-neutral","requires":["sencha-core","ext","ext-theme-base","ext-theme-neutral"],"type":"theme","version":"5.0.0"},"ext-theme-neutral":{"creator":"Sencha","extend":"ext-theme-base","requires":["sencha-core","ext","ext-theme-base"],"type":"theme","version":"5.0.0"},"sencha-core":{"creator":"Sencha","requires":["sencha-core","ext"],"type":"code","version":"5.0.0"}},"js":[{"path":"app.js"}],"css":[{"path":"bootstrap.css"}],"production":{},"testing":{},"development":{},"bootstrap":{"base":"/Applications/XAMPP/xamppfiles/htdocs/SenchaTraining/ExtJS5x251/labs/ajax"},"output":{"base":"/Applications/XAMPP/xamppfiles/htdocs/SenchaTraining/ExtJS5x251/labs/build/development/Ajax","deltas":{"enable":false},"cache":{"enable":false},"microloader":{"enable":true}},"cordova":{"config":{"name":"Ajax","id":"com.domain.Ajax","verbose":false,"target":"","path":"/Applications/XAMPP/xamppfiles/htdocs/SenchaTraining/ExtJS5x251/labs/ajax/cordova"},"js":[{"path":"cordova.js","remote":true,"priority":1000}],"microloader":"/Applications/XAMPP/xamppfiles/htdocs/SenchaTraining/ExtJS5x251/labs/ajax/.sencha/app/Microloader.js","output":{"base":"/Applications/XAMPP/xamppfiles/htdocs/SenchaTraining/ExtJS5x251/labs/ajax/cordova/www","deltas":{"enable":false},"cache":{"enable":false}}},"phonegap":{"config":{"name":"Ajax","id":"com.domain.Ajax","remote":false,"verbose":false,"path":"/Applications/XAMPP/xamppfiles/htdocs/SenchaTraining/ExtJS5x251/labs/ajax/phonegap"},"js":[{"path":"phonegap.js","remote":true,"priority":1000}],"microloader":"/Applications/XAMPP/xamppfiles/htdocs/SenchaTraining/ExtJS5x251/labs/ajax/.sencha/app/Microloader.js","output":{"base":"/Applications/XAMPP/xamppfiles/htdocs/SenchaTraining/ExtJS5x251/labs/ajax/phonegap/www","deltas":{"enable":false},"cache":{"enable":false}}},"slicer":{"js":[{"path":"/Applications/XAMPP/xamppfiles/htdocs/SenchaTraining/ExtJS5x251/labs/ajax/sass/example/custom.js","isWidgetManifest":true}]},"name":"Ajax","classpath":"/Applications/XAMPP/xamppfiles/htdocs/SenchaTraining/ExtJS5x251/labs/ajax/app","framework":"ext","theme":"ext-theme-neptune","requires":[],"sass":{"namespace":"Ajax"},"id":"ef96a6ba-ae9e-403c-9f66-f78ce30a9c04"}