{"paths":{"Buttons":"../../app","Ext":"../../../ext/src","Ext-more":"../../../ext/overrides/Ext-more.js","Ext.AbstractManager":"../../../ext/packages/sencha-core/src/AbstractManager.js","Ext.Ajax":"../../../ext/packages/sencha-core/src/Ajax.js","Ext.AnimationQueue":"../../../ext/packages/sencha-core/src/AnimationQueue.js","Ext.Array":"../../../ext/packages/sencha-core/src/lang/Array.js","Ext.Assert":"../../../ext/packages/sencha-core/src/lang/Assert.js","Ext.Base":"../../../ext/packages/sencha-core/src/class/Base.js","Ext.Class":"../../../ext/packages/sencha-core/src/class/Class.js","Ext.ClassManager":"../../../ext/packages/sencha-core/src/class/ClassManager.js","Ext.ComponentManager":"../../../ext/packages/sencha-core/src/ComponentManager.js","Ext.ComponentQuery":"../../../ext/packages/sencha-core/src/ComponentQuery.js","Ext.Config":"../../../ext/packages/sencha-core/src/class/Config.js","Ext.Configurator":"../../../ext/packages/sencha-core/src/class/Configurator.js","Ext.Date":"../../../ext/packages/sencha-core/src/lang/Date.js","Ext.Error":"../../../ext/packages/sencha-core/src/lang/Error.js","Ext.Evented":"../../../ext/packages/sencha-core/src/Evented.js","Ext.Factory":"../../../ext/packages/sencha-core/src/mixin/Factoryable.js","Ext.Function":"../../../ext/packages/sencha-core/src/lang/Function.js","Ext.GlobalEvents":"../../../ext/packages/sencha-core/src/GlobalEvents.js","Ext.Inventory":"../../../ext/packages/sencha-core/src/class/Inventory.js","Ext.JSON":"../../../ext/packages/sencha-core/src/JSON.js","Ext.Loader":"../../../ext/packages/sencha-core/src/class/Loader.js","Ext.Mixin":"../../../ext/packages/sencha-core/src/class/Mixin.js","Ext.Msg":"../../../ext/src/window/MessageBox.js","Ext.Number":"../../../ext/packages/sencha-core/src/lang/Number.js","Ext.Object":"../../../ext/packages/sencha-core/src/lang/Object.js","Ext.Script":"../../../ext/packages/sencha-core/src/class/Inventory.js","Ext.String":"../../../ext/packages/sencha-core/src/lang/String.js","Ext.String.format":"../../../ext/packages/sencha-core/src/Template.js","Ext.TaskQueue":"../../../ext/packages/sencha-core/src/TaskQueue.js","Ext.Template":"../../../ext/packages/sencha-core/src/Template.js","Ext.Util":"../../../ext/packages/sencha-core/src/Util.js","Ext.Version":"../../../ext/packages/sencha-core/src/util/Version.js","Ext.Widget":"../../../ext/packages/sencha-core/src/Widget.js","Ext.XTemplate":"../../../ext/packages/sencha-core/src/XTemplate.js","Ext.app.ViewModel":"../../../ext/packages/sencha-core/src/app/ViewModel.js","Ext.app.bind":"../../../ext/packages/sencha-core/src/app/bind","Ext.browser":"../../../ext/packages/sencha-core/src/env/Browser.js","Ext.class":"../../../ext/packages/sencha-core/src/class","Ext.data":"../../../ext/packages/sencha-core/src/data","Ext.direct":"../../../ext/packages/sencha-core/src/direct","Ext.dom":"../../../ext/packages/sencha-core/src/dom","Ext.dom.ButtonElement":"../../../ext/src/dom/ButtonElement.js","Ext.dom.Layer":"../../../ext/src/dom/Layer.js","Ext.env":"../../../ext/packages/sencha-core/src/env","Ext.event":"../../../ext/packages/sencha-core/src/event","Ext.feature":"../../../ext/packages/sencha-core/src/env/Feature.js","Ext.fx.Animation":"../../../ext/packages/sencha-core/src/fx/Animation.js","Ext.fx.Runner":"../../../ext/packages/sencha-core/src/fx/Runner.js","Ext.fx.State":"../../../ext/packages/sencha-core/src/fx/State.js","Ext.fx.animation":"../../../ext/packages/sencha-core/src/fx/animation","Ext.fx.easing":"../../../ext/packages/sencha-core/src/fx/easing","Ext.fx.layout":"../../../ext/packages/sencha-core/src/fx/layout","Ext.fx.runner":"../../../ext/packages/sencha-core/src/fx/runner","Ext.lang":"../../../ext/packages/sencha-core/src/lang","Ext.mixin":"../../../ext/packages/sencha-core/src/mixin","Ext.os":"../../../ext/packages/sencha-core/src/env/OS.js","Ext.overrides":"../../../ext/overrides","Ext.overrides.util.Positionable":"../../../ext/overrides/Positionable.js","Ext.perf":"../../../ext/packages/sencha-core/src/perf","Ext.scroll":"../../../ext/packages/sencha-core/src/scroll","Ext.scroll.Indicator":"../../../ext/src/scroll/Indicator.js","Ext.scroll.Manager":"../../../ext/src/scroll/Manager.js","Ext.supports":"../../../ext/packages/sencha-core/src/env/Feature.js","Ext.util":"../../../ext/packages/sencha-core/src/util","Ext.util.Animate":"../../../ext/src/util/Animate.js","Ext.util.CSS":"../../../ext/src/util/CSS.js","Ext.util.ClickRepeater":"../../../ext/src/util/ClickRepeater.js","Ext.util.ComponentDragger":"../../../ext/src/util/ComponentDragger.js","Ext.util.Cookies":"../../../ext/src/util/Cookies.js","Ext.util.ElementContainer":"../../../ext/src/util/ElementContainer.js","Ext.util.Floating":"../../../ext/src/util/Floating.js","Ext.util.Focusable":"../../../ext/src/util/Focusable.js","Ext.util.FocusableContainer":"../../../ext/src/util/FocusableContainer.js","Ext.util.Format.format":"../../../ext/packages/sencha-core/src/Template.js","Ext.util.History":"../../../ext/src/util/History.js","Ext.util.KeyMap":"../../../ext/src/util/KeyMap.js","Ext.util.KeyNav":"../../../ext/src/util/KeyNav.js","Ext.util.Memento":"../../../ext/src/util/Memento.js","Ext.util.ProtoElement":"../../../ext/src/util/ProtoElement.js","Ext.util.Queue":"../../../ext/src/util/Queue.js","Ext.util.Renderable":"../../../ext/src/util/Renderable.js","Ext.util.StoreHolder":"../../../ext/src/util/StoreHolder.js","Ext.ux.desktop.TrayClock":"../../../ext/src/ux/desktop/TaskBar.js","ExtThemeNeptune":"../../../ext/packages/ext-theme-neptune/overrides"},"classes":{"Buttons.Application":{"idx":749.0,"alias":[],"alternates":[]},"Buttons.view.main.Main":{"idx":753.0,"alias":["widget.app-main"],"alternates":[]},"Buttons.view.quote.ChooseQuote":{"idx":751.0,"alias":["widget.choosequote"],"alternates":[]},"Buttons.view.quote.Quote":{"idx":752.0,"alias":["widget.quote"],"alternates":[]},"Buttons.view.quote.QuoteController":{"idx":750.0,"alias":["controller.quote"],"alternates":[]},"Buttons.view.quote.QuoteModel":{"idx":754.0,"alias":["viewmodel.quote"],"alternates":[]},"Ext.AbstractManager":{"idx":33.0,"alias":[],"alternates":[]},"Ext.Action":{"idx":322.0,"alias":[],"alternates":[]},"Ext.Ajax":{"idx":36.0,"alias":[],"alternates":[]},"Ext.AnimationQueue":{"idx":37.0,"alias":[],"alternates":[]},"Ext.Component":{"idx":97.0,"alias":["widget.box","widget.component"],"alternates":["Ext.AbstractComponent"]},"Ext.ComponentLoader":{"idx":324.0,"alias":[],"alternates":[]},"Ext.ComponentManager":{"idx":38.0,"alias":[],"alternates":["Ext.ComponentMgr"]},"Ext.ComponentQuery":{"idx":41.0,"alias":[],"alternates":[]},"Ext.Editor":{"idx":332.0,"alias":["widget.editor"],"alternates":[]},"Ext.ElementLoader":{"idx":323.0,"alias":[],"alternates":[]},"Ext.EventManager":{"idx":333.0,"alias":[],"alternates":[]},"Ext.Evented":{"idx":42.0,"alias":[],"alternates":["Ext.EventedBase"]},"Ext.FocusManager":{"idx":336.0,"alias":[],"alternates":["Ext.FocusMgr"]},"Ext.GlobalEvents":{"idx":77.0,"alias":[],"alternates":["Ext.globalEvents"]},"Ext.Img":{"idx":337.0,"alias":["widget.image","widget.imagecomponent"],"alternates":[]},"Ext.LoadMask":{"idx":339.0,"alias":["widget.loadmask"],"alternates":[]},"Ext.Mixin":{"idx":29.0,"alias":[],"alternates":[]},"Ext.ProgressBar":{"idx":343.0,"alias":["widget.progressbar"],"alternates":[]},"Ext.ProgressBarWidget":{"idx":344.0,"alias":["widget.progressbarwidget"],"alternates":[]},"Ext.Shadow":{"idx":346.0,"alias":[],"alternates":[]},"Ext.ShadowPool":{"idx":345.0,"alias":[],"alternates":[]},"Ext.TaskQueue":{"idx":80.0,"alias":[],"alternates":[]},"Ext.Template":{"idx":82.0,"alias":[],"alternates":[]},"Ext.Widget":{"idx":85.0,"alias":["widget.widget"],"alternates":[]},"Ext.XTemplate":{"idx":128.0,"alias":[],"alternates":[]},"Ext.ZIndexManager":{"idx":329.0,"alias":[],"alternates":["Ext.WindowGroup"]},"Ext.app.Application":{"idx":413.0,"alias":[],"alternates":[]},"Ext.app.BaseController":{"idx":351.0,"alias":[],"alternates":[]},"Ext.app.Controller":{"idx":358.0,"alias":[],"alternates":[]},"Ext.app.EventBus":{"idx":349.0,"alias":[],"alternates":[]},"Ext.app.EventDomain":{"idx":347.0,"alias":[],"alternates":[]},"Ext.app.Util":{"idx":352.0,"alias":[],"alternates":[]},"Ext.app.ViewController":{"idx":416.0,"alias":[],"alternates":[]},"Ext.app.ViewModel":{"idx":165.0,"alias":["viewmodel.default"],"alternates":[]},"Ext.app.bind.AbstractStub":{"idx":154.0,"alias":[],"alternates":[]},"Ext.app.bind.BaseBinding":{"idx":152.0,"alias":[],"alternates":[]},"Ext.app.bind.Binding":{"idx":153.0,"alias":[],"alternates":[]},"Ext.app.bind.Formula":{"idx":159.0,"alias":[],"alternates":[]},"Ext.app.bind.LinkStub":{"idx":156.0,"alias":[],"alternates":[]},"Ext.app.bind.Multi":{"idx":158.0,"alias":[],"alternates":[]},"Ext.app.bind.RootStub":{"idx":157.0,"alias":[],"alternates":[]},"Ext.app.bind.Stub":{"idx":155.0,"alias":[],"alternates":[]},"Ext.app.bind.Template":{"idx":160.0,"alias":[],"alternates":[]},"Ext.app.bind.TemplateBinding":{"idx":161.0,"alias":[],"alternates":[]},"Ext.app.bindinspector.ComponentDetail":{"idx":442.0,"alias":["widget.bindinspector-componentdetail"],"alternates":[]},"Ext.app.bindinspector.ComponentList":{"idx":475.0,"alias":["widget.bindinspector-componentlist"],"alternates":[]},"Ext.app.bindinspector.Container":{"idx":488.0,"alias":["widget.bindinspector-container"],"alternates":[]},"Ext.app.bindinspector.Environment":{"idx":485.0,"alias":[],"alternates":[]},"Ext.app.bindinspector.Inspector":{"idx":491.0,"alias":[],"alternates":[]},"Ext.app.bindinspector.Util":{"idx":441.0,"alias":[],"alternates":[]},"Ext.app.bindinspector.ViewModelDetail":{"idx":486.0,"alias":["widget.bindinspector-viewmodeldetail"],"alternates":[]},"Ext.app.bindinspector.noconflict.BaseModel":{"idx":487.0,"alias":[],"alternates":[]},"Ext.app.domain.Component":{"idx":348.0,"alias":[],"alternates":[]},"Ext.app.domain.Controller":{"idx":492.0,"alias":[],"alternates":[]},"Ext.app.domain.Direct":{"idx":493.0,"alias":[],"alternates":[]},"Ext.app.domain.Global":{"idx":350.0,"alias":[],"alternates":[]},"Ext.app.domain.Store":{"idx":353.0,"alias":[],"alternates":[]},"Ext.app.domain.View":{"idx":415.0,"alias":[],"alternates":[]},"Ext.app.route.Queue":{"idx":354.0,"alias":[],"alternates":[]},"Ext.app.route.Route":{"idx":355.0,"alias":[],"alternates":[]},"Ext.app.route.Router":{"idx":357.0,"alias":[],"alternates":[]},"Ext.button.Button":{"idx":373.0,"alias":["widget.button"],"alternates":["Ext.Button"]},"Ext.button.Cycle":{"idx":495.0,"alias":["widget.cycle"],"alternates":["Ext.CycleButton"]},"Ext.button.Manager":{"idx":370.0,"alias":[],"alternates":["Ext.ButtonToggleManager"]},"Ext.button.Segmented":{"idx":496.0,"alias":["widget.segmentedbutton"],"alternates":[]},"Ext.button.Split":{"idx":494.0,"alias":["widget.splitbutton"],"alternates":["Ext.SplitButton"]},"Ext.container.ButtonGroup":{"idx":499.0,"alias":["widget.buttongroup"],"alternates":["Ext.ButtonGroup"]},"Ext.container.Container":{"idx":330.0,"alias":["widget.container"],"alternates":["Ext.Container","Ext.AbstractContainer"]},"Ext.container.DockingContainer":{"idx":404.0,"alias":[],"alternates":[]},"Ext.container.Monitor":{"idx":501.0,"alias":[],"alternates":[]},"Ext.container.Viewport":{"idx":504.0,"alias":["widget.viewport"],"alternates":["Ext.Viewport"]},"Ext.dashboard.Column":{"idx":507.0,"alias":["widget.dashboard-column"],"alternates":[]},"Ext.dashboard.Dashboard":{"idx":517.0,"alias":["widget.dashboard"],"alternates":[]},"Ext.dashboard.DropZone":{"idx":515.0,"alias":[],"alternates":[]},"Ext.dashboard.Panel":{"idx":506.0,"alias":["widget.dashboard-panel"],"alternates":[]},"Ext.dashboard.Part":{"idx":516.0,"alias":["part.part"],"alternates":[]},"Ext.data.AbstractStore":{"idx":162.0,"alias":[],"alternates":[]},"Ext.data.ArrayStore":{"idx":201.0,"alias":["store.array"],"alternates":["Ext.data.SimpleStore"]},"Ext.data.Batch":{"idx":143.0,"alias":[],"alternates":[]},"Ext.data.BufferedStore":{"idx":203.0,"alias":["store.buffered"],"alternates":[]},"Ext.data.ChainedStore":{"idx":164.0,"alias":["store.chained"],"alternates":[]},"Ext.data.Connection":{"idx":35.0,"alias":[],"alternates":[]},"Ext.data.DirectStore":{"idx":206.0,"alias":["store.direct"],"alternates":[]},"Ext.data.Error":{"idx":166.0,"alias":[],"alternates":[]},"Ext.data.ErrorCollection":{"idx":167.0,"alias":[],"alternates":["Ext.data.Errors"]},"Ext.data.JsonP":{"idx":207.0,"alias":[],"alternates":[]},"Ext.data.JsonPStore":{"idx":209.0,"alias":["store.jsonp"],"alternates":[]},"Ext.data.JsonStore":{"idx":210.0,"alias":["store.json"],"alternates":[]},"Ext.data.LocalStore":{"idx":163.0,"alias":[],"alternates":[]},"Ext.data.Model":{"idx":183.0,"alias":[],"alternates":["Ext.data.Record"]},"Ext.data.ModelManager":{"idx":211.0,"alias":[],"alternates":["Ext.ModelMgr"]},"Ext.data.NodeInterface":{"idx":212.0,"alias":[],"alternates":[]},"Ext.data.NodeStore":{"idx":213.0,"alias":["store.node"],"alternates":[]},"Ext.data.PageMap":{"idx":202.0,"alias":[],"alternates":[]},"Ext.data.ProxyStore":{"idx":190.0,"alias":[],"alternates":[]},"Ext.data.Request":{"idx":214.0,"alias":[],"alternates":[]},"Ext.data.ResultSet":{"idx":184.0,"alias":[],"alternates":[]},"Ext.data.Session":{"idx":150.0,"alias":[],"alternates":[]},"Ext.data.SortTypes":{"idx":173.0,"alias":[],"alternates":[]},"Ext.data.Store":{"idx":199.0,"alias":["store.store"],"alternates":[]},"Ext.data.StoreManager":{"idx":215.0,"alias":[],"alternates":["Ext.StoreMgr","Ext.data.StoreMgr","Ext.StoreManager"]},"Ext.data.TreeModel":{"idx":217.0,"alias":[],"alternates":[]},"Ext.data.TreeStore":{"idx":218.0,"alias":["store.tree"],"alternates":[]},"Ext.data.Types":{"idx":219.0,"alias":[],"alternates":[]},"Ext.data.Validation":{"idx":220.0,"alias":[],"alternates":[]},"Ext.data.XmlStore":{"idx":226.0,"alias":["store.xml"],"alternates":[]},"Ext.data.field.Boolean":{"idx":176.0,"alias":["data.field.bool","data.field.boolean"],"alternates":[]},"Ext.data.field.Date":{"idx":177.0,"alias":["data.field.date"],"alternates":[]},"Ext.data.field.Field":{"idx":175.0,"alias":["data.field.auto"],"alternates":["Ext.data.Field"]},"Ext.data.field.Integer":{"idx":178.0,"alias":["data.field.int","data.field.integer"],"alternates":[]},"Ext.data.field.Number":{"idx":179.0,"alias":["data.field.float","data.field.number"],"alternates":[]},"Ext.data.field.String":{"idx":180.0,"alias":["data.field.string"],"alternates":[]},"Ext.data.flash.BinaryXhr":{"idx":34.0,"alias":[],"alternates":[]},"Ext.data.identifier.Generator":{"idx":181.0,"alias":["data.identifier.default"],"alternates":[]},"Ext.data.identifier.Negative":{"idx":227.0,"alias":["data.identifier.negative"],"alternates":[]},"Ext.data.identifier.Sequential":{"idx":182.0,"alias":["data.identifier.sequential"],"alternates":[]},"Ext.data.identifier.Uuid":{"idx":228.0,"alias":["data.identifier.uuid"],"alternates":[]},"Ext.data.matrix.Matrix":{"idx":146.0,"alias":[],"alternates":[]},"Ext.data.matrix.Side":{"idx":145.0,"alias":[],"alternates":[]},"Ext.data.matrix.Slice":{"idx":144.0,"alias":[],"alternates":[]},"Ext.data.operation.Create":{"idx":169.0,"alias":["data.operation.create"],"alternates":[]},"Ext.data.operation.Destroy":{"idx":170.0,"alias":["data.operation.destroy"],"alternates":[]},"Ext.data.operation.Operation":{"idx":168.0,"alias":[],"alternates":["Ext.data.Operation"]},"Ext.data.operation.Read":{"idx":171.0,"alias":["data.operation.read"],"alternates":[]},"Ext.data.operation.Update":{"idx":172.0,"alias":["data.operation.update"],"alternates":[]},"Ext.data.proxy.Ajax":{"idx":192.0,"alias":["proxy.ajax"],"alternates":["Ext.data.HttpProxy","Ext.data.AjaxProxy"]},"Ext.data.proxy.Client":{"idx":188.0,"alias":[],"alternates":["Ext.data.ClientProxy"]},"Ext.data.proxy.Direct":{"idx":205.0,"alias":["proxy.direct"],"alternates":["Ext.data.DirectProxy"]},"Ext.data.proxy.JsonP":{"idx":208.0,"alias":["proxy.jsonp","proxy.scripttag"],"alternates":["Ext.data.ScriptTagProxy"]},"Ext.data.proxy.LocalStorage":{"idx":230.0,"alias":["proxy.localstorage"],"alternates":["Ext.data.LocalStorageProxy"]},"Ext.data.proxy.Memory":{"idx":189.0,"alias":["proxy.memory"],"alternates":["Ext.data.MemoryProxy"]},"Ext.data.proxy.Proxy":{"idx":187.0,"alias":["proxy.proxy"],"alternates":["Ext.data.DataProxy","Ext.data.Proxy"]},"Ext.data.proxy.Rest":{"idx":231.0,"alias":["proxy.rest"],"alternates":["Ext.data.RestProxy"]},"Ext.data.proxy.Server":{"idx":191.0,"alias":["proxy.server"],"alternates":["Ext.data.ServerProxy"]},"Ext.data.proxy.SessionStorage":{"idx":232.0,"alias":["proxy.sessionstorage"],"alternates":["Ext.data.SessionStorageProxy"]},"Ext.data.proxy.Sql":{"idx":233.0,"alias":["proxy.sql"],"alternates":["Ext.data.proxy.SQL"]},"Ext.data.proxy.WebStorage":{"idx":229.0,"alias":[],"alternates":["Ext.data.WebStorageProxy"]},"Ext.data.reader.Array":{"idx":200.0,"alias":["reader.array"],"alternates":["Ext.data.ArrayReader"]},"Ext.data.reader.Json":{"idx":193.0,"alias":["reader.json"],"alternates":["Ext.data.JsonReader"]},"Ext.data.reader.Reader":{"idx":185.0,"alias":["reader.base"],"alternates":["Ext.data.Reader","Ext.data.DataReader"]},"Ext.data.reader.Xml":{"idx":224.0,"alias":["reader.xml"],"alternates":["Ext.data.XmlReader"]},"Ext.data.schema.Association":{"idx":136.0,"alias":[],"alternates":[]},"Ext.data.schema.ManyToMany":{"idx":139.0,"alias":[],"alternates":[]},"Ext.data.schema.ManyToOne":{"idx":138.0,"alias":[],"alternates":[]},"Ext.data.schema.Namer":{"idx":141.0,"alias":["namer.default"],"alternates":[]},"Ext.data.schema.OneToOne":{"idx":137.0,"alias":[],"alternates":[]},"Ext.data.schema.Role":{"idx":135.0,"alias":[],"alternates":[]},"Ext.data.schema.Schema":{"idx":142.0,"alias":["schema.default"],"alternates":[]},"Ext.data.session.BatchVisitor":{"idx":149.0,"alias":[],"alternates":[]},"Ext.data.session.ChangesVisitor":{"idx":147.0,"alias":[],"alternates":[]},"Ext.data.session.ChildChangesVisitor":{"idx":148.0,"alias":[],"alternates":[]},"Ext.data.validator.Bound":{"idx":234.0,"alias":["data.validator.bound"],"alternates":[]},"Ext.data.validator.Email":{"idx":236.0,"alias":["data.validator.email"],"alternates":[]},"Ext.data.validator.Exclusion":{"idx":238.0,"alias":["data.validator.exclusion"],"alternates":[]},"Ext.data.validator.Format":{"idx":235.0,"alias":["data.validator.format"],"alternates":[]},"Ext.data.validator.Inclusion":{"idx":239.0,"alias":["data.validator.inclusion"],"alternates":[]},"Ext.data.validator.Length":{"idx":240.0,"alias":["data.validator.length"],"alternates":[]},"Ext.data.validator.List":{"idx":237.0,"alias":["data.validator.list"],"alternates":[]},"Ext.data.validator.Presence":{"idx":241.0,"alias":["data.validator.presence"],"alternates":[]},"Ext.data.validator.Range":{"idx":242.0,"alias":["data.validator.range"],"alternates":[]},"Ext.data.validator.Validator":{"idx":174.0,"alias":["data.validator.base"],"alternates":[]},"Ext.data.writer.Json":{"idx":194.0,"alias":["writer.json"],"alternates":["Ext.data.JsonWriter"]},"Ext.data.writer.Writer":{"idx":186.0,"alias":["writer.base"],"alternates":["Ext.data.DataWriter","Ext.data.Writer"]},"Ext.data.writer.Xml":{"idx":225.0,"alias":["writer.xml"],"alternates":["Ext.data.XmlWriter"]},"Ext.dd.DD":{"idx":393.0,"alias":[],"alternates":[]},"Ext.dd.DDProxy":{"idx":395.0,"alias":[],"alternates":[]},"Ext.dd.DDTarget":{"idx":455.0,"alias":[],"alternates":[]},"Ext.dd.DragDrop":{"idx":392.0,"alias":[],"alternates":[]},"Ext.dd.DragDropManager":{"idx":379.0,"alias":[],"alternates":["Ext.dd.DragDropMgr","Ext.dd.DDM"]},"Ext.dd.DragSource":{"idx":397.0,"alias":[],"alternates":[]},"Ext.dd.DragTracker":{"idx":450.0,"alias":[],"alternates":[]},"Ext.dd.DragZone":{"idx":453.0,"alias":[],"alternates":[]},"Ext.dd.DropTarget":{"idx":457.0,"alias":[],"alternates":[]},"Ext.dd.DropZone":{"idx":459.0,"alias":[],"alternates":[]},"Ext.dd.Registry":{"idx":458.0,"alias":[],"alternates":[]},"Ext.dd.ScrollManager":{"idx":456.0,"alias":[],"alternates":[]},"Ext.dd.StatusProxy":{"idx":396.0,"alias":[],"alternates":[]},"Ext.direct.Event":{"idx":243.0,"alias":["direct.event"],"alternates":[]},"Ext.direct.ExceptionEvent":{"idx":245.0,"alias":["direct.exception"],"alternates":[]},"Ext.direct.JsonProvider":{"idx":247.0,"alias":["direct.jsonprovider"],"alternates":[]},"Ext.direct.Manager":{"idx":204.0,"alias":[],"alternates":[]},"Ext.direct.PollingProvider":{"idx":248.0,"alias":["direct.pollingprovider"],"alternates":[]},"Ext.direct.Provider":{"idx":246.0,"alias":["direct.provider"],"alternates":[]},"Ext.direct.RemotingEvent":{"idx":244.0,"alias":["direct.rpc"],"alternates":[]},"Ext.direct.RemotingMethod":{"idx":249.0,"alias":[],"alternates":[]},"Ext.direct.RemotingProvider":{"idx":251.0,"alias":["direct.remotingprovider"],"alternates":[]},"Ext.direct.Transaction":{"idx":250.0,"alias":["direct.transaction"],"alternates":["Ext.Direct.Transaction"]},"Ext.dom.ButtonElement":{"idx":369.0,"alias":[],"alternates":[]},"Ext.dom.CompositeElement":{"idx":87.0,"alias":[],"alternates":["Ext.CompositeElement"]},"Ext.dom.CompositeElementLite":{"idx":47.0,"alias":[],"alternates":["Ext.CompositeElementLite"]},"Ext.dom.Element":{"idx":45.0,"alias":[],"alternates":["Ext.Element"]},"Ext.dom.Fly":{"idx":46.0,"alias":[],"alternates":["Ext.dom.Element.Fly"]},"Ext.dom.GarbageCollector":{"idx":75.0,"alias":[],"alternates":[]},"Ext.dom.Helper":{"idx":221.0,"alias":[],"alternates":["Ext.DomHelper","Ext.core.DomHelper"]},"Ext.dom.Layer":{"idx":518.0,"alias":[],"alternates":["Ext.Layer"]},"Ext.dom.Query":{"idx":223.0,"alias":[],"alternates":["Ext.core.DomQuery","Ext.DomQuery"]},"Ext.event.Controller":{"idx":27.0,"alias":[],"alternates":[]},"Ext.event.Dispatcher":{"idx":28.0,"alias":[],"alternates":[]},"Ext.event.Event":{"idx":115.0,"alias":[],"alternates":["Ext.EventObjectImpl"]},"Ext.event.ListenerStack":{"idx":26.0,"alias":[],"alternates":[]},"Ext.event.gesture.DoubleTap":{"idx":102.0,"alias":[],"alternates":[]},"Ext.event.gesture.Drag":{"idx":103.0,"alias":[],"alternates":[]},"Ext.event.gesture.EdgeSwipe":{"idx":105.0,"alias":[],"alternates":[]},"Ext.event.gesture.LongPress":{"idx":106.0,"alias":[],"alternates":[]},"Ext.event.gesture.MultiTouch":{"idx":107.0,"alias":[],"alternates":[]},"Ext.event.gesture.Pinch":{"idx":108.0,"alias":[],"alternates":[]},"Ext.event.gesture.Recognizer":{"idx":100.0,"alias":[],"alternates":[]},"Ext.event.gesture.Rotate":{"idx":109.0,"alias":[],"alternates":[]},"Ext.event.gesture.SingleTouch":{"idx":101.0,"alias":[],"alternates":[]},"Ext.event.gesture.Swipe":{"idx":104.0,"alias":[],"alternates":[]},"Ext.event.gesture.Tap":{"idx":110.0,"alias":[],"alternates":[]},"Ext.event.publisher.Dom":{"idx":118.0,"alias":[],"alternates":[]},"Ext.event.publisher.ElementPaint":{"idx":256.0,"alias":[],"alternates":[]},"Ext.event.publisher.ElementSize":{"idx":263.0,"alias":[],"alternates":[]},"Ext.event.publisher.Focus":{"idx":122.0,"alias":[],"alternates":[]},"Ext.event.publisher.Gesture":{"idx":120.0,"alias":[],"alternates":["Ext.event.publisher.TouchGesture"]},"Ext.event.publisher.Publisher":{"idx":111.0,"alias":[],"alternates":[]},"Ext.flash.Component":{"idx":521.0,"alias":["widget.flash"],"alternates":["Ext.FlashComponent"]},"Ext.form.Basic":{"idx":527.0,"alias":[],"alternates":["Ext.form.BasicForm"]},"Ext.form.CheckboxGroup":{"idx":532.0,"alias":["widget.checkboxgroup"],"alternates":[]},"Ext.form.CheckboxManager":{"idx":439.0,"alias":[],"alternates":[]},"Ext.form.FieldAncestor":{"idx":528.0,"alias":[],"alternates":[]},"Ext.form.FieldContainer":{"idx":530.0,"alias":["widget.fieldcontainer"],"alternates":[]},"Ext.form.FieldSet":{"idx":533.0,"alias":["widget.fieldset"],"alternates":[]},"Ext.form.Label":{"idx":534.0,"alias":["widget.label"],"alternates":[]},"Ext.form.Labelable":{"idx":417.0,"alias":[],"alternates":[]},"Ext.form.Panel":{"idx":535.0,"alias":["widget.form"],"alternates":["Ext.FormPanel","Ext.form.FormPanel"]},"Ext.form.RadioGroup":{"idx":538.0,"alias":["widget.radiogroup"],"alternates":[]},"Ext.form.RadioManager":{"idx":536.0,"alias":[],"alternates":[]},"Ext.form.action.Action":{"idx":522.0,"alias":[],"alternates":["Ext.form.Action"]},"Ext.form.action.DirectLoad":{"idx":539.0,"alias":["formaction.directload"],"alternates":["Ext.form.Action.DirectLoad"]},"Ext.form.action.DirectSubmit":{"idx":540.0,"alias":["formaction.directsubmit"],"alternates":["Ext.form.Action.DirectSubmit"]},"Ext.form.action.Load":{"idx":523.0,"alias":["formaction.load"],"alternates":["Ext.form.Action.Load"]},"Ext.form.action.StandardSubmit":{"idx":541.0,"alias":["formaction.standardsubmit"],"alternates":[]},"Ext.form.action.Submit":{"idx":524.0,"alias":["formaction.submit"],"alternates":["Ext.form.Action.Submit"]},"Ext.form.field.Base":{"idx":420.0,"alias":["widget.field"],"alternates":["Ext.form.Field","Ext.form.BaseField"]},"Ext.form.field.Checkbox":{"idx":440.0,"alias":["widget.checkbox","widget.checkboxfield"],"alternates":["Ext.form.Checkbox"]},"Ext.form.field.ComboBox":{"idx":552.0,"alias":["widget.combo","widget.combobox"],"alternates":["Ext.form.ComboBox"]},"Ext.form.field.Date":{"idx":556.0,"alias":["widget.datefield"],"alternates":["Ext.form.DateField","Ext.form.Date"]},"Ext.form.field.Display":{"idx":421.0,"alias":["widget.displayfield"],"alternates":["Ext.form.DisplayField","Ext.form.Display"]},"Ext.form.field.Field":{"idx":419.0,"alias":[],"alternates":[]},"Ext.form.field.File":{"idx":560.0,"alias":["widget.filefield","widget.fileuploadfield"],"alternates":["Ext.form.FileUploadField","Ext.ux.form.FileUploadField","Ext.form.File"]},"Ext.form.field.FileButton":{"idx":557.0,"alias":["widget.filebutton"],"alternates":[]},"Ext.form.field.Hidden":{"idx":562.0,"alias":["widget.hidden","widget.hiddenfield"],"alternates":["Ext.form.Hidden"]},"Ext.form.field.HtmlEditor":{"idx":565.0,"alias":["widget.htmleditor"],"alternates":["Ext.form.HtmlEditor"]},"Ext.form.field.Number":{"idx":547.0,"alias":["widget.numberfield"],"alternates":["Ext.form.NumberField","Ext.form.Number"]},"Ext.form.field.Picker":{"idx":542.0,"alias":["widget.pickerfield"],"alternates":["Ext.form.Picker"]},"Ext.form.field.Radio":{"idx":537.0,"alias":["widget.radio","widget.radiofield"],"alternates":["Ext.form.Radio"]},"Ext.form.field.Spinner":{"idx":546.0,"alias":["widget.spinnerfield"],"alternates":["Ext.form.Spinner"]},"Ext.form.field.Tag":{"idx":567.0,"alias":["widget.tagfield"],"alternates":[]},"Ext.form.field.Text":{"idx":474.0,"alias":["widget.textfield"],"alternates":["Ext.form.TextField","Ext.form.Text"]},"Ext.form.field.TextArea":{"idx":525.0,"alias":["widget.textarea","widget.textareafield"],"alternates":["Ext.form.TextArea"]},"Ext.form.field.Time":{"idx":569.0,"alias":["widget.timefield"],"alternates":["Ext.form.TimeField","Ext.form.Time"]},"Ext.form.field.Trigger":{"idx":570.0,"alias":["widget.trigger","widget.triggerfield"],"alternates":["Ext.form.TriggerField","Ext.form.TwinTriggerField","Ext.form.Trigger"]},"Ext.form.field.VTypes":{"idx":472.0,"alias":[],"alternates":["Ext.form.VTypes"]},"Ext.form.trigger.Component":{"idx":559.0,"alias":["trigger.component"],"alternates":[]},"Ext.form.trigger.Spinner":{"idx":545.0,"alias":["trigger.spinner"],"alternates":[]},"Ext.form.trigger.Trigger":{"idx":473.0,"alias":["trigger.trigger"],"alternates":[]},"Ext.fx.Anim":{"idx":73.0,"alias":[],"alternates":[]},"Ext.fx.Animation":{"idx":273.0,"alias":[],"alternates":[]},"Ext.fx.Animator":{"idx":68.0,"alias":[],"alternates":[]},"Ext.fx.CubicBezier":{"idx":69.0,"alias":[],"alternates":[]},"Ext.fx.DrawPath":{"idx":71.0,"alias":[],"alternates":[]},"Ext.fx.Easing":{"idx":70.0,"alias":[],"alternates":[]},"Ext.fx.Manager":{"idx":67.0,"alias":[],"alternates":[]},"Ext.fx.PropertyHandler":{"idx":72.0,"alias":[],"alternates":[]},"Ext.fx.Queue":{"idx":66.0,"alias":[],"alternates":[]},"Ext.fx.Runner":{"idx":276.0,"alias":[],"alternates":[]},"Ext.fx.State":{"idx":264.0,"alias":[],"alternates":[]},"Ext.fx.animation.Abstract":{"idx":265.0,"alias":[],"alternates":[]},"Ext.fx.animation.Cube":{"idx":277.0,"alias":["animation.cube"],"alternates":[]},"Ext.fx.animation.Fade":{"idx":268.0,"alias":["animation.fade","animation.fadeIn"],"alternates":["Ext.fx.animation.FadeIn"]},"Ext.fx.animation.FadeOut":{"idx":269.0,"alias":["animation.fadeOut"],"alternates":[]},"Ext.fx.animation.Flip":{"idx":270.0,"alias":["animation.flip"],"alternates":[]},"Ext.fx.animation.Pop":{"idx":271.0,"alias":["animation.pop","animation.popIn"],"alternates":["Ext.fx.animation.PopIn"]},"Ext.fx.animation.PopOut":{"idx":272.0,"alias":["animation.popOut"],"alternates":[]},"Ext.fx.animation.Slide":{"idx":266.0,"alias":["animation.slide","animation.slideIn"],"alternates":["Ext.fx.animation.SlideIn"]},"Ext.fx.animation.SlideOut":{"idx":267.0,"alias":["animation.slideOut"],"alternates":[]},"Ext.fx.animation.Wipe":{"idx":278.0,"alias":[],"alternates":["Ext.fx.animation.WipeIn"]},"Ext.fx.animation.WipeOut":{"idx":279.0,"alias":[],"alternates":[]},"Ext.fx.easing.Abstract":{"idx":280.0,"alias":[],"alternates":[]},"Ext.fx.easing.Bounce":{"idx":281.0,"alias":[],"alternates":[]},"Ext.fx.easing.BoundMomentum":{"idx":283.0,"alias":[],"alternates":[]},"Ext.fx.easing.EaseIn":{"idx":285.0,"alias":["easing.ease-in"],"alternates":[]},"Ext.fx.easing.EaseOut":{"idx":286.0,"alias":["easing.ease-out"],"alternates":[]},"Ext.fx.easing.Easing":{"idx":287.0,"alias":[],"alternates":[]},"Ext.fx.easing.Linear":{"idx":284.0,"alias":["easing.linear"],"alternates":[]},"Ext.fx.easing.Momentum":{"idx":282.0,"alias":[],"alternates":[]},"Ext.fx.layout.Card":{"idx":297.0,"alias":[],"alternates":[]},"Ext.fx.layout.card.Abstract":{"idx":288.0,"alias":[],"alternates":[]},"Ext.fx.layout.card.Cover":{"idx":291.0,"alias":["fx.layout.card.cover"],"alternates":[]},"Ext.fx.layout.card.Cube":{"idx":298.0,"alias":["fx.layout.card.cube"],"alternates":[]},"Ext.fx.layout.card.Fade":{"idx":293.0,"alias":["fx.layout.card.fade"],"alternates":[]},"Ext.fx.layout.card.Flip":{"idx":294.0,"alias":["fx.layout.card.flip"],"alternates":[]},"Ext.fx.layout.card.Pop":{"idx":295.0,"alias":["fx.layout.card.pop"],"alternates":[]},"Ext.fx.layout.card.Reveal":{"idx":292.0,"alias":["fx.layout.card.reveal"],"alternates":[]},"Ext.fx.layout.card.Scroll":{"idx":296.0,"alias":["fx.layout.card.scroll"],"alternates":[]},"Ext.fx.layout.card.ScrollCover":{"idx":299.0,"alias":["fx.layout.card.scrollcover"],"alternates":[]},"Ext.fx.layout.card.ScrollReveal":{"idx":300.0,"alias":["fx.layout.card.scrollreveal"],"alternates":[]},"Ext.fx.layout.card.Slide":{"idx":290.0,"alias":["fx.layout.card.slide"],"alternates":[]},"Ext.fx.layout.card.Style":{"idx":289.0,"alias":[],"alternates":[]},"Ext.fx.runner.Css":{"idx":274.0,"alias":[],"alternates":[]},"Ext.fx.runner.CssAnimation":{"idx":301.0,"alias":[],"alternates":[]},"Ext.fx.runner.CssTransition":{"idx":275.0,"alias":[],"alternates":[]},"Ext.fx.target.Component":{"idx":65.0,"alias":[],"alternates":[]},"Ext.fx.target.CompositeElement":{"idx":61.0,"alias":[],"alternates":[]},"Ext.fx.target.CompositeElementCSS":{"idx":62.0,"alias":[],"alternates":[]},"Ext.fx.target.CompositeSprite":{"idx":64.0,"alias":[],"alternates":[]},"Ext.fx.target.Element":{"idx":59.0,"alias":[],"alternates":[]},"Ext.fx.target.ElementCSS":{"idx":60.0,"alias":[],"alternates":[]},"Ext.fx.target.Sprite":{"idx":63.0,"alias":[],"alternates":[]},"Ext.fx.target.Target":{"idx":58.0,"alias":[],"alternates":[]},"Ext.grid.CellContext":{"idx":431.0,"alias":[],"alternates":[]},"Ext.grid.CellEditor":{"idx":571.0,"alias":[],"alternates":[]},"Ext.grid.ColumnComponentLayout":{"idx":463.0,"alias":["layout.columncomponent"],"alternates":[]},"Ext.grid.ColumnLayout":{"idx":447.0,"alias":["layout.gridcolumn"],"alternates":[]},"Ext.grid.ColumnManager":{"idx":573.0,"alias":[],"alternates":["Ext.grid.ColumnModel"]},"Ext.grid.NavigationModel":{"idx":468.0,"alias":["view.navigation.grid"],"alternates":[]},"Ext.grid.Panel":{"idx":438.0,"alias":["widget.grid","widget.gridpanel"],"alternates":["Ext.list.ListView","Ext.ListView","Ext.grid.GridPanel"]},"Ext.grid.RowEditor":{"idx":575.0,"alias":["widget.roweditor"],"alternates":[]},"Ext.grid.RowEditorButtons":{"idx":574.0,"alias":["widget.roweditorbuttons"],"alternates":[]},"Ext.grid.View":{"idx":437.0,"alias":["widget.gridview"],"alternates":[]},"Ext.grid.ViewDropZone":{"idx":580.0,"alias":[],"alternates":[]},"Ext.grid.column.Action":{"idx":581.0,"alias":["widget.actioncolumn"],"alternates":["Ext.grid.ActionColumn"]},"Ext.grid.column.Boolean":{"idx":582.0,"alias":["widget.booleancolumn"],"alternates":["Ext.grid.BooleanColumn"]},"Ext.grid.column.Check":{"idx":583.0,"alias":["widget.checkcolumn"],"alternates":["Ext.ux.CheckColumn","Ext.grid.column.CheckColumn"]},"Ext.grid.column.Column":{"idx":464.0,"alias":["widget.gridcolumn"],"alternates":["Ext.grid.Column"]},"Ext.grid.column.Date":{"idx":584.0,"alias":["widget.datecolumn"],"alternates":["Ext.grid.DateColumn"]},"Ext.grid.column.Number":{"idx":585.0,"alias":["widget.numbercolumn"],"alternates":["Ext.grid.NumberColumn"]},"Ext.grid.column.RowNumberer":{"idx":586.0,"alias":["widget.rownumberer"],"alternates":["Ext.grid.RowNumberer"]},"Ext.grid.column.Template":{"idx":588.0,"alias":["widget.templatecolumn"],"alternates":["Ext.grid.TemplateColumn"]},"Ext.grid.column.Widget":{"idx":589.0,"alias":["widget.widgetcolumn"],"alternates":[]},"Ext.grid.feature.AbstractSummary":{"idx":591.0,"alias":["feature.abstractsummary"],"alternates":[]},"Ext.grid.feature.Feature":{"idx":590.0,"alias":["feature.feature"],"alternates":[]},"Ext.grid.feature.GroupStore":{"idx":592.0,"alias":[],"alternates":[]},"Ext.grid.feature.Grouping":{"idx":593.0,"alias":["feature.grouping"],"alternates":[]},"Ext.grid.feature.GroupingSummary":{"idx":594.0,"alias":["feature.groupingsummary"],"alternates":[]},"Ext.grid.feature.RowBody":{"idx":595.0,"alias":["feature.rowbody"],"alternates":[]},"Ext.grid.feature.Summary":{"idx":596.0,"alias":["feature.summary"],"alternates":[]},"Ext.grid.filters.Filters":{"idx":613.0,"alias":["plugin.gridfilters"],"alternates":[]},"Ext.grid.filters.filter.Base":{"idx":605.0,"alias":[],"alternates":[]},"Ext.grid.filters.filter.Boolean":{"idx":607.0,"alias":["grid.filter.boolean"],"alternates":[]},"Ext.grid.filters.filter.Date":{"idx":609.0,"alias":["grid.filter.date"],"alternates":[]},"Ext.grid.filters.filter.List":{"idx":610.0,"alias":["grid.filter.list"],"alternates":[]},"Ext.grid.filters.filter.Number":{"idx":611.0,"alias":["grid.filter.number","grid.filter.numeric"],"alternates":[]},"Ext.grid.filters.filter.SingleFilter":{"idx":606.0,"alias":[],"alternates":[]},"Ext.grid.filters.filter.String":{"idx":612.0,"alias":["grid.filter.string"],"alternates":[]},"Ext.grid.filters.filter.TriFilter":{"idx":608.0,"alias":[],"alternates":[]},"Ext.grid.header.Container":{"idx":462.0,"alias":["widget.headercontainer"],"alternates":[]},"Ext.grid.header.DragZone":{"idx":454.0,"alias":[],"alternates":[]},"Ext.grid.header.DropZone":{"idx":460.0,"alias":[],"alternates":[]},"Ext.grid.locking.HeaderContainer":{"idx":614.0,"alias":[],"alternates":[]},"Ext.grid.locking.Lockable":{"idx":616.0,"alias":[],"alternates":["Ext.grid.Lockable"]},"Ext.grid.locking.View":{"idx":615.0,"alias":[],"alternates":["Ext.grid.LockingView"]},"Ext.grid.plugin.BufferedRenderer":{"idx":617.0,"alias":["plugin.bufferedrenderer"],"alternates":[]},"Ext.grid.plugin.CellEditing":{"idx":619.0,"alias":["plugin.cellediting"],"alternates":[]},"Ext.grid.plugin.DragDrop":{"idx":620.0,"alias":["plugin.gridviewdragdrop"],"alternates":[]},"Ext.grid.plugin.Editing":{"idx":618.0,"alias":["editing.editing"],"alternates":[]},"Ext.grid.plugin.HeaderReorderer":{"idx":461.0,"alias":["plugin.gridheaderreorderer"],"alternates":[]},"Ext.grid.plugin.HeaderResizer":{"idx":451.0,"alias":["plugin.gridheaderresizer"],"alternates":[]},"Ext.grid.plugin.RowEditing":{"idx":621.0,"alias":["plugin.rowediting"],"alternates":[]},"Ext.grid.plugin.RowExpander":{"idx":623.0,"alias":["plugin.rowexpander"],"alternates":[]},"Ext.grid.property.Grid":{"idx":624.0,"alias":["widget.propertygrid"],"alternates":["Ext.grid.PropertyGrid"]},"Ext.grid.property.HeaderContainer":{"idx":625.0,"alias":[],"alternates":["Ext.grid.PropertyColumnModel"]},"Ext.grid.property.Property":{"idx":626.0,"alias":[],"alternates":["Ext.PropGridProperty"]},"Ext.grid.property.Reader":{"idx":627.0,"alias":[],"alternates":[]},"Ext.grid.property.Store":{"idx":628.0,"alias":[],"alternates":["Ext.grid.PropertyStore"]},"Ext.layout.ClassList":{"idx":629.0,"alias":[],"alternates":[]},"Ext.layout.Context":{"idx":633.0,"alias":[],"alternates":[]},"Ext.layout.ContextItem":{"idx":631.0,"alias":[],"alternates":[]},"Ext.layout.Layout":{"idx":326.0,"alias":[],"alternates":[]},"Ext.layout.SizeModel":{"idx":325.0,"alias":[],"alternates":[]},"Ext.layout.component.Auto":{"idx":341.0,"alias":["layout.autocomponent"],"alternates":[]},"Ext.layout.component.Body":{"idx":481.0,"alias":["layout.body"],"alternates":[]},"Ext.layout.component.BoundList":{"idx":543.0,"alias":["layout.boundlist"],"alternates":[]},"Ext.layout.component.Component":{"idx":340.0,"alias":[],"alternates":[]},"Ext.layout.component.Dock":{"idx":400.0,"alias":["layout.dock"],"alternates":["Ext.layout.component.AbstractDock"]},"Ext.layout.component.FieldSet":{"idx":635.0,"alias":["layout.fieldset"],"alternates":[]},"Ext.layout.component.ProgressBar":{"idx":342.0,"alias":["layout.progressbar"],"alternates":[]},"Ext.layout.component.field.FieldContainer":{"idx":529.0,"alias":["layout.fieldcontainer"],"alternates":[]},"Ext.layout.component.field.HtmlEditor":{"idx":564.0,"alias":["layout.htmleditor"],"alternates":[]},"Ext.layout.container.Absolute":{"idx":636.0,"alias":["layout.absolute"],"alternates":["Ext.layout.AbsoluteLayout"]},"Ext.layout.container.Accordion":{"idx":638.0,"alias":["layout.accordion"],"alternates":["Ext.layout.AccordionLayout"]},"Ext.layout.container.Anchor":{"idx":505.0,"alias":["layout.anchor"],"alternates":["Ext.layout.AnchorLayout"]},"Ext.layout.container.Auto":{"idx":328.0,"alias":["layout.auto","layout.autocontainer"],"alternates":[]},"Ext.layout.container.Border":{"idx":477.0,"alias":["layout.border"],"alternates":["Ext.layout.BorderLayout"]},"Ext.layout.container.Box":{"idx":382.0,"alias":["layout.box"],"alternates":["Ext.layout.BoxLayout"]},"Ext.layout.container.Card":{"idx":479.0,"alias":["layout.card"],"alternates":["Ext.layout.CardLayout"]},"Ext.layout.container.Center":{"idx":639.0,"alias":["layout.center","layout.ux.center"],"alternates":["Ext.ux.layout.Center"]},"Ext.layout.container.CheckboxGroup":{"idx":531.0,"alias":["layout.checkboxgroup"],"alternates":[]},"Ext.layout.container.Column":{"idx":508.0,"alias":["layout.column"],"alternates":["Ext.layout.ColumnLayout"]},"Ext.layout.container.ColumnSplitter":{"idx":513.0,"alias":["widget.columnsplitter"],"alternates":[]},"Ext.layout.container.ColumnSplitterTracker":{"idx":512.0,"alias":[],"alternates":[]},"Ext.layout.container.Container":{"idx":327.0,"alias":["layout.container"],"alternates":["Ext.layout.ContainerLayout"]},"Ext.layout.container.Dashboard":{"idx":514.0,"alias":["layout.dashboard"],"alternates":[]},"Ext.layout.container.Editor":{"idx":331.0,"alias":["layout.editor"],"alternates":[]},"Ext.layout.container.Fit":{"idx":422.0,"alias":["layout.fit"],"alternates":["Ext.layout.FitLayout"]},"Ext.layout.container.Form":{"idx":640.0,"alias":["layout.form"],"alternates":["Ext.layout.FormLayout"]},"Ext.layout.container.HBox":{"idx":384.0,"alias":["layout.hbox"],"alternates":["Ext.layout.HBoxLayout"]},"Ext.layout.container.SegmentedButton":{"idx":641.0,"alias":["layout.segmentedbutton"],"alternates":[]},"Ext.layout.container.Table":{"idx":498.0,"alias":["layout.table"],"alternates":["Ext.layout.TableLayout"]},"Ext.layout.container.VBox":{"idx":386.0,"alias":["layout.vbox"],"alternates":["Ext.layout.VBoxLayout"]},"Ext.layout.container.border.Region":{"idx":98.0,"alias":[],"alternates":[]},"Ext.layout.container.boxOverflow.Menu":{"idx":375.0,"alias":["box.overflow.Menu","box.overflow.menu"],"alternates":["Ext.layout.boxOverflow.Menu"]},"Ext.layout.container.boxOverflow.None":{"idx":366.0,"alias":["box.overflow.None","box.overflow.none"],"alternates":["Ext.layout.boxOverflow.None"]},"Ext.layout.container.boxOverflow.Scroller":{"idx":377.0,"alias":["box.overflow.Scroller","box.overflow.scroller"],"alternates":["Ext.layout.boxOverflow.Scroller"]},"Ext.menu.CheckItem":{"idx":599.0,"alias":["widget.menucheckitem"],"alternates":[]},"Ext.menu.ColorPicker":{"idx":642.0,"alias":["widget.colormenu"],"alternates":[]},"Ext.menu.DatePicker":{"idx":643.0,"alias":["widget.datemenu"],"alternates":[]},"Ext.menu.Item":{"idx":598.0,"alias":["widget.menuitem"],"alternates":["Ext.menu.TextItem"]},"Ext.menu.KeyNav":{"idx":600.0,"alias":[],"alternates":[]},"Ext.menu.Manager":{"idx":371.0,"alias":[],"alternates":["Ext.menu.MenuMgr"]},"Ext.menu.Menu":{"idx":603.0,"alias":["widget.menu"],"alternates":[]},"Ext.menu.Separator":{"idx":601.0,"alias":["widget.menuseparator"],"alternates":[]},"Ext.mixin.Bindable":{"idx":84.0,"alias":[],"alternates":[]},"Ext.mixin.Factoryable":{"idx":129.0,"alias":[],"alternates":[]},"Ext.mixin.Hookable":{"idx":302.0,"alias":[],"alternates":[]},"Ext.mixin.Identifiable":{"idx":30.0,"alias":[],"alternates":[]},"Ext.mixin.Inheritable":{"idx":83.0,"alias":[],"alternates":[]},"Ext.mixin.Mashup":{"idx":303.0,"alias":[],"alternates":[]},"Ext.mixin.Observable":{"idx":31.0,"alias":[],"alternates":[]},"Ext.mixin.Queryable":{"idx":216.0,"alias":[],"alternates":[]},"Ext.mixin.Responsive":{"idx":304.0,"alias":[],"alternates":[]},"Ext.mixin.Selectable":{"idx":305.0,"alias":[],"alternates":[]},"Ext.mixin.Templatable":{"idx":257.0,"alias":[],"alternates":[]},"Ext.mixin.Traversable":{"idx":306.0,"alias":[],"alternates":[]},"Ext.overrides.GlobalEvents":{"idx":78.0,"alias":[],"alternates":[]},"Ext.overrides.Widget":{"idx":125.0,"alias":[],"alternates":[]},"Ext.overrides.app.Application":{"idx":414.0,"alias":[],"alternates":[]},"Ext.overrides.dom.Element":{"idx":76.0,"alias":[],"alternates":[]},"Ext.overrides.dom.Helper":{"idx":222.0,"alias":[],"alternates":[]},"Ext.overrides.event.Event":{"idx":117.0,"alias":[],"alternates":[]},"Ext.overrides.event.publisher.Dom":{"idx":119.0,"alias":[],"alternates":[]},"Ext.overrides.event.publisher.Gesture":{"idx":121.0,"alias":[],"alternates":[]},"Ext.overrides.util.Positionable":{"idx":44.0,"alias":[],"alternates":[]},"Ext.panel.Bar":{"idx":359.0,"alias":[],"alternates":[]},"Ext.panel.DD":{"idx":399.0,"alias":[],"alternates":[]},"Ext.panel.Header":{"idx":364.0,"alias":["widget.header"],"alternates":[]},"Ext.panel.Panel":{"idx":405.0,"alias":["widget.panel"],"alternates":["Ext.Panel"]},"Ext.panel.Pinnable":{"idx":644.0,"alias":[],"alternates":[]},"Ext.panel.Proxy":{"idx":398.0,"alias":[],"alternates":["Ext.dd.PanelProxy"]},"Ext.panel.Table":{"idx":423.0,"alias":["widget.tablepanel"],"alternates":[]},"Ext.panel.Title":{"idx":361.0,"alias":["widget.title"],"alternates":[]},"Ext.panel.Tool":{"idx":363.0,"alias":["widget.tool"],"alternates":[]},"Ext.perf.Accumulator":{"idx":307.0,"alias":[],"alternates":[]},"Ext.perf.Monitor":{"idx":308.0,"alias":[],"alternates":["Ext.Perf"]},"Ext.picker.Color":{"idx":563.0,"alias":["widget.colorpicker"],"alternates":["Ext.ColorPalette"]},"Ext.picker.Date":{"idx":555.0,"alias":["widget.datepicker"],"alternates":["Ext.DatePicker"]},"Ext.picker.Month":{"idx":553.0,"alias":["widget.monthpicker"],"alternates":["Ext.MonthPicker"]},"Ext.picker.Time":{"idx":568.0,"alias":["widget.timepicker"],"alternates":[]},"Ext.plugin.Abstract":{"idx":449.0,"alias":[],"alternates":["Ext.AbstractPlugin"]},"Ext.plugin.Manager":{"idx":645.0,"alias":[],"alternates":["Ext.PluginManager","Ext.PluginMgr"]},"Ext.plugin.Responsive":{"idx":502.0,"alias":["plugin.responsive"],"alternates":[]},"Ext.plugin.Viewport":{"idx":503.0,"alias":["plugin.viewport"],"alternates":[]},"Ext.resizer.BorderSplitter":{"idx":476.0,"alias":["widget.bordersplitter"],"alternates":[]},"Ext.resizer.BorderSplitterTracker":{"idx":646.0,"alias":[],"alternates":[]},"Ext.resizer.Handle":{"idx":648.0,"alias":[],"alternates":[]},"Ext.resizer.ResizeTracker":{"idx":649.0,"alias":[],"alternates":[]},"Ext.resizer.Resizer":{"idx":651.0,"alias":[],"alternates":["Ext.Resizable"]},"Ext.resizer.Splitter":{"idx":380.0,"alias":["widget.splitter"],"alternates":[]},"Ext.resizer.SplitterTracker":{"idx":510.0,"alias":[],"alternates":[]},"Ext.rtl.Component":{"idx":99.0,"alias":[],"alternates":[]},"Ext.rtl.button.Button":{"idx":374.0,"alias":[],"alternates":[]},"Ext.rtl.button.Segmented":{"idx":497.0,"alias":[],"alternates":[]},"Ext.rtl.dd.DD":{"idx":394.0,"alias":[],"alternates":[]},"Ext.rtl.dom.Element":{"idx":48.0,"alias":[],"alternates":[]},"Ext.rtl.dom.Layer":{"idx":519.0,"alias":[],"alternates":[]},"Ext.rtl.event.Event":{"idx":116.0,"alias":[],"alternates":[]},"Ext.rtl.form.Labelable":{"idx":418.0,"alias":[],"alternates":[]},"Ext.rtl.form.field.File":{"idx":561.0,"alias":[],"alternates":[]},"Ext.rtl.form.field.FileButton":{"idx":558.0,"alias":[],"alternates":[]},"Ext.rtl.grid.CellEditor":{"idx":572.0,"alias":[],"alternates":[]},"Ext.rtl.grid.ColumnLayout":{"idx":448.0,"alias":[],"alternates":[]},"Ext.rtl.grid.NavigationModel":{"idx":469.0,"alias":[],"alternates":[]},"Ext.rtl.grid.RowEditor":{"idx":576.0,"alias":[],"alternates":[]},"Ext.rtl.grid.column.Column":{"idx":465.0,"alias":[],"alternates":[]},"Ext.rtl.grid.feature.Summary":{"idx":597.0,"alias":[],"alternates":[]},"Ext.rtl.grid.plugin.HeaderResizer":{"idx":452.0,"alias":[],"alternates":[]},"Ext.rtl.grid.plugin.RowEditing":{"idx":622.0,"alias":[],"alternates":[]},"Ext.rtl.layout.ContextItem":{"idx":632.0,"alias":[],"alternates":[]},"Ext.rtl.layout.component.Dock":{"idx":401.0,"alias":[],"alternates":[]},"Ext.rtl.layout.container.Absolute":{"idx":637.0,"alias":[],"alternates":[]},"Ext.rtl.layout.container.Border":{"idx":478.0,"alias":[],"alternates":[]},"Ext.rtl.layout.container.Box":{"idx":383.0,"alias":[],"alternates":[]},"Ext.rtl.layout.container.Column":{"idx":509.0,"alias":[],"alternates":[]},"Ext.rtl.layout.container.HBox":{"idx":385.0,"alias":[],"alternates":[]},"Ext.rtl.layout.container.VBox":{"idx":387.0,"alias":[],"alternates":[]},"Ext.rtl.layout.container.boxOverflow.Menu":{"idx":376.0,"alias":[],"alternates":[]},"Ext.rtl.layout.container.boxOverflow.Scroller":{"idx":378.0,"alias":[],"alternates":[]},"Ext.rtl.panel.Bar":{"idx":360.0,"alias":[],"alternates":[]},"Ext.rtl.panel.Panel":{"idx":406.0,"alias":[],"alternates":[]},"Ext.rtl.panel.Title":{"idx":362.0,"alias":[],"alternates":[]},"Ext.rtl.resizer.BorderSplitterTracker":{"idx":647.0,"alias":[],"alternates":[]},"Ext.rtl.resizer.ResizeTracker":{"idx":650.0,"alias":[],"alternates":[]},"Ext.rtl.resizer.SplitterTracker":{"idx":511.0,"alias":[],"alternates":[]},"Ext.rtl.scroll.Manager":{"idx":654.0,"alias":[],"alternates":[]},"Ext.rtl.scroll.Scroller":{"idx":317.0,"alias":[],"alternates":[]},"Ext.rtl.selection.CellModel":{"idx":656.0,"alias":[],"alternates":[]},"Ext.rtl.selection.TreeModel":{"idx":446.0,"alias":[],"alternates":[]},"Ext.rtl.slider.Multi":{"idx":660.0,"alias":[],"alternates":[]},"Ext.rtl.tab.Bar":{"idx":483.0,"alias":[],"alternates":[]},"Ext.rtl.tip.QuickTipManager":{"idx":412.0,"alias":[],"alternates":[]},"Ext.rtl.tree.Column":{"idx":467.0,"alias":[],"alternates":[]},"Ext.rtl.util.Floating":{"idx":95.0,"alias":[],"alternates":[]},"Ext.rtl.util.FocusableContainer":{"idx":389.0,"alias":[],"alternates":[]},"Ext.rtl.util.Renderable":{"idx":90.0,"alias":[],"alternates":[]},"Ext.rtl.view.NavigationModel":{"idx":428.0,"alias":[],"alternates":[]},"Ext.rtl.view.Table":{"idx":436.0,"alias":[],"alternates":[]},"Ext.scroll.Indicator":{"idx":652.0,"alias":[],"alternates":[]},"Ext.scroll.Manager":{"idx":653.0,"alias":[],"alternates":[]},"Ext.scroll.Scroller":{"idx":316.0,"alias":[],"alternates":[]},"Ext.selection.CellModel":{"idx":655.0,"alias":["selection.cellmodel"],"alternates":[]},"Ext.selection.CheckboxModel":{"idx":661.0,"alias":["selection.checkboxmodel"],"alternates":[]},"Ext.selection.DataViewModel":{"idx":426.0,"alias":[],"alternates":[]},"Ext.selection.Model":{"idx":425.0,"alias":[],"alternates":["Ext.AbstractSelectionModel"]},"Ext.selection.RowModel":{"idx":444.0,"alias":["selection.rowmodel"],"alternates":[]},"Ext.selection.TreeModel":{"idx":445.0,"alias":["selection.treemodel"],"alternates":[]},"Ext.slider.Multi":{"idx":659.0,"alias":["widget.multislider"],"alternates":["Ext.slider.MultiSlider"]},"Ext.slider.Single":{"idx":662.0,"alias":["widget.slider","widget.sliderfield"],"alternates":["Ext.Slider","Ext.form.SliderField","Ext.slider.SingleSlider","Ext.slider.Slider"]},"Ext.slider.Thumb":{"idx":657.0,"alias":[],"alternates":[]},"Ext.slider.Tip":{"idx":658.0,"alias":["widget.slidertip"],"alternates":[]},"Ext.slider.Widget":{"idx":663.0,"alias":["widget.sliderwidget"],"alternates":[]},"Ext.sparkline.Bar":{"idx":671.0,"alias":["widget.sparklinebar"],"alternates":[]},"Ext.sparkline.BarBase":{"idx":669.0,"alias":[],"alternates":[]},"Ext.sparkline.Base":{"idx":668.0,"alias":[],"alternates":[]},"Ext.sparkline.Box":{"idx":672.0,"alias":["widget.sparklinebox"],"alternates":[]},"Ext.sparkline.Bullet":{"idx":673.0,"alias":["widget.sparklinebullet"],"alternates":[]},"Ext.sparkline.CanvasBase":{"idx":665.0,"alias":[],"alternates":[]},"Ext.sparkline.CanvasCanvas":{"idx":666.0,"alias":[],"alternates":[]},"Ext.sparkline.Discrete":{"idx":674.0,"alias":["widget.sparklinediscrete"],"alternates":[]},"Ext.sparkline.Line":{"idx":675.0,"alias":["widget.sparklineline"],"alternates":[]},"Ext.sparkline.Pie":{"idx":676.0,"alias":["widget.sparklinepie"],"alternates":[]},"Ext.sparkline.RangeMap":{"idx":670.0,"alias":[],"alternates":[]},"Ext.sparkline.Shape":{"idx":664.0,"alias":[],"alternates":[]},"Ext.sparkline.TriState":{"idx":677.0,"alias":["widget.sparklinetristate"],"alternates":[]},"Ext.sparkline.VmlCanvas":{"idx":667.0,"alias":[],"alternates":[]},"Ext.state.CookieProvider":{"idx":678.0,"alias":[],"alternates":[]},"Ext.state.LocalStorageProvider":{"idx":679.0,"alias":["state.localstorage"],"alternates":[]},"Ext.state.Manager":{"idx":92.0,"alias":[],"alternates":[]},"Ext.state.Provider":{"idx":91.0,"alias":[],"alternates":[]},"Ext.state.Stateful":{"idx":93.0,"alias":[],"alternates":[]},"Ext.tab.Bar":{"idx":482.0,"alias":["widget.tabbar"],"alternates":[]},"Ext.tab.Panel":{"idx":484.0,"alias":["widget.tabpanel"],"alternates":["Ext.TabPanel"]},"Ext.tab.Tab":{"idx":480.0,"alias":["widget.tab"],"alternates":[]},"Ext.tip.QuickTip":{"idx":410.0,"alias":["widget.quicktip"],"alternates":["Ext.QuickTip"]},"Ext.tip.QuickTipManager":{"idx":411.0,"alias":[],"alternates":["Ext.QuickTips"]},"Ext.tip.Tip":{"idx":408.0,"alias":["widget.tip"],"alternates":["Ext.Tip"]},"Ext.tip.ToolTip":{"idx":409.0,"alias":["widget.tooltip"],"alternates":["Ext.ToolTip"]},"Ext.toolbar.Breadcrumb":{"idx":680.0,"alias":["widget.breadcrumb"],"alternates":[]},"Ext.toolbar.Fill":{"idx":365.0,"alias":["widget.tbfill"],"alternates":["Ext.Toolbar.Fill"]},"Ext.toolbar.Item":{"idx":367.0,"alias":["widget.tbitem"],"alternates":["Ext.Toolbar.Item"]},"Ext.toolbar.Paging":{"idx":548.0,"alias":["widget.pagingtoolbar"],"alternates":["Ext.PagingToolbar"]},"Ext.toolbar.Separator":{"idx":368.0,"alias":["widget.tbseparator"],"alternates":["Ext.Toolbar.Separator"]},"Ext.toolbar.Spacer":{"idx":681.0,"alias":["widget.tbspacer"],"alternates":["Ext.Toolbar.Spacer"]},"Ext.toolbar.TextItem":{"idx":544.0,"alias":["widget.tbtext"],"alternates":["Ext.Toolbar.TextItem"]},"Ext.toolbar.Toolbar":{"idx":390.0,"alias":["widget.toolbar"],"alternates":["Ext.Toolbar"]},"Ext.tree.Column":{"idx":466.0,"alias":["widget.treecolumn"],"alternates":[]},"Ext.tree.NavigationModel":{"idx":470.0,"alias":["view.navigation.tree"],"alternates":[]},"Ext.tree.Panel":{"idx":471.0,"alias":["widget.treepanel"],"alternates":["Ext.tree.TreePanel","Ext.TreePanel"]},"Ext.tree.View":{"idx":443.0,"alias":["widget.treeview"],"alternates":[]},"Ext.tree.ViewDragZone":{"idx":683.0,"alias":[],"alternates":[]},"Ext.tree.ViewDropZone":{"idx":684.0,"alias":[],"alternates":[]},"Ext.tree.plugin.TreeViewDragDrop":{"idx":685.0,"alias":["plugin.treeviewdragdrop"],"alternates":[]},"Ext.util.AbstractMixedCollection":{"idx":53.0,"alias":[],"alternates":[]},"Ext.util.Animate":{"idx":74.0,"alias":[],"alternates":[]},"Ext.util.Base64":{"idx":318.0,"alias":[],"alternates":[]},"Ext.util.CSS":{"idx":432.0,"alias":[],"alternates":[]},"Ext.util.ClickRepeater":{"idx":372.0,"alias":[],"alternates":[]},"Ext.util.Collection":{"idx":132.0,"alias":[],"alternates":[]},"Ext.util.CollectionKey":{"idx":130.0,"alias":[],"alternates":[]},"Ext.util.ComponentDragger":{"idx":489.0,"alias":[],"alternates":[]},"Ext.util.Cookies":{"idx":686.0,"alias":[],"alternates":[]},"Ext.util.ElementContainer":{"idx":88.0,"alias":[],"alternates":[]},"Ext.util.Event":{"idx":51.0,"alias":[],"alternates":[]},"Ext.util.Filter":{"idx":49.0,"alias":[],"alternates":[]},"Ext.util.FilterCollection":{"idx":197.0,"alias":[],"alternates":[]},"Ext.util.Floating":{"idx":94.0,"alias":[],"alternates":[]},"Ext.util.Focusable":{"idx":96.0,"alias":[],"alternates":[]},"Ext.util.FocusableContainer":{"idx":388.0,"alias":[],"alternates":[]},"Ext.util.Format":{"idx":81.0,"alias":[],"alternates":[]},"Ext.util.Group":{"idx":195.0,"alias":[],"alternates":[]},"Ext.util.GroupCollection":{"idx":198.0,"alias":[],"alternates":[]},"Ext.util.Grouper":{"idx":131.0,"alias":[],"alternates":[]},"Ext.util.HashMap":{"idx":32.0,"alias":[],"alternates":[]},"Ext.util.History":{"idx":356.0,"alias":[],"alternates":["Ext.History"]},"Ext.util.Inflector":{"idx":140.0,"alias":[],"alternates":[]},"Ext.util.KeyMap":{"idx":334.0,"alias":[],"alternates":["Ext.KeyMap"]},"Ext.util.KeyNav":{"idx":335.0,"alias":[],"alternates":["Ext.KeyNav"]},"Ext.util.LocalStorage":{"idx":319.0,"alias":[],"alternates":[]},"Ext.util.LruCache":{"idx":40.0,"alias":[],"alternates":[]},"Ext.util.Memento":{"idx":403.0,"alias":[],"alternates":[]},"Ext.util.MixedCollection":{"idx":56.0,"alias":[],"alternates":[]},"Ext.util.ObjectTemplate":{"idx":134.0,"alias":[],"alternates":[]},"Ext.util.Observable":{"idx":52.0,"alias":[],"alternates":[]},"Ext.util.Offset":{"idx":112.0,"alias":[],"alternates":[]},"Ext.util.PaintMonitor":{"idx":255.0,"alias":[],"alternates":[]},"Ext.util.Point":{"idx":114.0,"alias":[],"alternates":[]},"Ext.util.Positionable":{"idx":43.0,"alias":[],"alternates":[]},"Ext.util.ProtoElement":{"idx":86.0,"alias":[],"alternates":[]},"Ext.util.Queue":{"idx":630.0,"alias":[],"alternates":[]},"Ext.util.Region":{"idx":113.0,"alias":[],"alternates":[]},"Ext.util.Renderable":{"idx":89.0,"alias":[],"alternates":[]},"Ext.util.Schedulable":{"idx":151.0,"alias":[],"alternates":[]},"Ext.util.Scheduler":{"idx":133.0,"alias":[],"alternates":[]},"Ext.util.SizeMonitor":{"idx":262.0,"alias":[],"alternates":[]},"Ext.util.Sortable":{"idx":55.0,"alias":[],"alternates":[]},"Ext.util.Sorter":{"idx":54.0,"alias":[],"alternates":[]},"Ext.util.SorterCollection":{"idx":196.0,"alias":[],"alternates":[]},"Ext.util.StoreHolder":{"idx":338.0,"alias":[],"alternates":[]},"Ext.util.TaskManager":{"idx":320.0,"alias":[],"alternates":["Ext.TaskManager"]},"Ext.util.TaskRunner":{"idx":57.0,"alias":[],"alternates":[]},"Ext.util.TextMetrics":{"idx":321.0,"alias":[],"alternates":[]},"Ext.util.Translatable":{"idx":315.0,"alias":[],"alternates":[]},"Ext.util.XTemplateCompiler":{"idx":127.0,"alias":[],"alternates":[]},"Ext.util.XTemplateParser":{"idx":126.0,"alias":[],"alternates":[]},"Ext.util.paintmonitor.Abstract":{"idx":252.0,"alias":[],"alternates":[]},"Ext.util.paintmonitor.CssAnimation":{"idx":253.0,"alias":[],"alternates":[]},"Ext.util.paintmonitor.OverflowChange":{"idx":254.0,"alias":[],"alternates":[]},"Ext.util.sizemonitor.Abstract":{"idx":258.0,"alias":[],"alternates":[]},"Ext.util.sizemonitor.Default":{"idx":259.0,"alias":[],"alternates":[]},"Ext.util.sizemonitor.OverflowChange":{"idx":261.0,"alias":[],"alternates":[]},"Ext.util.sizemonitor.Scroll":{"idx":260.0,"alias":[],"alternates":[]},"Ext.util.translatable.Abstract":{"idx":309.0,"alias":[],"alternates":[]},"Ext.util.translatable.CssPosition":{"idx":314.0,"alias":[],"alternates":[]},"Ext.util.translatable.CssTransform":{"idx":311.0,"alias":[],"alternates":[]},"Ext.util.translatable.Dom":{"idx":310.0,"alias":[],"alternates":[]},"Ext.util.translatable.ScrollParent":{"idx":313.0,"alias":[],"alternates":[]},"Ext.util.translatable.ScrollPosition":{"idx":312.0,"alias":[],"alternates":[]},"Ext.ux.BoxReorderer":{"idx":687.0,"alias":[],"alternates":[]},"Ext.ux.CellDragDrop":{"idx":688.0,"alias":["plugin.celldragdrop"],"alternates":[]},"Ext.ux.DataTip":{"idx":689.0,"alias":["plugin.datatip"],"alternates":[]},"Ext.ux.DataView.Animated":{"idx":690.0,"alias":[],"alternates":[]},"Ext.ux.DataView.DragSelector":{"idx":691.0,"alias":[],"alternates":[]},"Ext.ux.DataView.Draggable":{"idx":692.0,"alias":[],"alternates":[]},"Ext.ux.DataView.LabelEditor":{"idx":693.0,"alias":[],"alternates":[]},"Ext.ux.Explorer":{"idx":695.0,"alias":["widget.explorer"],"alternates":[]},"Ext.ux.FieldReplicator":{"idx":696.0,"alias":["plugin.fieldreplicator"],"alternates":[]},"Ext.ux.GMapPanel":{"idx":697.0,"alias":["widget.gmappanel"],"alternates":[]},"Ext.ux.GroupTabPanel":{"idx":699.0,"alias":["widget.grouptabpanel"],"alternates":[]},"Ext.ux.GroupTabRenderer":{"idx":698.0,"alias":["plugin.grouptabrenderer"],"alternates":[]},"Ext.ux.IFrame":{"idx":700.0,"alias":["widget.uxiframe"],"alternates":[]},"Ext.ux.LiveSearchGridPanel":{"idx":702.0,"alias":[],"alternates":[]},"Ext.ux.PreviewPlugin":{"idx":703.0,"alias":["plugin.preview"],"alternates":[]},"Ext.ux.ProgressBarPager":{"idx":704.0,"alias":[],"alternates":[]},"Ext.ux.RowExpander":{"idx":705.0,"alias":[],"alternates":[]},"Ext.ux.SlidingPager":{"idx":706.0,"alias":[],"alternates":[]},"Ext.ux.Spotlight":{"idx":707.0,"alias":[],"alternates":[]},"Ext.ux.TabCloseMenu":{"idx":708.0,"alias":["plugin.tabclosemenu"],"alternates":[]},"Ext.ux.TabReorderer":{"idx":709.0,"alias":["plugin.tabreorderer"],"alternates":[]},"Ext.ux.TabScrollerMenu":{"idx":710.0,"alias":["plugin.tabscrollermenu"],"alternates":[]},"Ext.ux.ToolbarDroppable":{"idx":711.0,"alias":[],"alternates":[]},"Ext.ux.TreePicker":{"idx":712.0,"alias":["widget.treepicker"],"alternates":[]},"Ext.ux.ajax.DataSimlet":{"idx":714.0,"alias":[],"alternates":[]},"Ext.ux.ajax.JsonSimlet":{"idx":715.0,"alias":["simlet.json"],"alternates":[]},"Ext.ux.ajax.SimManager":{"idx":717.0,"alias":[],"alternates":[]},"Ext.ux.ajax.SimXhr":{"idx":716.0,"alias":[],"alternates":[]},"Ext.ux.ajax.Simlet":{"idx":713.0,"alias":["simlet.basic"],"alternates":[]},"Ext.ux.ajax.XmlSimlet":{"idx":718.0,"alias":["simlet.xml"],"alternates":[]},"Ext.ux.dashboard.GoogleRssPart":{"idx":722.0,"alias":["part.google-rss"],"alternates":[]},"Ext.ux.dashboard.GoogleRssView":{"idx":721.0,"alias":[],"alternates":[]},"Ext.ux.data.PagingMemoryProxy":{"idx":723.0,"alias":["proxy.pagingmemory"],"alternates":["Ext.data.PagingMemoryProxy"]},"Ext.ux.dd.CellFieldDropZone":{"idx":724.0,"alias":[],"alternates":[]},"Ext.ux.dd.PanelFieldDragZone":{"idx":725.0,"alias":[],"alternates":[]},"Ext.ux.desktop.App":{"idx":727.0,"alias":[],"alternates":[]},"Ext.ux.desktop.Desktop":{"idx":726.0,"alias":["widget.desktop"],"alternates":[]},"Ext.ux.desktop.Module":{"idx":728.0,"alias":[],"alternates":[]},"Ext.ux.desktop.ShortcutModel":{"idx":729.0,"alias":[],"alternates":[]},"Ext.ux.desktop.StartMenu":{"idx":730.0,"alias":[],"alternates":[]},"Ext.ux.desktop.TaskBar":{"idx":731.0,"alias":["widget.taskbar"],"alternates":[]},"Ext.ux.desktop.TrayClock":{"idx":731.0,"alias":["widget.trayclock"],"alternates":[]},"Ext.ux.desktop.Video":{"idx":732.0,"alias":["widget.video"],"alternates":[]},"Ext.ux.desktop.Wallpaper":{"idx":733.0,"alias":["widget.wallpaper"],"alternates":[]},"Ext.ux.event.Driver":{"idx":734.0,"alias":[],"alternates":[]},"Ext.ux.event.Maker":{"idx":735.0,"alias":[],"alternates":[]},"Ext.ux.event.Player":{"idx":736.0,"alias":[],"alternates":[]},"Ext.ux.event.Recorder":{"idx":737.0,"alias":[],"alternates":[]},"Ext.ux.event.RecorderManager":{"idx":738.0,"alias":["widget.eventrecordermanager"],"alternates":[]},"Ext.ux.form.ItemSelector":{"idx":740.0,"alias":["widget.itemselector","widget.itemselectorfield"],"alternates":["Ext.ux.ItemSelector"]},"Ext.ux.form.MultiSelect":{"idx":739.0,"alias":["widget.multiselect","widget.multiselectfield"],"alternates":["Ext.ux.Multiselect"]},"Ext.ux.form.SearchField":{"idx":741.0,"alias":["widget.searchfield"],"alternates":[]},"Ext.ux.google.Api":{"idx":719.0,"alias":[],"alternates":[]},"Ext.ux.google.Feeds":{"idx":720.0,"alias":[],"alternates":[]},"Ext.ux.grid.SubTable":{"idx":742.0,"alias":["plugin.subtable"],"alternates":[]},"Ext.ux.grid.TransformGrid":{"idx":743.0,"alias":[],"alternates":[]},"Ext.ux.statusbar.StatusBar":{"idx":701.0,"alias":["widget.statusbar"],"alternates":["Ext.ux.StatusBar"]},"Ext.ux.statusbar.ValidationStatus":{"idx":744.0,"alias":[],"alternates":[]},"Ext.view.AbstractView":{"idx":429.0,"alias":[],"alternates":[]},"Ext.view.BoundList":{"idx":550.0,"alias":["widget.boundlist"],"alternates":["Ext.BoundList"]},"Ext.view.BoundListKeyNav":{"idx":551.0,"alias":["view.navigation.boundlist"],"alternates":[]},"Ext.view.DragZone":{"idx":682.0,"alias":[],"alternates":[]},"Ext.view.DropZone":{"idx":579.0,"alias":[],"alternates":[]},"Ext.view.MultiSelector":{"idx":746.0,"alias":["widget.multiselector"],"alternates":[]},"Ext.view.MultiSelectorSearch":{"idx":745.0,"alias":["widget.multiselector-search"],"alternates":[]},"Ext.view.NavigationModel":{"idx":427.0,"alias":["view.navigation.default"],"alternates":[]},"Ext.view.NodeCache":{"idx":434.0,"alias":[],"alternates":[]},"Ext.view.Table":{"idx":435.0,"alias":["widget.tableview"],"alternates":[]},"Ext.view.TableLayout":{"idx":433.0,"alias":["layout.tableview"],"alternates":[]},"Ext.view.View":{"idx":430.0,"alias":["widget.dataview"],"alternates":["Ext.DataView"]},"Ext.window.MessageBox":{"idx":526.0,"alias":["widget.messagebox"],"alternates":[]},"Ext.window.Toast":{"idx":747.0,"alias":["widget.toast"],"alternates":[]},"Ext.window.Window":{"idx":490.0,"alias":["widget.window"],"alternates":["Ext.Window"]},"ExtThemeNeptune.Component":{"idx":124.0,"alias":[],"alternates":[]},"ExtThemeNeptune.container.ButtonGroup":{"idx":500.0,"alias":[],"alternates":[]},"ExtThemeNeptune.form.field.HtmlEditor":{"idx":566.0,"alias":[],"alternates":[]},"ExtThemeNeptune.grid.RowEditor":{"idx":577.0,"alias":[],"alternates":[]},"ExtThemeNeptune.grid.column.RowNumberer":{"idx":587.0,"alias":[],"alternates":[]},"ExtThemeNeptune.layout.component.Dock":{"idx":402.0,"alias":[],"alternates":[]},"ExtThemeNeptune.menu.Menu":{"idx":604.0,"alias":[],"alternates":[]},"ExtThemeNeptune.menu.Separator":{"idx":602.0,"alias":[],"alternates":[]},"ExtThemeNeptune.panel.Panel":{"idx":407.0,"alias":[],"alternates":[]},"ExtThemeNeptune.panel.Table":{"idx":424.0,"alias":[],"alternates":[]},"ExtThemeNeptune.picker.Month":{"idx":554.0,"alias":[],"alternates":[]},"ExtThemeNeptune.resizer.Splitter":{"idx":381.0,"alias":[],"alternates":[]},"ExtThemeNeptune.toolbar.Paging":{"idx":549.0,"alias":[],"alternates":[]},"ExtThemeNeptune.toolbar.Toolbar":{"idx":391.0,"alias":[],"alternates":[]}},"packages":{"ext":{"creator":"Sencha","requires":["sencha-core","ext"],"type":"framework","version":"5.0.1.1255"},"ext-theme-base":{"creator":"Sencha","output":"${package.dir}/build","requires":["sencha-core","ext"],"slicer":{"js":[{"path":"${package.dir}/sass/example/render.js"},{"path":"${package.dir}/sass/example/shortcuts.js"},{"path":"${package.dir}/sass/example/manifest.js","isWidgetManifest":true}],"css":[{"path":"${package.dir}/sass/example/slicer.css"}]},"type":"theme","version":"5.0.0"},"ext-theme-neptune":{"creator":"Sencha","extend":"ext-theme-neutral","output":"${package.dir}/build","requires":["sencha-core","ext","ext-theme-base","ext-theme-neutral"],"slicer":{"js":[{"path":"${package.dir}/sass/example/custom.js","isWidgetManifest":true}]},"type":"theme","version":"5.0.0"},"ext-theme-neutral":{"creator":"Sencha","extend":"ext-theme-base","output":"${package.dir}/build","requires":["sencha-core","ext","ext-theme-base"],"slicer":{"js":[]},"type":"theme","version":"5.0.0"},"sencha-core":{"creator":"Sencha","output":"${package.dir}/build","requires":["sencha-core","ext"],"slicer":{"js":[]},"type":"code","version":"5.0.0"}},"js":[{"path":"../../../ext/build/ext-all-rtl-debug.js","isSdk":true},{"path":"../../../ext/packages/ext-theme-neptune/overrides/Component.js"},{"path":"../../../ext/packages/ext-theme-neptune/overrides/container/ButtonGroup.js"},{"path":"../../../ext/packages/ext-theme-neptune/overrides/form/field/HtmlEditor.js"},{"path":"../../../ext/packages/ext-theme-neptune/overrides/grid/RowEditor.js"},{"path":"../../../ext/packages/ext-theme-neptune/overrides/grid/column/RowNumberer.js"},{"path":"../../../ext/packages/ext-theme-neptune/overrides/layout/component/Dock.js"},{"path":"../../../ext/packages/ext-theme-neptune/overrides/menu/Menu.js"},{"path":"../../../ext/packages/ext-theme-neptune/overrides/menu/Separator.js"},{"path":"../../../ext/packages/ext-theme-neptune/overrides/panel/Panel.js"},{"path":"../../../ext/packages/ext-theme-neptune/overrides/panel/Table.js"},{"path":"../../../ext/packages/ext-theme-neptune/overrides/picker/Month.js"},{"path":"../../../ext/packages/ext-theme-neptune/overrides/resizer/Splitter.js"},{"path":"../../../ext/packages/ext-theme-neptune/overrides/toolbar/Paging.js"},{"path":"../../../ext/packages/ext-theme-neptune/overrides/toolbar/Toolbar.js"},{"path":"../../../ext/packages/ext-theme-base/sass/example/render.js","isSdk":true},{"path":"../../../ext/packages/ext-theme-base/sass/example/shortcuts.js","isSdk":true},{"path":"../../../ext/packages/ext-theme-base/sass/example/manifest.js","isSdk":true},{"path":"../../../ext/packages/ext-theme-neptune/sass/example/custom.js","isSdk":true},{"path":"custom.js"}],"css":[{"path":"../../bootstrap.css"},{"path":"../../../ext/packages/ext-theme-base/sass/example/slicer.css","isSdk":true},{"path":"example.css"}],"production":{},"testing":{},"development":{},"bootstrap":{"base":"/Applications/XAMPP/xamppfiles/htdocs/SenchaTraining/ExtJS5x251/labsolutions/buttons","manifest":"bootstrap.json","microloader":"bootstrap.js","css":"bootstrap.css"},"output":{"base":"/Applications/XAMPP/xamppfiles/htdocs/SenchaTraining/ExtJS5x251/labsolutions/build/production/Buttons","deltas":{"enable":false},"cache":{"enable":false}},"cordova":{"config":{"name":"Buttons","id":"com.domain.Buttons","verbose":false,"target":"","path":"/Applications/XAMPP/xamppfiles/htdocs/SenchaTraining/ExtJS5x251/labsolutions/buttons/cordova"},"js":[{"path":"cordova.js","remote":true,"priority":1000.0}],"microloader":"/Applications/XAMPP/xamppfiles/htdocs/SenchaTraining/ExtJS5x251/labsolutions/buttons/.sencha/app/Microloader.js","output":{"base":"/Applications/XAMPP/xamppfiles/htdocs/SenchaTraining/ExtJS5x251/labsolutions/buttons/cordova/www","deltas":{"enable":false},"cache":{"enable":false}}},"phonegap":{"config":{"name":"Buttons","id":"com.domain.Buttons","remote":false,"verbose":false,"path":"/Applications/XAMPP/xamppfiles/htdocs/SenchaTraining/ExtJS5x251/labsolutions/buttons/phonegap"},"js":[{"path":"phonegap.js","remote":true,"priority":1000.0}],"microloader":"/Applications/XAMPP/xamppfiles/htdocs/SenchaTraining/ExtJS5x251/labsolutions/buttons/.sencha/app/Microloader.js","output":{"base":"/Applications/XAMPP/xamppfiles/htdocs/SenchaTraining/ExtJS5x251/labsolutions/buttons/phonegap/www","deltas":{"enable":false},"cache":{"enable":false}}},"slicer":{"js":[{"path":"/Applications/XAMPP/xamppfiles/htdocs/SenchaTraining/ExtJS5x251/labsolutions/buttons/sass/example/custom.js","isWidgetManifest":true}]},"name":"Buttons","classpath":"/Applications/XAMPP/xamppfiles/htdocs/SenchaTraining/ExtJS5x251/labsolutions/buttons/app","overrides":"/Applications/XAMPP/xamppfiles/htdocs/SenchaTraining/ExtJS5x251/labsolutions/buttons/overrides","framework":"ext","theme":"ext-theme-neptune","requires":[],"sass":{"namespace":"Buttons"},"loader":{"cache":true},"id":"a398cf5a-6111-4d15-b966-f415df129f1a"}