{
	"abilities": [{
		"name": "shield-dust",
		"resource_uri": "/api/v1/ability/19/"
	}, {
		"name": "run-away",
		"resource_uri": "/api/v1/ability/50/"
	}],
	"attack": 30,
	"catch_rate": 0,
	"created": "2013-11-03T15:05:41.285736",
	"defense": 35,
	"descriptions": [{
		"name": "caterpie_gen_4",
		"resource_uri": "/api/v1/description/154/"
	}, {
		"name": "caterpie_gen_4",
		"resource_uri": "/api/v1/description/155/"
	}, {
		"name": "caterpie_gen_1",
		"resource_uri": "/api/v1/description/144/"
	}, {
		"name": "caterpie_gen_1",
		"resource_uri": "/api/v1/description/145/"
	}, {
		"name": "caterpie_gen_1",
		"resource_uri": "/api/v1/description/146/"
	}, {
		"name": "caterpie_gen_1",
		"resource_uri": "/api/v1/description/147/"
	}, {
		"name": "caterpie_gen_1",
		"resource_uri": "/api/v1/description/148/"
	}, {
		"name": "caterpie_gen_2",
		"resource_uri": "/api/v1/description/150/"
	}, {
		"name": "caterpie_gen_3",
		"resource_uri": "/api/v1/description/151/"
	}, {
		"name": "caterpie_gen_3",
		"resource_uri": "/api/v1/description/152/"
	}, {
		"name": "caterpie_gen_4",
		"resource_uri": "/api/v1/description/156/"
	}, {
		"name": "caterpie_gen_5",
		"resource_uri": "/api/v1/description/157/"
	}, {
		"name": "caterpie_gen_6",
		"resource_uri": "/api/v1/description/158/"
	}, {
		"name": "caterpie_gen_6",
		"resource_uri": "/api/v1/description/159/"
	}, {
		"name": "caterpie_gen_3",
		"resource_uri": "/api/v1/description/153/"
	}, {
		"name": "caterpie_gen_2",
		"resource_uri": "/api/v1/description/149/"
	}],
	"egg_cycles": 0,
	"egg_groups": [{
		"name": "Bug",
		"resource_uri": "/api/v1/egg/3/"
	}],
	"ev_yield": "",
	"evolutions": [{
		"level": 7,
		"method": "level_up",
		"resource_uri": "/api/v1/pokemon/11/",
		"to": "Metapod"
	}],
	"exp": 39,
	"growth_rate": "",
	"happiness": 0,
	"height": "3",
	"hp": 45,
	"male_female_ratio": "",
	"modified": "2013-11-23T13:13:23.898774",
	"moves": [{
		"learn_type": "tutor",
		"name": "Electroweb",
		"resource_uri": "/api/v1/move/527/"
	}, {
		"learn_type": "level up",
		"level": 15,
		"name": "Bug-bite",
		"resource_uri": "/api/v1/move/450/"
	}, {
		"learn_type": "tutor",
		"name": "Snore",
		"resource_uri": "/api/v1/move/173/"
	}, {
		"learn_type": "level up",
		"level": 1,
		"name": "String-shot",
		"resource_uri": "/api/v1/move/81/"
	}, {
		"learn_type": "level up",
		"level": 1,
		"name": "Tackle",
		"resource_uri": "/api/v1/move/33/"
	}],
	"name": "Caterpie",
	"national_id": 10,
	"pkdx_id": 10,
	"resource_uri": "/api/v1/pokemon/10/",
	"sp_atk": 20,
	"sp_def": 20,
	"species": "",
	"speed": 45,
	"sprites": [{
		"name": "caterpie",
		"resource_uri": "/api/v1/sprite/11/"
	}],
	"total": 0,
	"types": [{
		"name": "bug",
		"resource_uri": "/api/v1/type/7/"
	}],
	"weight": "29"
}