{
	"abilities": [{
		"name": "shed-skin",
		"resource_uri": "/api/v1/ability/61/"
	}],
	"attack": 20,
	"catch_rate": 0,
	"created": "2013-11-03T15:05:41.288107",
	"defense": 55,
	"descriptions": [{
		"name": "metapod_gen_1",
		"resource_uri": "/api/v1/description/164/"
	}, {
		"name": "metapod_gen_2",
		"resource_uri": "/api/v1/description/165/"
	}, {
		"name": "metapod_gen_1",
		"resource_uri": "/api/v1/description/160/"
	}, {
		"name": "metapod_gen_1",
		"resource_uri": "/api/v1/description/161/"
	}, {
		"name": "metapod_gen_1",
		"resource_uri": "/api/v1/description/162/"
	}, {
		"name": "metapod_gen_1",
		"resource_uri": "/api/v1/description/163/"
	}, {
		"name": "metapod_gen_2",
		"resource_uri": "/api/v1/description/166/"
	}, {
		"name": "metapod_gen_3",
		"resource_uri": "/api/v1/description/167/"
	}, {
		"name": "metapod_gen_3",
		"resource_uri": "/api/v1/description/168/"
	}, {
		"name": "metapod_gen_4",
		"resource_uri": "/api/v1/description/172/"
	}, {
		"name": "metapod_gen_3",
		"resource_uri": "/api/v1/description/169/"
	}, {
		"name": "metapod_gen_4",
		"resource_uri": "/api/v1/description/170/"
	}, {
		"name": "metapod_gen_4",
		"resource_uri": "/api/v1/description/171/"
	}, {
		"name": "metapod_gen_6",
		"resource_uri": "/api/v1/description/174/"
	}, {
		"name": "metapod_gen_5",
		"resource_uri": "/api/v1/description/173/"
	}, {
		"name": "metapod_gen_6",
		"resource_uri": "/api/v1/description/175/"
	}],
	"egg_cycles": 0,
	"egg_groups": [{
		"name": "Bug",
		"resource_uri": "/api/v1/egg/3/"
	}],
	"ev_yield": "",
	"evolutions": [{
		"level": 10,
		"method": "level_up",
		"resource_uri": "/api/v1/pokemon/12/",
		"to": "Butterfree"
	}],
	"exp": 72,
	"growth_rate": "",
	"happiness": 0,
	"height": "7",
	"hp": 50,
	"male_female_ratio": "",
	"modified": "2013-11-23T13:13:23.931632",
	"moves": [{
		"learn_type": "tutor",
		"name": "Electroweb",
		"resource_uri": "/api/v1/move/527/"
	}, {
		"learn_type": "tutor",
		"name": "Bug-bite",
		"resource_uri": "/api/v1/move/450/"
	}, {
		"learn_type": "tutor",
		"name": "String-shot",
		"resource_uri": "/api/v1/move/81/"
	}, {
		"learn_type": "tutor",
		"name": "Iron-defense",
		"resource_uri": "/api/v1/move/334/"
	}, {
		"learn_type": "level up",
		"level": 1,
		"name": "Harden",
		"resource_uri": "/api/v1/move/106/"
	}],
	"name": "Metapod",
	"national_id": 11,
	"pkdx_id": 11,
	"resource_uri": "/api/v1/pokemon/11/",
	"sp_atk": 25,
	"sp_def": 25,
	"species": "",
	"speed": 30,
	"sprites": [{
		"name": "metapod",
		"resource_uri": "/api/v1/sprite/12/"
	}],
	"total": 0,
	"types": [{
		"name": "bug",
		"resource_uri": "/api/v1/type/7/"
	}],
	"weight": "99"
}