{
	"abilities": [{
		"name": "compoundeyes",
		"resource_uri": "/api/v1/ability/14/"
	}, {
		"name": "tinted-lens",
		"resource_uri": "/api/v1/ability/110/"
	}],
	"attack": 45,
	"catch_rate": 0,
	"created": "2013-11-03T15:05:41.290411",
	"defense": 50,
	"descriptions": [{
		"name": "butterfree_gen_1",
		"resource_uri": "/api/v1/description/176/"
	}, {
		"name": "butterfree_gen_1",
		"resource_uri": "/api/v1/description/177/"
	}, {
		"name": "butterfree_gen_1",
		"resource_uri": "/api/v1/description/178/"
	}, {
		"name": "butterfree_gen_1",
		"resource_uri": "/api/v1/description/179/"
	}, {
		"name": "butterfree_gen_1",
		"resource_uri": "/api/v1/description/180/"
	}, {
		"name": "butterfree_gen_2",
		"resource_uri": "/api/v1/description/182/"
	}, {
		"name": "butterfree_gen_3",
		"resource_uri": "/api/v1/description/183/"
	}, {
		"name": "butterfree_gen_3",
		"resource_uri": "/api/v1/description/184/"
	}, {
		"name": "butterfree_gen_3",
		"resource_uri": "/api/v1/description/185/"
	}, {
		"name": "butterfree_gen_4",
		"resource_uri": "/api/v1/description/186/"
	}, {
		"name": "butterfree_gen_4",
		"resource_uri": "/api/v1/description/187/"
	}, {
		"name": "butterfree_gen_4",
		"resource_uri": "/api/v1/description/188/"
	}, {
		"name": "butterfree_gen_5",
		"resource_uri": "/api/v1/description/189/"
	}, {
		"name": "butterfree_gen_6",
		"resource_uri": "/api/v1/description/190/"
	}, {
		"name": "butterfree_gen_6",
		"resource_uri": "/api/v1/description/191/"
	}, {
		"name": "butterfree_gen_2",
		"resource_uri": "/api/v1/description/181/"
	}],
	"egg_cycles": 0,
	"egg_groups": [{
		"name": "Bug",
		"resource_uri": "/api/v1/egg/3/"
	}],
	"ev_yield": "",
	"evolutions": [],
	"exp": 173,
	"growth_rate": "",
	"happiness": 0,
	"height": "11",
	"hp": 60,
	"male_female_ratio": "",
	"modified": "2013-11-23T13:13:23.963433",
	"moves": [{
		"learn_type": "tutor",
		"name": "Electroweb",
		"resource_uri": "/api/v1/move/527/"
	}, {
		"learn_type": "machine",
		"name": "Struggle-bug",
		"resource_uri": "/api/v1/move/522/"
	}, {
		"learn_type": "machine",
		"name": "Acrobatics",
		"resource_uri": "/api/v1/move/512/"
	}, {
		"learn_type": "machine",
		"name": "Round",
		"resource_uri": "/api/v1/move/496/"
	}, {
		"learn_type": "level up",
		"level": 46,
		"name": "Quiver-dance",
		"resource_uri": "/api/v1/move/483/"
	}, {
		"learn_type": "level up",
		"level": 34,
		"name": "Rage-powder",
		"resource_uri": "/api/v1/move/476/"
	}, {
		"learn_type": "machine",
		"name": "Venoshock",
		"resource_uri": "/api/v1/move/474/"
	}, {
		"learn_type": "tutor",
		"name": "Bug-bite",
		"resource_uri": "/api/v1/move/450/"
	}, {
		"learn_type": "tutor",
		"name": "String-shot",
		"resource_uri": "/api/v1/move/81/"
	}, {
		"learn_type": "tutor",
		"name": "Ominous-wind",
		"resource_uri": "/api/v1/move/466/"
	}, {
		"learn_type": "tutor",
		"name": "Signal-beam",
		"resource_uri": "/api/v1/move/324/"
	}, {
		"learn_type": "tutor",
		"name": "Air-cutter",
		"resource_uri": "/api/v1/move/314/"
	}, {
		"learn_type": "tutor",
		"name": "Twister",
		"resource_uri": "/api/v1/move/239/"
	}, {
		"learn_type": "level up",
		"level": 36,
		"name": "Captivate",
		"resource_uri": "/api/v1/move/445/"
	}, {
		"learn_type": "machine",
		"name": "Defog",
		"resource_uri": "/api/v1/move/432/"
	}, {
		"learn_type": "machine",
		"name": "Giga-impact",
		"resource_uri": "/api/v1/move/416/"
	}, {
		"learn_type": "machine",
		"name": "Energy-ball",
		"resource_uri": "/api/v1/move/412/"
	}, {
		"learn_type": "level up",
		"level": 40,
		"name": "Bug-buzz",
		"resource_uri": "/api/v1/move/405/"
	}, {
		"learn_type": "machine",
		"name": "U-turn",
		"resource_uri": "/api/v1/move/369/"
	}, {
		"learn_type": "level up",
		"level": 30,
		"name": "Tailwind",
		"resource_uri": "/api/v1/move/366/"
	}, {
		"learn_type": "machine",
		"name": "Natural-gift",
		"resource_uri": "/api/v1/move/363/"
	}, {
		"learn_type": "machine",
		"name": "Roost",
		"resource_uri": "/api/v1/move/355/"
	}, {
		"learn_type": "machine",
		"name": "Psych-up",
		"resource_uri": "/api/v1/move/244/"
	}, {
		"learn_type": "tutor",
		"name": "Dream-eater",
		"resource_uri": "/api/v1/move/138/"
	}, {
		"learn_type": "machine",
		"name": "Aerial-ace",
		"resource_uri": "/api/v1/move/332/"
	}, {
		"learn_type": "level up",
		"level": 47,
		"name": "Silver-wind",
		"resource_uri": "/api/v1/move/318/"
	}, {
		"learn_type": "machine",
		"name": "Secret-power",
		"resource_uri": "/api/v1/move/290/"
	}, {
		"learn_type": "machine",
		"name": "Skill-swap",
		"resource_uri": "/api/v1/move/285/"
	}, {
		"learn_type": "machine",
		"name": "Facade",
		"resource_uri": "/api/v1/move/263/"
	}, {
		"learn_type": "machine",
		"name": "Shadow-ball",
		"resource_uri": "/api/v1/move/247/"
	}, {
		"learn_type": "machine",
		"name": "Rain-dance",
		"resource_uri": "/api/v1/move/240/"
	}, {
		"learn_type": "machine",
		"name": "Thief",
		"resource_uri": "/api/v1/move/168/"
	}, {
		"learn_type": "machine",
		"name": "Sunny-day",
		"resource_uri": "/api/v1/move/241/"
	}, {
		"learn_type": "machine",
		"name": "Hidden-power",
		"resource_uri": "/api/v1/move/237/"
	}, {
		"learn_type": "machine",
		"name": "Sweet-scent",
		"resource_uri": "/api/v1/move/230/"
	}, {
		"learn_type": "level up",
		"level": 40,
		"name": "Safeguard",
		"resource_uri": "/api/v1/move/219/"
	}, {
		"learn_type": "machine",
		"name": "Frustration",
		"resource_uri": "/api/v1/move/218/"
	}, {
		"learn_type": "machine",
		"name": "Return",
		"resource_uri": "/api/v1/move/216/"
	}, {
		"learn_type": "machine",
		"name": "Sleep-talk",
		"resource_uri": "/api/v1/move/214/"
	}, {
		"learn_type": "machine",
		"name": "Attract",
		"resource_uri": "/api/v1/move/213/"
	}, {
		"learn_type": "machine",
		"name": "Swagger",
		"resource_uri": "/api/v1/move/207/"
	}, {
		"learn_type": "machine",
		"name": "Endure",
		"resource_uri": "/api/v1/move/203/"
	}, {
		"learn_type": "machine",
		"name": "Giga-drain",
		"resource_uri": "/api/v1/move/202/"
	}, {
		"learn_type": "machine",
		"name": "Protect",
		"resource_uri": "/api/v1/move/182/"
	}, {
		"learn_type": "machine",
		"name": "Curse",
		"resource_uri": "/api/v1/move/174/"
	}, {
		"learn_type": "machine",
		"name": "Snore",
		"resource_uri": "/api/v1/move/173/"
	}, {
		"learn_type": "machine",
		"name": "Nightmare",
		"resource_uri": "/api/v1/move/171/"
	}, {
		"learn_type": "machine",
		"name": "Flash",
		"resource_uri": "/api/v1/move/148/"
	}, {
		"learn_type": "level up",
		"level": 28,
		"name": "Gust",
		"resource_uri": "/api/v1/move/16/"
	}, {
		"learn_type": "machine",
		"name": "Substitute",
		"resource_uri": "/api/v1/move/164/"
	}, {
		"learn_type": "machine",
		"name": "Rest",
		"resource_uri": "/api/v1/move/156/"
	}, {
		"learn_type": "machine",
		"name": "Psywave",
		"resource_uri": "/api/v1/move/149/"
	}, {
		"learn_type": "machine",
		"name": "Swift",
		"resource_uri": "/api/v1/move/129/"
	}, {
		"learn_type": "machine",
		"name": "Bide",
		"resource_uri": "/api/v1/move/117/"
	}, {
		"learn_type": "machine",
		"name": "Reflect",
		"resource_uri": "/api/v1/move/115/"
	}, {
		"learn_type": "machine",
		"name": "Double-team",
		"resource_uri": "/api/v1/move/104/"
	}, {
		"learn_type": "machine",
		"name": "Mimic",
		"resource_uri": "/api/v1/move/102/"
	}, {
		"learn_type": "machine",
		"name": "Teleport",
		"resource_uri": "/api/v1/move/100/"
	}, {
		"learn_type": "machine",
		"name": "Rage",
		"resource_uri": "/api/v1/move/99/"
	}, {
		"learn_type": "machine",
		"name": "Psychic",
		"resource_uri": "/api/v1/move/94/"
	}, {
		"learn_type": "level up",
		"level": 1,
		"name": "Confusion",
		"resource_uri": "/api/v1/move/93/"
	}, {
		"learn_type": "machine",
		"name": "Toxic",
		"resource_uri": "/api/v1/move/92/"
	}, {
		"learn_type": "level up",
		"level": 17,
		"name": "Sleep-powder",
		"resource_uri": "/api/v1/move/79/"
	}, {
		"learn_type": "level up",
		"level": 16,
		"name": "Stun-spore",
		"resource_uri": "/api/v1/move/78/"
	}, {
		"learn_type": "level up",
		"level": 15,
		"name": "Poisonpowder",
		"resource_uri": "/api/v1/move/77/"
	}, {
		"learn_type": "machine",
		"name": "Solarbeam",
		"resource_uri": "/api/v1/move/76/"
	}, {
		"learn_type": "machine",
		"name": "Mega-drain",
		"resource_uri": "/api/v1/move/72/"
	}, {
		"learn_type": "machine",
		"name": "Hyper-beam",
		"resource_uri": "/api/v1/move/63/"
	}, {
		"learn_type": "level up",
		"level": 32,
		"name": "Psybeam",
		"resource_uri": "/api/v1/move/60/"
	}, {
		"learn_type": "level up",
		"level": 21,
		"name": "Supersonic",
		"resource_uri": "/api/v1/move/48/"
	}, {
		"learn_type": "machine",
		"name": "Double-edge",
		"resource_uri": "/api/v1/move/38/"
	}, {
		"learn_type": "machine",
		"name": "Take-down",
		"resource_uri": "/api/v1/move/36/"
	}, {
		"learn_type": "level up",
		"level": 26,
		"name": "Whirlwind",
		"resource_uri": "/api/v1/move/18/"
	}, {
		"learn_type": "machine",
		"name": "Razor-wind",
		"resource_uri": "/api/v1/move/13/"
	}],
	"name": "Butterfree",
	"national_id": 12,
	"pkdx_id": 12,
	"resource_uri": "/api/v1/pokemon/12/",
	"sp_atk": 90,
	"sp_def": 80,
	"species": "",
	"speed": 70,
	"sprites": [{
		"name": "butterfree",
		"resource_uri": "/api/v1/sprite/13/"
	}],
	"total": 0,
	"types": [{
		"name": "flying",
		"resource_uri": "/api/v1/type/3/"
	}, {
		"name": "bug",
		"resource_uri": "/api/v1/type/7/"
	}],
	"weight": "320"
}