{
	"abilities": [{
		"name": "shield-dust",
		"resource_uri": "/api/v1/ability/19/"
	}, {
		"name": "run-away",
		"resource_uri": "/api/v1/ability/50/"
	}],
	"attack": 35,
	"catch_rate": 0,
	"created": "2013-11-03T15:05:41.292792",
	"defense": 30,
	"descriptions": [{
		"name": "weedle_gen_3",
		"resource_uri": "/api/v1/description/199/"
	}, {
		"name": "weedle_gen_3",
		"resource_uri": "/api/v1/description/200/"
	}, {
		"name": "weedle_gen_1",
		"resource_uri": "/api/v1/description/192/"
	}, {
		"name": "weedle_gen_1",
		"resource_uri": "/api/v1/description/193/"
	}, {
		"name": "weedle_gen_1",
		"resource_uri": "/api/v1/description/194/"
	}, {
		"name": "weedle_gen_1",
		"resource_uri": "/api/v1/description/195/"
	}, {
		"name": "weedle_gen_1",
		"resource_uri": "/api/v1/description/196/"
	}, {
		"name": "weedle_gen_2",
		"resource_uri": "/api/v1/description/197/"
	}, {
		"name": "weedle_gen_3",
		"resource_uri": "/api/v1/description/201/"
	}, {
		"name": "weedle_gen_4",
		"resource_uri": "/api/v1/description/202/"
	}, {
		"name": "weedle_gen_4",
		"resource_uri": "/api/v1/description/203/"
	}, {
		"name": "weedle_gen_4",
		"resource_uri": "/api/v1/description/204/"
	}, {
		"name": "weedle_gen_5",
		"resource_uri": "/api/v1/description/205/"
	}, {
		"name": "weedle_gen_6",
		"resource_uri": "/api/v1/description/206/"
	}, {
		"name": "weedle_gen_6",
		"resource_uri": "/api/v1/description/207/"
	}, {
		"name": "weedle_gen_2",
		"resource_uri": "/api/v1/description/198/"
	}],
	"egg_cycles": 0,
	"egg_groups": [{
		"name": "Bug",
		"resource_uri": "/api/v1/egg/3/"
	}],
	"ev_yield": "",
	"evolutions": [{
		"level": 7,
		"method": "level_up",
		"resource_uri": "/api/v1/pokemon/14/",
		"to": "Kakuna"
	}],
	"exp": 39,
	"growth_rate": "",
	"happiness": 0,
	"height": "3",
	"hp": 40,
	"male_female_ratio": "",
	"modified": "2013-11-23T13:13:23.995300",
	"moves": [{
		"learn_type": "tutor",
		"name": "Electroweb",
		"resource_uri": "/api/v1/move/527/"
	}, {
		"learn_type": "level up",
		"level": 15,
		"name": "Bug-bite",
		"resource_uri": "/api/v1/move/450/"
	}, {
		"learn_type": "level up",
		"level": 1,
		"name": "String-shot",
		"resource_uri": "/api/v1/move/81/"
	}, {
		"learn_type": "level up",
		"level": 1,
		"name": "Poison-sting",
		"resource_uri": "/api/v1/move/40/"
	}],
	"name": "Weedle",
	"national_id": 13,
	"pkdx_id": 13,
	"resource_uri": "/api/v1/pokemon/13/",
	"sp_atk": 20,
	"sp_def": 20,
	"species": "",
	"speed": 50,
	"sprites": [{
		"name": "weedle",
		"resource_uri": "/api/v1/sprite/14/"
	}],
	"total": 0,
	"types": [{
		"name": "poison",
		"resource_uri": "/api/v1/type/4/"
	}, {
		"name": "bug",
		"resource_uri": "/api/v1/type/7/"
	}],
	"weight": "32"
}