{
	"abilities": [{
		"name": "shed-skin",
		"resource_uri": "/api/v1/ability/61/"
	}],
	"attack": 25,
	"catch_rate": 0,
	"created": "2013-11-03T15:05:41.294947",
	"defense": 50,
	"descriptions": [{
		"name": "kakuna_gen_1",
		"resource_uri": "/api/v1/description/208/"
	}, {
		"name": "kakuna_gen_1",
		"resource_uri": "/api/v1/description/209/"
	}, {
		"name": "kakuna_gen_2",
		"resource_uri": "/api/v1/description/214/"
	}, {
		"name": "kakuna_gen_1",
		"resource_uri": "/api/v1/description/210/"
	}, {
		"name": "kakuna_gen_1",
		"resource_uri": "/api/v1/description/211/"
	}, {
		"name": "kakuna_gen_1",
		"resource_uri": "/api/v1/description/212/"
	}, {
		"name": "kakuna_gen_2",
		"resource_uri": "/api/v1/description/213/"
	}, {
		"name": "kakuna_gen_3",
		"resource_uri": "/api/v1/description/215/"
	}, {
		"name": "kakuna_gen_3",
		"resource_uri": "/api/v1/description/216/"
	}, {
		"name": "kakuna_gen_4",
		"resource_uri": "/api/v1/description/219/"
	}, {
		"name": "kakuna_gen_3",
		"resource_uri": "/api/v1/description/217/"
	}, {
		"name": "kakuna_gen_4",
		"resource_uri": "/api/v1/description/218/"
	}, {
		"name": "kakuna_gen_4",
		"resource_uri": "/api/v1/description/220/"
	}, {
		"name": "kakuna_gen_5",
		"resource_uri": "/api/v1/description/221/"
	}, {
		"name": "kakuna_gen_6",
		"resource_uri": "/api/v1/description/222/"
	}, {
		"name": "kakuna_gen_6",
		"resource_uri": "/api/v1/description/223/"
	}],
	"egg_cycles": 0,
	"egg_groups": [{
		"name": "Bug",
		"resource_uri": "/api/v1/egg/3/"
	}],
	"ev_yield": "",
	"evolutions": [{
		"level": 10,
		"method": "level_up",
		"resource_uri": "/api/v1/pokemon/15/",
		"to": "Beedrill"
	}],
	"exp": 72,
	"growth_rate": "",
	"happiness": 0,
	"height": "6",
	"hp": 45,
	"male_female_ratio": "",
	"modified": "2013-11-23T13:13:24.027550",
	"moves": [{
		"learn_type": "tutor",
		"name": "Electroweb",
		"resource_uri": "/api/v1/move/527/"
	}, {
		"learn_type": "tutor",
		"name": "Bug-bite",
		"resource_uri": "/api/v1/move/450/"
	}, {
		"learn_type": "tutor",
		"name": "String-shot",
		"resource_uri": "/api/v1/move/81/"
	}, {
		"learn_type": "tutor",
		"name": "Iron-defense",
		"resource_uri": "/api/v1/move/334/"
	}, {
		"learn_type": "level up",
		"level": 1,
		"name": "Harden",
		"resource_uri": "/api/v1/move/106/"
	}],
	"name": "Kakuna",
	"national_id": 14,
	"pkdx_id": 14,
	"resource_uri": "/api/v1/pokemon/14/",
	"sp_atk": 25,
	"sp_def": 25,
	"species": "",
	"speed": 35,
	"sprites": [{
		"name": "kakuna",
		"resource_uri": "/api/v1/sprite/15/"
	}],
	"total": 0,
	"types": [{
		"name": "poison",
		"resource_uri": "/api/v1/type/4/"
	}, {
		"name": "bug",
		"resource_uri": "/api/v1/type/7/"
	}],
	"weight": "100"
}