{
	"abilities": [{
		"name": "swarm",
		"resource_uri": "/api/v1/ability/68/"
	}, {
		"name": "sniper",
		"resource_uri": "/api/v1/ability/97/"
	}],
	"attack": 90,
	"catch_rate": 0,
	"created": "2013-11-03T15:05:41.297180",
	"defense": 40,
	"descriptions": [{
		"name": "beedrill_gen_1",
		"resource_uri": "/api/v1/description/226/"
	}, {
		"name": "beedrill_gen_1",
		"resource_uri": "/api/v1/description/224/"
	}, {
		"name": "beedrill_gen_1",
		"resource_uri": "/api/v1/description/225/"
	}, {
		"name": "beedrill_gen_2",
		"resource_uri": "/api/v1/description/229/"
	}, {
		"name": "beedrill_gen_2",
		"resource_uri": "/api/v1/description/230/"
	}, {
		"name": "beedrill_gen_3",
		"resource_uri": "/api/v1/description/231/"
	}, {
		"name": "beedrill_gen_3",
		"resource_uri": "/api/v1/description/232/"
	}, {
		"name": "beedrill_gen_3",
		"resource_uri": "/api/v1/description/233/"
	}, {
		"name": "beedrill_gen_4",
		"resource_uri": "/api/v1/description/234/"
	}, {
		"name": "beedrill_gen_4",
		"resource_uri": "/api/v1/description/235/"
	}, {
		"name": "beedrill_gen_4",
		"resource_uri": "/api/v1/description/236/"
	}, {
		"name": "beedrill_gen_5",
		"resource_uri": "/api/v1/description/237/"
	}, {
		"name": "beedrill_gen_6",
		"resource_uri": "/api/v1/description/238/"
	}, {
		"name": "beedrill_gen_6",
		"resource_uri": "/api/v1/description/239/"
	}, {
		"name": "beedrill_gen_1",
		"resource_uri": "/api/v1/description/228/"
	}, {
		"name": "beedrill_gen_1",
		"resource_uri": "/api/v1/description/227/"
	}],
	"egg_cycles": 0,
	"egg_groups": [{
		"name": "Bug",
		"resource_uri": "/api/v1/egg/3/"
	}],
	"ev_yield": "",
	"evolutions": [],
	"exp": 173,
	"growth_rate": "",
	"happiness": 0,
	"height": "10",
	"hp": 65,
	"male_female_ratio": "",
	"modified": "2013-11-23T13:13:24.058817",
	"moves": [{
		"learn_type": "tutor",
		"name": "Drill-run",
		"resource_uri": "/api/v1/move/529/"
	}, {
		"learn_type": "tutor",
		"name": "Electroweb",
		"resource_uri": "/api/v1/move/527/"
	}, {
		"learn_type": "machine",
		"name": "Struggle-bug",
		"resource_uri": "/api/v1/move/522/"
	}, {
		"learn_type": "machine",
		"name": "Acrobatics",
		"resource_uri": "/api/v1/move/512/"
	}, {
		"learn_type": "machine",
		"name": "Round",
		"resource_uri": "/api/v1/move/496/"
	}, {
		"learn_type": "machine",
		"name": "Venoshock",
		"resource_uri": "/api/v1/move/474/"
	}, {
		"learn_type": "tutor",
		"name": "Bug-bite",
		"resource_uri": "/api/v1/move/450/"
	}, {
		"learn_type": "tutor",
		"name": "Tailwind",
		"resource_uri": "/api/v1/move/366/"
	}, {
		"learn_type": "tutor",
		"name": "String-shot",
		"resource_uri": "/api/v1/move/81/"
	}, {
		"learn_type": "tutor",
		"name": "Ominous-wind",
		"resource_uri": "/api/v1/move/466/"
	}, {
		"learn_type": "tutor",
		"name": "Air-cutter",
		"resource_uri": "/api/v1/move/314/"
	}, {
		"learn_type": "tutor",
		"name": "Knock-off",
		"resource_uri": "/api/v1/move/282/"
	}, {
		"learn_type": "machine",
		"name": "Captivate",
		"resource_uri": "/api/v1/move/445/"
	}, {
		"learn_type": "machine",
		"name": "Defog",
		"resource_uri": "/api/v1/move/432/"
	}, {
		"learn_type": "machine",
		"name": "Giga-impact",
		"resource_uri": "/api/v1/move/416/"
	}, {
		"learn_type": "machine",
		"name": "X-scissor",
		"resource_uri": "/api/v1/move/404/"
	}, {
		"learn_type": "level up",
		"level": 37,
		"name": "Poison-jab",
		"resource_uri": "/api/v1/move/398/"
	}, {
		"learn_type": "level up",
		"level": 25,
		"name": "Toxic-spikes",
		"resource_uri": "/api/v1/move/390/"
	}, {
		"learn_type": "level up",
		"level": 34,
		"name": "Assurance",
		"resource_uri": "/api/v1/move/372/"
	}, {
		"learn_type": "machine",
		"name": "Payback",
		"resource_uri": "/api/v1/move/371/"
	}, {
		"learn_type": "machine",
		"name": "U-turn",
		"resource_uri": "/api/v1/move/369/"
	}, {
		"learn_type": "machine",
		"name": "Natural-gift",
		"resource_uri": "/api/v1/move/363/"
	}, {
		"learn_type": "machine",
		"name": "Roost",
		"resource_uri": "/api/v1/move/355/"
	}, {
		"learn_type": "machine",
		"name": "Silver-wind",
		"resource_uri": "/api/v1/move/318/"
	}, {
		"learn_type": "machine",
		"name": "False-swipe",
		"resource_uri": "/api/v1/move/206/"
	}, {
		"learn_type": "machine",
		"name": "Flash",
		"resource_uri": "/api/v1/move/148/"
	}, {
		"learn_type": "machine",
		"name": "Aerial-ace",
		"resource_uri": "/api/v1/move/332/"
	}, {
		"learn_type": "machine",
		"name": "Secret-power",
		"resource_uri": "/api/v1/move/290/"
	}, {
		"learn_type": "level up",
		"level": 45,
		"name": "Endeavor",
		"resource_uri": "/api/v1/move/283/"
	}, {
		"learn_type": "machine",
		"name": "Brick-break",
		"resource_uri": "/api/v1/move/280/"
	}, {
		"learn_type": "machine",
		"name": "Facade",
		"resource_uri": "/api/v1/move/263/"
	}, {
		"learn_type": "machine",
		"name": "Rock-smash",
		"resource_uri": "/api/v1/move/249/"
	}, {
		"learn_type": "machine",
		"name": "Thief",
		"resource_uri": "/api/v1/move/168/"
	}, {
		"learn_type": "machine",
		"name": "Solarbeam",
		"resource_uri": "/api/v1/move/76/"
	}, {
		"learn_type": "machine",
		"name": "Sunny-day",
		"resource_uri": "/api/v1/move/241/"
	}, {
		"learn_type": "machine",
		"name": "Hidden-power",
		"resource_uri": "/api/v1/move/237/"
	}, {
		"learn_type": "machine",
		"name": "Sweet-scent",
		"resource_uri": "/api/v1/move/230/"
	}, {
		"learn_type": "level up",
		"level": 30,
		"name": "Pursuit",
		"resource_uri": "/api/v1/move/228/"
	}, {
		"learn_type": "machine",
		"name": "Frustration",
		"resource_uri": "/api/v1/move/218/"
	}, {
		"learn_type": "machine",
		"name": "Return",
		"resource_uri": "/api/v1/move/216/"
	}, {
		"learn_type": "machine",
		"name": "Sleep-talk",
		"resource_uri": "/api/v1/move/214/"
	}, {
		"learn_type": "machine",
		"name": "Attract",
		"resource_uri": "/api/v1/move/213/"
	}, {
		"learn_type": "machine",
		"name": "Fury-cutter",
		"resource_uri": "/api/v1/move/210/"
	}, {
		"learn_type": "machine",
		"name": "Swagger",
		"resource_uri": "/api/v1/move/207/"
	}, {
		"learn_type": "machine",
		"name": "Endure",
		"resource_uri": "/api/v1/move/203/"
	}, {
		"learn_type": "machine",
		"name": "Giga-drain",
		"resource_uri": "/api/v1/move/202/"
	}, {
		"learn_type": "machine",
		"name": "Sludge-bomb",
		"resource_uri": "/api/v1/move/188/"
	}, {
		"learn_type": "machine",
		"name": "Protect",
		"resource_uri": "/api/v1/move/182/"
	}, {
		"learn_type": "machine",
		"name": "Curse",
		"resource_uri": "/api/v1/move/174/"
	}, {
		"learn_type": "machine",
		"name": "Snore",
		"resource_uri": "/api/v1/move/173/"
	}, {
		"learn_type": "machine",
		"name": "Substitute",
		"resource_uri": "/api/v1/move/164/"
	}, {
		"learn_type": "machine",
		"name": "Rest",
		"resource_uri": "/api/v1/move/156/"
	}, {
		"learn_type": "machine",
		"name": "Skull-bash",
		"resource_uri": "/api/v1/move/130/"
	}, {
		"learn_type": "machine",
		"name": "Swift",
		"resource_uri": "/api/v1/move/129/"
	}, {
		"learn_type": "machine",
		"name": "Bide",
		"resource_uri": "/api/v1/move/117/"
	}, {
		"learn_type": "level up",
		"level": 16,
		"name": "Focus-energy",
		"resource_uri": "/api/v1/move/116/"
	}, {
		"learn_type": "machine",
		"name": "Reflect",
		"resource_uri": "/api/v1/move/115/"
	}, {
		"learn_type": "machine",
		"name": "Double-team",
		"resource_uri": "/api/v1/move/104/"
	}, {
		"learn_type": "machine",
		"name": "Mimic",
		"resource_uri": "/api/v1/move/102/"
	}, {
		"learn_type": "level up",
		"level": 25,
		"name": "Rage",
		"resource_uri": "/api/v1/move/99/"
	}, {
		"learn_type": "level up",
		"level": 35,
		"name": "Agility",
		"resource_uri": "/api/v1/move/97/"
	}, {
		"learn_type": "machine",
		"name": "Toxic",
		"resource_uri": "/api/v1/move/92/"
	}, {
		"learn_type": "machine",
		"name": "Mega-drain",
		"resource_uri": "/api/v1/move/72/"
	}, {
		"learn_type": "machine",
		"name": "Hyper-beam",
		"resource_uri": "/api/v1/move/63/"
	}, {
		"learn_type": "level up",
		"level": 30,
		"name": "Pin-missile",
		"resource_uri": "/api/v1/move/42/"
	}, {
		"learn_type": "level up",
		"level": 20,
		"name": "Twineedle",
		"resource_uri": "/api/v1/move/41/"
	}, {
		"learn_type": "machine",
		"name": "Double-edge",
		"resource_uri": "/api/v1/move/38/"
	}, {
		"learn_type": "machine",
		"name": "Take-down",
		"resource_uri": "/api/v1/move/36/"
	}, {
		"learn_type": "level up",
		"level": 1,
		"name": "Fury-attack",
		"resource_uri": "/api/v1/move/31/"
	}, {
		"learn_type": "machine",
		"name": "Cut",
		"resource_uri": "/api/v1/move/15/"
	}, {
		"learn_type": "machine",
		"name": "Swords-dance",
		"resource_uri": "/api/v1/move/14/"
	}],
	"name": "Beedrill",
	"national_id": 15,
	"pkdx_id": 15,
	"resource_uri": "/api/v1/pokemon/15/",
	"sp_atk": 45,
	"sp_def": 80,
	"species": "",
	"speed": 75,
	"sprites": [{
		"name": "beedrill",
		"resource_uri": "/api/v1/sprite/16/"
	}],
	"total": 0,
	"types": [{
		"name": "poison",
		"resource_uri": "/api/v1/type/4/"
	}, {
		"name": "bug",
		"resource_uri": "/api/v1/type/7/"
	}],
	"weight": "295"
}