{
	"abilities": [{
		"name": "keen-eye",
		"resource_uri": "/api/v1/ability/51/"
	}, {
		"name": "tangled-feet",
		"resource_uri": "/api/v1/ability/77/"
	}, {
		"name": "big-pecks",
		"resource_uri": "/api/v1/ability/145/"
	}],
	"attack": 60,
	"catch_rate": 0,
	"created": "2013-11-03T15:05:41.301609",
	"defense": 55,
	"descriptions": [{
		"name": "pidgeotto_gen_2",
		"resource_uri": "/api/v1/description/261/"
	}, {
		"name": "pidgeotto_gen_1",
		"resource_uri": "/api/v1/description/256/"
	}, {
		"name": "pidgeotto_gen_1",
		"resource_uri": "/api/v1/description/257/"
	}, {
		"name": "pidgeotto_gen_1",
		"resource_uri": "/api/v1/description/258/"
	}, {
		"name": "pidgeotto_gen_1",
		"resource_uri": "/api/v1/description/259/"
	}, {
		"name": "pidgeotto_gen_1",
		"resource_uri": "/api/v1/description/260/"
	}, {
		"name": "pidgeotto_gen_3",
		"resource_uri": "/api/v1/description/264/"
	}, {
		"name": "pidgeotto_gen_2",
		"resource_uri": "/api/v1/description/262/"
	}, {
		"name": "pidgeotto_gen_3",
		"resource_uri": "/api/v1/description/263/"
	}, {
		"name": "pidgeotto_gen_3",
		"resource_uri": "/api/v1/description/265/"
	}, {
		"name": "pidgeotto_gen_4",
		"resource_uri": "/api/v1/description/266/"
	}, {
		"name": "pidgeotto_gen_4",
		"resource_uri": "/api/v1/description/267/"
	}, {
		"name": "pidgeotto_gen_4",
		"resource_uri": "/api/v1/description/268/"
	}, {
		"name": "pidgeotto_gen_5",
		"resource_uri": "/api/v1/description/269/"
	}, {
		"name": "pidgeotto_gen_6",
		"resource_uri": "/api/v1/description/270/"
	}, {
		"name": "pidgeotto_gen_6",
		"resource_uri": "/api/v1/description/271/"
	}],
	"egg_cycles": 0,
	"egg_groups": [{
		"name": "Flying",
		"resource_uri": "/api/v1/egg/4/"
	}],
	"ev_yield": "",
	"evolutions": [{
		"level": 36,
		"method": "level_up",
		"resource_uri": "/api/v1/pokemon/18/",
		"to": "Pidgeot"
	}],
	"exp": 122,
	"growth_rate": "",
	"happiness": 0,
	"height": "11",
	"hp": 63,
	"male_female_ratio": "",
	"modified": "2013-11-23T13:13:24.121604",
	"moves": [{
		"learn_type": "level up",
		"level": 62,
		"name": "Hurricane",
		"resource_uri": "/api/v1/move/542/"
	}, {
		"learn_type": "machine",
		"name": "Work-up",
		"resource_uri": "/api/v1/move/526/"
	}, {
		"learn_type": "machine",
		"name": "Round",
		"resource_uri": "/api/v1/move/496/"
	}, {
		"learn_type": "tutor",
		"name": "Ominous-wind",
		"resource_uri": "/api/v1/move/466/"
	}, {
		"learn_type": "tutor",
		"name": "Air-cutter",
		"resource_uri": "/api/v1/move/314/"
	}, {
		"learn_type": "tutor",
		"name": "Heat-wave",
		"resource_uri": "/api/v1/move/257/"
	}, {
		"learn_type": "tutor",
		"name": "Uproar",
		"resource_uri": "/api/v1/move/253/"
	}, {
		"learn_type": "machine",
		"name": "Captivate",
		"resource_uri": "/api/v1/move/445/"
	}, {
		"learn_type": "machine",
		"name": "Defog",
		"resource_uri": "/api/v1/move/432/"
	}, {
		"learn_type": "level up",
		"level": 57,
		"name": "Air-slash",
		"resource_uri": "/api/v1/move/403/"
	}, {
		"learn_type": "machine",
		"name": "U-turn",
		"resource_uri": "/api/v1/move/369/"
	}, {
		"learn_type": "level up",
		"level": 47,
		"name": "Tailwind",
		"resource_uri": "/api/v1/move/366/"
	}, {
		"learn_type": "machine",
		"name": "Pluck",
		"resource_uri": "/api/v1/move/365/"
	}, {
		"learn_type": "machine",
		"name": "Natural-gift",
		"resource_uri": "/api/v1/move/363/"
	}, {
		"learn_type": "level up",
		"level": 42,
		"name": "Roost",
		"resource_uri": "/api/v1/move/355/"
	}, {
		"learn_type": "level up",
		"level": 22,
		"name": "Twister",
		"resource_uri": "/api/v1/move/239/"
	}, {
		"learn_type": "machine",
		"name": "Aerial-ace",
		"resource_uri": "/api/v1/move/332/"
	}, {
		"learn_type": "level up",
		"level": 34,
		"name": "Featherdance",
		"resource_uri": "/api/v1/move/297/"
	}, {
		"learn_type": "machine",
		"name": "Secret-power",
		"resource_uri": "/api/v1/move/290/"
	}, {
		"learn_type": "machine",
		"name": "Facade",
		"resource_uri": "/api/v1/move/263/"
	}, {
		"learn_type": "machine",
		"name": "Rain-dance",
		"resource_uri": "/api/v1/move/240/"
	}, {
		"learn_type": "machine",
		"name": "Sunny-day",
		"resource_uri": "/api/v1/move/241/"
	}, {
		"learn_type": "machine",
		"name": "Hidden-power",
		"resource_uri": "/api/v1/move/237/"
	}, {
		"learn_type": "machine",
		"name": "Frustration",
		"resource_uri": "/api/v1/move/218/"
	}, {
		"learn_type": "machine",
		"name": "Return",
		"resource_uri": "/api/v1/move/216/"
	}, {
		"learn_type": "machine",
		"name": "Sleep-talk",
		"resource_uri": "/api/v1/move/214/"
	}, {
		"learn_type": "machine",
		"name": "Attract",
		"resource_uri": "/api/v1/move/213/"
	}, {
		"learn_type": "machine",
		"name": "Steel-wing",
		"resource_uri": "/api/v1/move/211/"
	}, {
		"learn_type": "machine",
		"name": "Swagger",
		"resource_uri": "/api/v1/move/207/"
	}, {
		"learn_type": "machine",
		"name": "Endure",
		"resource_uri": "/api/v1/move/203/"
	}, {
		"learn_type": "machine",
		"name": "Detect",
		"resource_uri": "/api/v1/move/197/"
	}, {
		"learn_type": "machine",
		"name": "Mud-slap",
		"resource_uri": "/api/v1/move/189/"
	}, {
		"learn_type": "machine",
		"name": "Protect",
		"resource_uri": "/api/v1/move/182/"
	}, {
		"learn_type": "machine",
		"name": "Curse",
		"resource_uri": "/api/v1/move/174/"
	}, {
		"learn_type": "machine",
		"name": "Snore",
		"resource_uri": "/api/v1/move/173/"
	}, {
		"learn_type": "machine",
		"name": "Thief",
		"resource_uri": "/api/v1/move/168/"
	}, {
		"learn_type": "level up",
		"level": 1,
		"name": "Tackle",
		"resource_uri": "/api/v1/move/33/"
	}, {
		"learn_type": "machine",
		"name": "Substitute",
		"resource_uri": "/api/v1/move/164/"
	}, {
		"learn_type": "machine",
		"name": "Rest",
		"resource_uri": "/api/v1/move/156/"
	}, {
		"learn_type": "machine",
		"name": "Sky-attack",
		"resource_uri": "/api/v1/move/143/"
	}, {
		"learn_type": "machine",
		"name": "Swift",
		"resource_uri": "/api/v1/move/129/"
	}, {
		"learn_type": "level up",
		"level": 49,
		"name": "Mirror-move",
		"resource_uri": "/api/v1/move/119/"
	}, {
		"learn_type": "machine",
		"name": "Bide",
		"resource_uri": "/api/v1/move/117/"
	}, {
		"learn_type": "machine",
		"name": "Reflect",
		"resource_uri": "/api/v1/move/115/"
	}, {
		"learn_type": "machine",
		"name": "Double-team",
		"resource_uri": "/api/v1/move/104/"
	}, {
		"learn_type": "machine",
		"name": "Mimic",
		"resource_uri": "/api/v1/move/102/"
	}, {
		"learn_type": "machine",
		"name": "Rage",
		"resource_uri": "/api/v1/move/99/"
	}, {
		"learn_type": "level up",
		"level": 12,
		"name": "Quick-attack",
		"resource_uri": "/api/v1/move/98/"
	}, {
		"learn_type": "level up",
		"level": 40,
		"name": "Agility",
		"resource_uri": "/api/v1/move/97/"
	}, {
		"learn_type": "machine",
		"name": "Toxic",
		"resource_uri": "/api/v1/move/92/"
	}, {
		"learn_type": "machine",
		"name": "Double-edge",
		"resource_uri": "/api/v1/move/38/"
	}, {
		"learn_type": "machine",
		"name": "Take-down",
		"resource_uri": "/api/v1/move/36/"
	}, {
		"learn_type": "level up",
		"level": 1,
		"name": "Sand-attack",
		"resource_uri": "/api/v1/move/28/"
	}, {
		"learn_type": "machine",
		"name": "Fly",
		"resource_uri": "/api/v1/move/19/"
	}, {
		"learn_type": "level up",
		"level": 21,
		"name": "Whirlwind",
		"resource_uri": "/api/v1/move/18/"
	}, {
		"learn_type": "level up",
		"level": 31,
		"name": "Wing-attack",
		"resource_uri": "/api/v1/move/17/"
	}, {
		"learn_type": "level up",
		"level": 1,
		"name": "Gust",
		"resource_uri": "/api/v1/move/16/"
	}, {
		"learn_type": "machine",
		"name": "Razor-wind",
		"resource_uri": "/api/v1/move/13/"
	}],
	"name": "Pidgeotto",
	"national_id": 17,
	"pkdx_id": 17,
	"resource_uri": "/api/v1/pokemon/17/",
	"sp_atk": 50,
	"sp_def": 50,
	"species": "",
	"speed": 71,
	"sprites": [{
		"name": "pidgeotto",
		"resource_uri": "/api/v1/sprite/18/"
	}],
	"total": 0,
	"types": [{
		"name": "normal",
		"resource_uri": "/api/v1/type/1/"
	}, {
		"name": "flying",
		"resource_uri": "/api/v1/type/3/"
	}],
	"weight": "300"
}