{
	"abilities": [{
		"name": "chlorophyll",
		"resource_uri": "/api/v1/ability/34/"
	}, {
		"name": "overgrow",
		"resource_uri": "/api/v1/ability/65/"
	}],
	"attack": 82,
	"catch_rate": 0,
	"created": "2013-11-03T15:05:41.268479",
	"defense": 83,
	"descriptions": [{
		"name": "venusaur_gen_1",
		"resource_uri": "/api/v1/description/35/"
	}, {
		"name": "venusaur_gen_1",
		"resource_uri": "/api/v1/description/32/"
	}, {
		"name": "venusaur_gen_1",
		"resource_uri": "/api/v1/description/33/"
	}, {
		"name": "venusaur_gen_1",
		"resource_uri": "/api/v1/description/34/"
	}, {
		"name": "venusaur_gen_1",
		"resource_uri": "/api/v1/description/36/"
	}, {
		"name": "venusaur_gen_2",
		"resource_uri": "/api/v1/description/37/"
	}, {
		"name": "venusaur_gen_2",
		"resource_uri": "/api/v1/description/38/"
	}, {
		"name": "venusaur_gen_3",
		"resource_uri": "/api/v1/description/39/"
	}, {
		"name": "venusaur_gen_3",
		"resource_uri": "/api/v1/description/40/"
	}, {
		"name": "venusaur_gen_3",
		"resource_uri": "/api/v1/description/41/"
	}, {
		"name": "venusaur_gen_4",
		"resource_uri": "/api/v1/description/42/"
	}, {
		"name": "venusaur_gen_4",
		"resource_uri": "/api/v1/description/43/"
	}, {
		"name": "venusaur_gen_4",
		"resource_uri": "/api/v1/description/44/"
	}, {
		"name": "venusaur_gen_5",
		"resource_uri": "/api/v1/description/45/"
	}, {
		"name": "venusaur_gen_6",
		"resource_uri": "/api/v1/description/47/"
	}, {
		"name": "venusaur_gen_6",
		"resource_uri": "/api/v1/description/46/"
	}],
	"egg_cycles": 0,
	"egg_groups": [{
		"name": "Plant",
		"resource_uri": "/api/v1/egg/7/"
	}, {
		"name": "Monster",
		"resource_uri": "/api/v1/egg/1/"
	}],
	"ev_yield": "",
	"evolutions": [{
		"detail": "mega",
		"method": "other",
		"resource_uri": "/api/v1/pokemon/10033/",
		"to": "Venusaur-mega"
	}],
	"exp": 236,
	"growth_rate": "",
	"happiness": 0,
	"height": "20",
	"hp": 80,
	"male_female_ratio": "",
	"modified": "2013-11-23T13:13:23.663509",
	"moves": [{
		"learn_type": "tutor",
		"name": "Bind",
		"resource_uri": "/api/v1/move/20/"
	}, {
		"learn_type": "machine",
		"name": "Bulldoze",
		"resource_uri": "/api/v1/move/523/"
	}, {
		"learn_type": "tutor",
		"name": "Grass-pledge",
		"resource_uri": "/api/v1/move/520/"
	}, {
		"learn_type": "machine",
		"name": "Echoed-voice",
		"resource_uri": "/api/v1/move/497/"
	}, {
		"learn_type": "machine",
		"name": "Round",
		"resource_uri": "/api/v1/move/496/"
	}, {
		"learn_type": "machine",
		"name": "Venoshock",
		"resource_uri": "/api/v1/move/474/"
	}, {
		"learn_type": "machine",
		"name": "Safeguard",
		"resource_uri": "/api/v1/move/219/"
	}, {
		"learn_type": "machine",
		"name": "Light-screen",
		"resource_uri": "/api/v1/move/113/"
	}, {
		"learn_type": "tutor",
		"name": "Block",
		"resource_uri": "/api/v1/move/335/"
	}, {
		"learn_type": "tutor",
		"name": "String-shot",
		"resource_uri": "/api/v1/move/81/"
	}, {
		"learn_type": "tutor",
		"name": "Seed-bomb",
		"resource_uri": "/api/v1/move/402/"
	}, {
		"learn_type": "tutor",
		"name": "Knock-off",
		"resource_uri": "/api/v1/move/282/"
	}, {
		"learn_type": "tutor",
		"name": "Outrage",
		"resource_uri": "/api/v1/move/200/"
	}, {
		"learn_type": "machine",
		"name": "Grass-knot",
		"resource_uri": "/api/v1/move/447/"
	}, {
		"learn_type": "machine",
		"name": "Captivate",
		"resource_uri": "/api/v1/move/445/"
	}, {
		"learn_type": "machine",
		"name": "Rock-climb",
		"resource_uri": "/api/v1/move/431/"
	}, {
		"learn_type": "machine",
		"name": "Giga-impact",
		"resource_uri": "/api/v1/move/416/"
	}, {
		"learn_type": "machine",
		"name": "Energy-ball",
		"resource_uri": "/api/v1/move/412/"
	}, {
		"learn_type": "level up",
		"level": 39,
		"name": "Worry-seed",
		"resource_uri": "/api/v1/move/388/"
	}, {
		"learn_type": "machine",
		"name": "Natural-gift",
		"resource_uri": "/api/v1/move/363/"
	}, {
		"learn_type": "level up",
		"level": 32,
		"name": "Petal-dance",
		"resource_uri": "/api/v1/move/80/"
	}, {
		"learn_type": "tutor",
		"name": "Frenzy-plant",
		"resource_uri": "/api/v1/move/338/"
	}, {
		"learn_type": "machine",
		"name": "Bullet-seed",
		"resource_uri": "/api/v1/move/331/"
	}, {
		"learn_type": "machine",
		"name": "Secret-power",
		"resource_uri": "/api/v1/move/290/"
	}, {
		"learn_type": "machine",
		"name": "Facade",
		"resource_uri": "/api/v1/move/263/"
	}, {
		"learn_type": "machine",
		"name": "Rock-smash",
		"resource_uri": "/api/v1/move/249/"
	}, {
		"learn_type": "machine",
		"name": "Sludge-bomb",
		"resource_uri": "/api/v1/move/188/"
	}, {
		"learn_type": "machine",
		"name": "Earthquake",
		"resource_uri": "/api/v1/move/89/"
	}, {
		"learn_type": "machine",
		"name": "Strength",
		"resource_uri": "/api/v1/move/70/"
	}, {
		"learn_type": "machine",
		"name": "Sunny-day",
		"resource_uri": "/api/v1/move/241/"
	}, {
		"learn_type": "machine",
		"name": "Hidden-power",
		"resource_uri": "/api/v1/move/237/"
	}, {
		"learn_type": "level up",
		"level": 53,
		"name": "Synthesis",
		"resource_uri": "/api/v1/move/235/"
	}, {
		"learn_type": "level up",
		"level": 29,
		"name": "Sweet-scent",
		"resource_uri": "/api/v1/move/230/"
	}, {
		"learn_type": "machine",
		"name": "Frustration",
		"resource_uri": "/api/v1/move/218/"
	}, {
		"learn_type": "machine",
		"name": "Return",
		"resource_uri": "/api/v1/move/216/"
	}, {
		"learn_type": "machine",
		"name": "Sleep-talk",
		"resource_uri": "/api/v1/move/214/"
	}, {
		"learn_type": "machine",
		"name": "Attract",
		"resource_uri": "/api/v1/move/213/"
	}, {
		"learn_type": "machine",
		"name": "Fury-cutter",
		"resource_uri": "/api/v1/move/210/"
	}, {
		"learn_type": "machine",
		"name": "Swagger",
		"resource_uri": "/api/v1/move/207/"
	}, {
		"learn_type": "machine",
		"name": "Endure",
		"resource_uri": "/api/v1/move/203/"
	}, {
		"learn_type": "machine",
		"name": "Giga-drain",
		"resource_uri": "/api/v1/move/202/"
	}, {
		"learn_type": "machine",
		"name": "Mud-slap",
		"resource_uri": "/api/v1/move/189/"
	}, {
		"learn_type": "machine",
		"name": "Protect",
		"resource_uri": "/api/v1/move/182/"
	}, {
		"learn_type": "machine",
		"name": "Curse",
		"resource_uri": "/api/v1/move/174/"
	}, {
		"learn_type": "machine",
		"name": "Snore",
		"resource_uri": "/api/v1/move/173/"
	}, {
		"learn_type": "machine",
		"name": "Flash",
		"resource_uri": "/api/v1/move/148/"
	}, {
		"learn_type": "machine",
		"name": "Defense-curl",
		"resource_uri": "/api/v1/move/111/"
	}, {
		"learn_type": "machine",
		"name": "Roar",
		"resource_uri": "/api/v1/move/46/"
	}, {
		"learn_type": "machine",
		"name": "Headbutt",
		"resource_uri": "/api/v1/move/29/"
	}, {
		"learn_type": "machine",
		"name": "Substitute",
		"resource_uri": "/api/v1/move/164/"
	}, {
		"learn_type": "machine",
		"name": "Rest",
		"resource_uri": "/api/v1/move/156/"
	}, {
		"learn_type": "machine",
		"name": "Bide",
		"resource_uri": "/api/v1/move/117/"
	}, {
		"learn_type": "machine",
		"name": "Reflect",
		"resource_uri": "/api/v1/move/115/"
	}, {
		"learn_type": "machine",
		"name": "Double-team",
		"resource_uri": "/api/v1/move/104/"
	}, {
		"learn_type": "machine",
		"name": "Mimic",
		"resource_uri": "/api/v1/move/102/"
	}, {
		"learn_type": "machine",
		"name": "Rage",
		"resource_uri": "/api/v1/move/99/"
	}, {
		"learn_type": "machine",
		"name": "Toxic",
		"resource_uri": "/api/v1/move/92/"
	}, {
		"learn_type": "level up",
		"level": 55,
		"name": "Sleep-powder",
		"resource_uri": "/api/v1/move/79/"
	}, {
		"learn_type": "level up",
		"level": 22,
		"name": "Poisonpowder",
		"resource_uri": "/api/v1/move/77/"
	}, {
		"learn_type": "level up",
		"level": 65,
		"name": "Solarbeam",
		"resource_uri": "/api/v1/move/76/"
	}, {
		"learn_type": "level up",
		"level": 30,
		"name": "Razor-leaf",
		"resource_uri": "/api/v1/move/75/"
	}, {
		"learn_type": "level up",
		"level": 43,
		"name": "Growth",
		"resource_uri": "/api/v1/move/74/"
	}, {
		"learn_type": "level up",
		"level": 1,
		"name": "Leech-seed",
		"resource_uri": "/api/v1/move/73/"
	}, {
		"learn_type": "machine",
		"name": "Mega-drain",
		"resource_uri": "/api/v1/move/72/"
	}, {
		"learn_type": "machine",
		"name": "Hyper-beam",
		"resource_uri": "/api/v1/move/63/"
	}, {
		"learn_type": "level up",
		"level": 1,
		"name": "Growl",
		"resource_uri": "/api/v1/move/45/"
	}, {
		"learn_type": "machine",
		"name": "Double-edge",
		"resource_uri": "/api/v1/move/38/"
	}, {
		"learn_type": "machine",
		"name": "Take-down",
		"resource_uri": "/api/v1/move/36/"
	}, {
		"learn_type": "machine",
		"name": "Body-slam",
		"resource_uri": "/api/v1/move/34/"
	}, {
		"learn_type": "level up",
		"level": 1,
		"name": "Tackle",
		"resource_uri": "/api/v1/move/33/"
	}, {
		"learn_type": "level up",
		"level": 1,
		"name": "Vine-whip",
		"resource_uri": "/api/v1/move/22/"
	}, {
		"learn_type": "machine",
		"name": "Cut",
		"resource_uri": "/api/v1/move/15/"
	}, {
		"learn_type": "machine",
		"name": "Swords-dance",
		"resource_uri": "/api/v1/move/14/"
	}],
	"name": "Venusaur",
	"national_id": 3,
	"pkdx_id": 3,
	"resource_uri": "/api/v1/pokemon/3/",
	"sp_atk": 100,
	"sp_def": 100,
	"species": "",
	"speed": 80,
	"sprites": [{
		"name": "venusaur",
		"resource_uri": "/api/v1/sprite/4/"
	}],
	"total": 0,
	"types": [{
		"name": "poison",
		"resource_uri": "/api/v1/type/4/"
	}, {
		"name": "grass",
		"resource_uri": "/api/v1/type/12/"
	}],
	"weight": "1000"
}