{
	"abilities": [{
		"name": "rain-dish",
		"resource_uri": "/api/v1/ability/44/"
	}, {
		"name": "torrent",
		"resource_uri": "/api/v1/ability/67/"
	}],
	"attack": 48,
	"catch_rate": 0,
	"created": "2013-11-03T15:05:41.278310",
	"defense": 65,
	"descriptions": [{
		"name": "squirtle_gen_1",
		"resource_uri": "/api/v1/description/96/"
	}, {
		"name": "squirtle_gen_1",
		"resource_uri": "/api/v1/description/97/"
	}, {
		"name": "squirtle_gen_1",
		"resource_uri": "/api/v1/description/98/"
	}, {
		"name": "squirtle_gen_1",
		"resource_uri": "/api/v1/description/99/"
	}, {
		"name": "squirtle_gen_1",
		"resource_uri": "/api/v1/description/100/"
	}, {
		"name": "squirtle_gen_5",
		"resource_uri": "/api/v1/description/109/"
	}, {
		"name": "squirtle_gen_2",
		"resource_uri": "/api/v1/description/102/"
	}, {
		"name": "squirtle_gen_3",
		"resource_uri": "/api/v1/description/103/"
	}, {
		"name": "squirtle_gen_3",
		"resource_uri": "/api/v1/description/104/"
	}, {
		"name": "squirtle_gen_6",
		"resource_uri": "/api/v1/description/110/"
	}, {
		"name": "squirtle_gen_3",
		"resource_uri": "/api/v1/description/105/"
	}, {
		"name": "squirtle_gen_4",
		"resource_uri": "/api/v1/description/106/"
	}, {
		"name": "squirtle_gen_4",
		"resource_uri": "/api/v1/description/107/"
	}, {
		"name": "squirtle_gen_6",
		"resource_uri": "/api/v1/description/111/"
	}, {
		"name": "squirtle_gen_4",
		"resource_uri": "/api/v1/description/108/"
	}, {
		"name": "squirtle_gen_2",
		"resource_uri": "/api/v1/description/101/"
	}],
	"egg_cycles": 0,
	"egg_groups": [{
		"name": "Water1",
		"resource_uri": "/api/v1/egg/2/"
	}, {
		"name": "Monster",
		"resource_uri": "/api/v1/egg/1/"
	}],
	"ev_yield": "",
	"evolutions": [{
		"level": 16,
		"method": "level_up",
		"resource_uri": "/api/v1/pokemon/8/",
		"to": "Wartortle"
	}],
	"exp": 63,
	"growth_rate": "",
	"happiness": 0,
	"height": "5",
	"hp": 44,
	"male_female_ratio": "",
	"modified": "2013-11-23T13:13:23.794686",
	"moves": [{
		"learn_type": "tutor",
		"name": "Water-pledge",
		"resource_uri": "/api/v1/move/518/"
	}, {
		"learn_type": "machine",
		"name": "Scald",
		"resource_uri": "/api/v1/move/503/"
	}, {
		"learn_type": "machine",
		"name": "Round",
		"resource_uri": "/api/v1/move/496/"
	}, {
		"learn_type": "egg move",
		"name": "Water-spout",
		"resource_uri": "/api/v1/move/323/"
	}, {
		"learn_type": "tutor",
		"name": "Zen-headbutt",
		"resource_uri": "/api/v1/move/428/"
	}, {
		"learn_type": "level up",
		"level": 34,
		"name": "Iron-defense",
		"resource_uri": "/api/v1/move/334/"
	}, {
		"learn_type": "egg move",
		"name": "Aqua-jet",
		"resource_uri": "/api/v1/move/453/"
	}, {
		"learn_type": "machine",
		"name": "Captivate",
		"resource_uri": "/api/v1/move/445/"
	}, {
		"learn_type": "level up",
		"level": 28,
		"name": "Aqua-tail",
		"resource_uri": "/api/v1/move/401/"
	}, {
		"learn_type": "egg move",
		"name": "Aqua-ring",
		"resource_uri": "/api/v1/move/392/"
	}, {
		"learn_type": "machine",
		"name": "Fling",
		"resource_uri": "/api/v1/move/374/"
	}, {
		"learn_type": "machine",
		"name": "Natural-gift",
		"resource_uri": "/api/v1/move/363/"
	}, {
		"learn_type": "machine",
		"name": "Brine",
		"resource_uri": "/api/v1/move/362/"
	}, {
		"learn_type": "machine",
		"name": "Gyro-ball",
		"resource_uri": "/api/v1/move/360/"
	}, {
		"learn_type": "egg move",
		"name": "Muddy-water",
		"resource_uri": "/api/v1/move/330/"
	}, {
		"learn_type": "machine",
		"name": "Rock-tomb",
		"resource_uri": "/api/v1/move/317/"
	}, {
		"learn_type": "egg move",
		"name": "Fake-out",
		"resource_uri": "/api/v1/move/252/"
	}, {
		"learn_type": "machine",
		"name": "Water-pulse",
		"resource_uri": "/api/v1/move/352/"
	}, {
		"learn_type": "egg move",
		"name": "Mud-sport",
		"resource_uri": "/api/v1/move/300/"
	}, {
		"learn_type": "machine",
		"name": "Dive",
		"resource_uri": "/api/v1/move/291/"
	}, {
		"learn_type": "machine",
		"name": "Secret-power",
		"resource_uri": "/api/v1/move/290/"
	}, {
		"learn_type": "egg move",
		"name": "Refresh",
		"resource_uri": "/api/v1/move/287/"
	}, {
		"learn_type": "egg move",
		"name": "Yawn",
		"resource_uri": "/api/v1/move/281/"
	}, {
		"learn_type": "machine",
		"name": "Brick-break",
		"resource_uri": "/api/v1/move/280/"
	}, {
		"learn_type": "machine",
		"name": "Focus-punch",
		"resource_uri": "/api/v1/move/264/"
	}, {
		"learn_type": "machine",
		"name": "Facade",
		"resource_uri": "/api/v1/move/263/"
	}, {
		"learn_type": "machine",
		"name": "Hail",
		"resource_uri": "/api/v1/move/258/"
	}, {
		"learn_type": "machine",
		"name": "Whirlpool",
		"resource_uri": "/api/v1/move/250/"
	}, {
		"learn_type": "machine",
		"name": "Rock-smash",
		"resource_uri": "/api/v1/move/249/"
	}, {
		"learn_type": "egg move",
		"name": "Mirror-coat",
		"resource_uri": "/api/v1/move/243/"
	}, {
		"learn_type": "level up",
		"level": 33,
		"name": "Rain-dance",
		"resource_uri": "/api/v1/move/240/"
	}, {
		"learn_type": "machine",
		"name": "Hidden-power",
		"resource_uri": "/api/v1/move/237/"
	}, {
		"learn_type": "machine",
		"name": "Iron-tail",
		"resource_uri": "/api/v1/move/231/"
	}, {
		"learn_type": "level up",
		"level": 23,
		"name": "Rapid-spin",
		"resource_uri": "/api/v1/move/229/"
	}, {
		"learn_type": "machine",
		"name": "Dynamicpunch",
		"resource_uri": "/api/v1/move/223/"
	}, {
		"learn_type": "machine",
		"name": "Frustration",
		"resource_uri": "/api/v1/move/218/"
	}, {
		"learn_type": "machine",
		"name": "Return",
		"resource_uri": "/api/v1/move/216/"
	}, {
		"learn_type": "machine",
		"name": "Sleep-talk",
		"resource_uri": "/api/v1/move/214/"
	}, {
		"learn_type": "machine",
		"name": "Attract",
		"resource_uri": "/api/v1/move/213/"
	}, {
		"learn_type": "machine",
		"name": "Swagger",
		"resource_uri": "/api/v1/move/207/"
	}, {
		"learn_type": "machine",
		"name": "Rollout",
		"resource_uri": "/api/v1/move/205/"
	}, {
		"learn_type": "machine",
		"name": "Endure",
		"resource_uri": "/api/v1/move/203/"
	}, {
		"learn_type": "machine",
		"name": "Icy-wind",
		"resource_uri": "/api/v1/move/196/"
	}, {
		"learn_type": "egg move",
		"name": "Foresight",
		"resource_uri": "/api/v1/move/193/"
	}, {
		"learn_type": "machine",
		"name": "Mud-slap",
		"resource_uri": "/api/v1/move/189/"
	}, {
		"learn_type": "level up",
		"level": 28,
		"name": "Protect",
		"resource_uri": "/api/v1/move/182/"
	}, {
		"learn_type": "egg move",
		"name": "Flail",
		"resource_uri": "/api/v1/move/175/"
	}, {
		"learn_type": "machine",
		"name": "Curse",
		"resource_uri": "/api/v1/move/174/"
	}, {
		"learn_type": "machine",
		"name": "Snore",
		"resource_uri": "/api/v1/move/173/"
	}, {
		"learn_type": "machine",
		"name": "Waterfall",
		"resource_uri": "/api/v1/move/127/"
	}, {
		"learn_type": "egg move",
		"name": "Haze",
		"resource_uri": "/api/v1/move/114/"
	}, {
		"learn_type": "machine",
		"name": "Defense-curl",
		"resource_uri": "/api/v1/move/111/"
	}, {
		"learn_type": "egg move",
		"name": "Confusion",
		"resource_uri": "/api/v1/move/93/"
	}, {
		"learn_type": "egg move",
		"name": "Mist",
		"resource_uri": "/api/v1/move/54/"
	}, {
		"learn_type": "machine",
		"name": "Headbutt",
		"resource_uri": "/api/v1/move/29/"
	}, {
		"learn_type": "machine",
		"name": "Ice-punch",
		"resource_uri": "/api/v1/move/8/"
	}, {
		"learn_type": "machine",
		"name": "Substitute",
		"resource_uri": "/api/v1/move/164/"
	}, {
		"learn_type": "machine",
		"name": "Rest",
		"resource_uri": "/api/v1/move/156/"
	}, {
		"learn_type": "level up",
		"level": 8,
		"name": "Bubble",
		"resource_uri": "/api/v1/move/145/"
	}, {
		"learn_type": "level up",
		"level": 35,
		"name": "Skull-bash",
		"resource_uri": "/api/v1/move/130/"
	}, {
		"learn_type": "machine",
		"name": "Bide",
		"resource_uri": "/api/v1/move/117/"
	}, {
		"learn_type": "machine",
		"name": "Reflect",
		"resource_uri": "/api/v1/move/115/"
	}, {
		"learn_type": "level up",
		"level": 28,
		"name": "Withdraw",
		"resource_uri": "/api/v1/move/110/"
	}, {
		"learn_type": "machine",
		"name": "Double-team",
		"resource_uri": "/api/v1/move/104/"
	}, {
		"learn_type": "machine",
		"name": "Mimic",
		"resource_uri": "/api/v1/move/102/"
	}, {
		"learn_type": "machine",
		"name": "Rage",
		"resource_uri": "/api/v1/move/99/"
	}, {
		"learn_type": "machine",
		"name": "Toxic",
		"resource_uri": "/api/v1/move/92/"
	}, {
		"learn_type": "machine",
		"name": "Dig",
		"resource_uri": "/api/v1/move/91/"
	}, {
		"learn_type": "machine",
		"name": "Strength",
		"resource_uri": "/api/v1/move/70/"
	}, {
		"learn_type": "machine",
		"name": "Seismic-toss",
		"resource_uri": "/api/v1/move/69/"
	}, {
		"learn_type": "machine",
		"name": "Counter",
		"resource_uri": "/api/v1/move/68/"
	}, {
		"learn_type": "machine",
		"name": "Submission",
		"resource_uri": "/api/v1/move/66/"
	}, {
		"learn_type": "machine",
		"name": "Bubblebeam",
		"resource_uri": "/api/v1/move/61/"
	}, {
		"learn_type": "machine",
		"name": "Blizzard",
		"resource_uri": "/api/v1/move/59/"
	}, {
		"learn_type": "machine",
		"name": "Ice-beam",
		"resource_uri": "/api/v1/move/58/"
	}, {
		"learn_type": "machine",
		"name": "Surf",
		"resource_uri": "/api/v1/move/57/"
	}, {
		"learn_type": "level up",
		"level": 42,
		"name": "Hydro-pump",
		"resource_uri": "/api/v1/move/56/"
	}, {
		"learn_type": "level up",
		"level": 15,
		"name": "Water-gun",
		"resource_uri": "/api/v1/move/55/"
	}, {
		"learn_type": "level up",
		"level": 22,
		"name": "Bite",
		"resource_uri": "/api/v1/move/44/"
	}, {
		"learn_type": "level up",
		"level": 1,
		"name": "Tail-whip",
		"resource_uri": "/api/v1/move/39/"
	}, {
		"learn_type": "machine",
		"name": "Double-edge",
		"resource_uri": "/api/v1/move/38/"
	}, {
		"learn_type": "machine",
		"name": "Take-down",
		"resource_uri": "/api/v1/move/36/"
	}, {
		"learn_type": "machine",
		"name": "Body-slam",
		"resource_uri": "/api/v1/move/34/"
	}, {
		"learn_type": "level up",
		"level": 1,
		"name": "Tackle",
		"resource_uri": "/api/v1/move/33/"
	}, {
		"learn_type": "machine",
		"name": "Mega-kick",
		"resource_uri": "/api/v1/move/25/"
	}, {
		"learn_type": "machine",
		"name": "Mega-punch",
		"resource_uri": "/api/v1/move/5/"
	}],
	"name": "Squirtle",
	"national_id": 7,
	"pkdx_id": 7,
	"resource_uri": "/api/v1/pokemon/7/",
	"sp_atk": 50,
	"sp_def": 64,
	"species": "",
	"speed": 43,
	"sprites": [{
		"name": "squirtle",
		"resource_uri": "/api/v1/sprite/8/"
	}],
	"total": 0,
	"types": [{
		"name": "water",
		"resource_uri": "/api/v1/type/11/"
	}],
	"weight": "90"
}