{
	"abilities": [{
		"name": "rain-dish",
		"resource_uri": "/api/v1/ability/44/"
	}, {
		"name": "torrent",
		"resource_uri": "/api/v1/ability/67/"
	}],
	"attack": 83,
	"catch_rate": 0,
	"created": "2013-11-03T15:05:41.282985",
	"defense": 100,
	"descriptions": [{
		"name": "blastoise_gen_1",
		"resource_uri": "/api/v1/description/128/"
	}, {
		"name": "blastoise_gen_1",
		"resource_uri": "/api/v1/description/129/"
	}, {
		"name": "blastoise_gen_1",
		"resource_uri": "/api/v1/description/130/"
	}, {
		"name": "blastoise_gen_1",
		"resource_uri": "/api/v1/description/131/"
	}, {
		"name": "blastoise_gen_1",
		"resource_uri": "/api/v1/description/132/"
	}, {
		"name": "blastoise_gen_2",
		"resource_uri": "/api/v1/description/133/"
	}, {
		"name": "blastoise_gen_2",
		"resource_uri": "/api/v1/description/134/"
	}, {
		"name": "blastoise_gen_3",
		"resource_uri": "/api/v1/description/137/"
	}, {
		"name": "blastoise_gen_4",
		"resource_uri": "/api/v1/description/138/"
	}, {
		"name": "blastoise_gen_4",
		"resource_uri": "/api/v1/description/139/"
	}, {
		"name": "blastoise_gen_4",
		"resource_uri": "/api/v1/description/140/"
	}, {
		"name": "blastoise_gen_5",
		"resource_uri": "/api/v1/description/141/"
	}, {
		"name": "blastoise_gen_6",
		"resource_uri": "/api/v1/description/142/"
	}, {
		"name": "blastoise_gen_6",
		"resource_uri": "/api/v1/description/143/"
	}, {
		"name": "blastoise_gen_3",
		"resource_uri": "/api/v1/description/136/"
	}, {
		"name": "blastoise_gen_3",
		"resource_uri": "/api/v1/description/135/"
	}],
	"egg_cycles": 0,
	"egg_groups": [{
		"name": "Water1",
		"resource_uri": "/api/v1/egg/2/"
	}, {
		"name": "Monster",
		"resource_uri": "/api/v1/egg/1/"
	}],
	"ev_yield": "",
	"evolutions": [{
		"detail": "mega",
		"method": "other",
		"resource_uri": "/api/v1/pokemon/10036/",
		"to": "Blastoise-mega"
	}],
	"exp": 239,
	"growth_rate": "",
	"happiness": 0,
	"height": "16",
	"hp": 79,
	"male_female_ratio": "",
	"modified": "2013-11-23T13:13:23.865154",
	"moves": [{
		"learn_type": "machine",
		"name": "Dragon-tail",
		"resource_uri": "/api/v1/move/525/"
	}, {
		"learn_type": "machine",
		"name": "Bulldoze",
		"resource_uri": "/api/v1/move/523/"
	}, {
		"learn_type": "tutor",
		"name": "Water-pledge",
		"resource_uri": "/api/v1/move/518/"
	}, {
		"learn_type": "machine",
		"name": "Scald",
		"resource_uri": "/api/v1/move/503/"
	}, {
		"learn_type": "machine",
		"name": "Round",
		"resource_uri": "/api/v1/move/496/"
	}, {
		"learn_type": "machine",
		"name": "Smack-down",
		"resource_uri": "/api/v1/move/479/"
	}, {
		"learn_type": "tutor",
		"name": "Zen-headbutt",
		"resource_uri": "/api/v1/move/428/"
	}, {
		"learn_type": "level up",
		"level": 46,
		"name": "Iron-defense",
		"resource_uri": "/api/v1/move/334/"
	}, {
		"learn_type": "tutor",
		"name": "Signal-beam",
		"resource_uri": "/api/v1/move/324/"
	}, {
		"learn_type": "tutor",
		"name": "Outrage",
		"resource_uri": "/api/v1/move/200/"
	}, {
		"learn_type": "machine",
		"name": "Captivate",
		"resource_uri": "/api/v1/move/445/"
	}, {
		"learn_type": "machine",
		"name": "Rock-climb",
		"resource_uri": "/api/v1/move/431/"
	}, {
		"learn_type": "level up",
		"level": 1,
		"name": "Flash-cannon",
		"resource_uri": "/api/v1/move/430/"
	}, {
		"learn_type": "machine",
		"name": "Avalanche",
		"resource_uri": "/api/v1/move/419/"
	}, {
		"learn_type": "machine",
		"name": "Giga-impact",
		"resource_uri": "/api/v1/move/416/"
	}, {
		"learn_type": "machine",
		"name": "Focus-blast",
		"resource_uri": "/api/v1/move/411/"
	}, {
		"learn_type": "level up",
		"level": 32,
		"name": "Aqua-tail",
		"resource_uri": "/api/v1/move/401/"
	}, {
		"learn_type": "machine",
		"name": "Fling",
		"resource_uri": "/api/v1/move/374/"
	}, {
		"learn_type": "machine",
		"name": "Natural-gift",
		"resource_uri": "/api/v1/move/363/"
	}, {
		"learn_type": "machine",
		"name": "Brine",
		"resource_uri": "/api/v1/move/362/"
	}, {
		"learn_type": "machine",
		"name": "Gyro-ball",
		"resource_uri": "/api/v1/move/360/"
	}, {
		"learn_type": "machine",
		"name": "Rock-tomb",
		"resource_uri": "/api/v1/move/317/"
	}, {
		"learn_type": "machine",
		"name": "Rock-slide",
		"resource_uri": "/api/v1/move/157/"
	}, {
		"learn_type": "tutor",
		"name": "Hydro-cannon",
		"resource_uri": "/api/v1/move/308/"
	}, {
		"learn_type": "machine",
		"name": "Water-pulse",
		"resource_uri": "/api/v1/move/352/"
	}, {
		"learn_type": "machine",
		"name": "Dive",
		"resource_uri": "/api/v1/move/291/"
	}, {
		"learn_type": "machine",
		"name": "Secret-power",
		"resource_uri": "/api/v1/move/290/"
	}, {
		"learn_type": "machine",
		"name": "Brick-break",
		"resource_uri": "/api/v1/move/280/"
	}, {
		"learn_type": "machine",
		"name": "Focus-punch",
		"resource_uri": "/api/v1/move/264/"
	}, {
		"learn_type": "machine",
		"name": "Facade",
		"resource_uri": "/api/v1/move/263/"
	}, {
		"learn_type": "machine",
		"name": "Hail",
		"resource_uri": "/api/v1/move/258/"
	}, {
		"learn_type": "machine",
		"name": "Whirlpool",
		"resource_uri": "/api/v1/move/250/"
	}, {
		"learn_type": "machine",
		"name": "Rock-smash",
		"resource_uri": "/api/v1/move/249/"
	}, {
		"learn_type": "level up",
		"level": 42,
		"name": "Rain-dance",
		"resource_uri": "/api/v1/move/240/"
	}, {
		"learn_type": "machine",
		"name": "Hidden-power",
		"resource_uri": "/api/v1/move/237/"
	}, {
		"learn_type": "machine",
		"name": "Iron-tail",
		"resource_uri": "/api/v1/move/231/"
	}, {
		"learn_type": "level up",
		"level": 25,
		"name": "Rapid-spin",
		"resource_uri": "/api/v1/move/229/"
	}, {
		"learn_type": "machine",
		"name": "Dynamicpunch",
		"resource_uri": "/api/v1/move/223/"
	}, {
		"learn_type": "machine",
		"name": "Frustration",
		"resource_uri": "/api/v1/move/218/"
	}, {
		"learn_type": "machine",
		"name": "Return",
		"resource_uri": "/api/v1/move/216/"
	}, {
		"learn_type": "machine",
		"name": "Sleep-talk",
		"resource_uri": "/api/v1/move/214/"
	}, {
		"learn_type": "machine",
		"name": "Attract",
		"resource_uri": "/api/v1/move/213/"
	}, {
		"learn_type": "machine",
		"name": "Swagger",
		"resource_uri": "/api/v1/move/207/"
	}, {
		"learn_type": "machine",
		"name": "Rollout",
		"resource_uri": "/api/v1/move/205/"
	}, {
		"learn_type": "machine",
		"name": "Endure",
		"resource_uri": "/api/v1/move/203/"
	}, {
		"learn_type": "machine",
		"name": "Icy-wind",
		"resource_uri": "/api/v1/move/196/"
	}, {
		"learn_type": "machine",
		"name": "Mud-slap",
		"resource_uri": "/api/v1/move/189/"
	}, {
		"learn_type": "level up",
		"level": 31,
		"name": "Protect",
		"resource_uri": "/api/v1/move/182/"
	}, {
		"learn_type": "machine",
		"name": "Curse",
		"resource_uri": "/api/v1/move/174/"
	}, {
		"learn_type": "machine",
		"name": "Snore",
		"resource_uri": "/api/v1/move/173/"
	}, {
		"learn_type": "machine",
		"name": "Waterfall",
		"resource_uri": "/api/v1/move/127/"
	}, {
		"learn_type": "machine",
		"name": "Defense-curl",
		"resource_uri": "/api/v1/move/111/"
	}, {
		"learn_type": "machine",
		"name": "Roar",
		"resource_uri": "/api/v1/move/46/"
	}, {
		"learn_type": "machine",
		"name": "Headbutt",
		"resource_uri": "/api/v1/move/29/"
	}, {
		"learn_type": "machine",
		"name": "Ice-punch",
		"resource_uri": "/api/v1/move/8/"
	}, {
		"learn_type": "machine",
		"name": "Substitute",
		"resource_uri": "/api/v1/move/164/"
	}, {
		"learn_type": "machine",
		"name": "Rest",
		"resource_uri": "/api/v1/move/156/"
	}, {
		"learn_type": "level up",
		"level": 1,
		"name": "Bubble",
		"resource_uri": "/api/v1/move/145/"
	}, {
		"learn_type": "level up",
		"level": 42,
		"name": "Skull-bash",
		"resource_uri": "/api/v1/move/130/"
	}, {
		"learn_type": "machine",
		"name": "Bide",
		"resource_uri": "/api/v1/move/117/"
	}, {
		"learn_type": "machine",
		"name": "Reflect",
		"resource_uri": "/api/v1/move/115/"
	}, {
		"learn_type": "level up",
		"level": 31,
		"name": "Withdraw",
		"resource_uri": "/api/v1/move/110/"
	}, {
		"learn_type": "machine",
		"name": "Double-team",
		"resource_uri": "/api/v1/move/104/"
	}, {
		"learn_type": "machine",
		"name": "Mimic",
		"resource_uri": "/api/v1/move/102/"
	}, {
		"learn_type": "machine",
		"name": "Rage",
		"resource_uri": "/api/v1/move/99/"
	}, {
		"learn_type": "machine",
		"name": "Toxic",
		"resource_uri": "/api/v1/move/92/"
	}, {
		"learn_type": "machine",
		"name": "Dig",
		"resource_uri": "/api/v1/move/91/"
	}, {
		"learn_type": "machine",
		"name": "Fissure",
		"resource_uri": "/api/v1/move/90/"
	}, {
		"learn_type": "machine",
		"name": "Earthquake",
		"resource_uri": "/api/v1/move/89/"
	}, {
		"learn_type": "machine",
		"name": "Strength",
		"resource_uri": "/api/v1/move/70/"
	}, {
		"learn_type": "machine",
		"name": "Seismic-toss",
		"resource_uri": "/api/v1/move/69/"
	}, {
		"learn_type": "machine",
		"name": "Counter",
		"resource_uri": "/api/v1/move/68/"
	}, {
		"learn_type": "machine",
		"name": "Submission",
		"resource_uri": "/api/v1/move/66/"
	}, {
		"learn_type": "machine",
		"name": "Hyper-beam",
		"resource_uri": "/api/v1/move/63/"
	}, {
		"learn_type": "machine",
		"name": "Bubblebeam",
		"resource_uri": "/api/v1/move/61/"
	}, {
		"learn_type": "machine",
		"name": "Blizzard",
		"resource_uri": "/api/v1/move/59/"
	}, {
		"learn_type": "machine",
		"name": "Ice-beam",
		"resource_uri": "/api/v1/move/58/"
	}, {
		"learn_type": "machine",
		"name": "Surf",
		"resource_uri": "/api/v1/move/57/"
	}, {
		"learn_type": "level up",
		"level": 52,
		"name": "Hydro-pump",
		"resource_uri": "/api/v1/move/56/"
	}, {
		"learn_type": "level up",
		"level": 1,
		"name": "Water-gun",
		"resource_uri": "/api/v1/move/55/"
	}, {
		"learn_type": "level up",
		"level": 24,
		"name": "Bite",
		"resource_uri": "/api/v1/move/44/"
	}, {
		"learn_type": "level up",
		"level": 1,
		"name": "Tail-whip",
		"resource_uri": "/api/v1/move/39/"
	}, {
		"learn_type": "machine",
		"name": "Double-edge",
		"resource_uri": "/api/v1/move/38/"
	}, {
		"learn_type": "machine",
		"name": "Take-down",
		"resource_uri": "/api/v1/move/36/"
	}, {
		"learn_type": "machine",
		"name": "Body-slam",
		"resource_uri": "/api/v1/move/34/"
	}, {
		"learn_type": "level up",
		"level": 1,
		"name": "Tackle",
		"resource_uri": "/api/v1/move/33/"
	}, {
		"learn_type": "machine",
		"name": "Mega-kick",
		"resource_uri": "/api/v1/move/25/"
	}, {
		"learn_type": "machine",
		"name": "Mega-punch",
		"resource_uri": "/api/v1/move/5/"
	}],
	"name": "Blastoise",
	"national_id": 9,
	"pkdx_id": 9,
	"resource_uri": "/api/v1/pokemon/9/",
	"sp_atk": 85,
	"sp_def": 105,
	"species": "",
	"speed": 78,
	"sprites": [{
		"name": "blastoise",
		"resource_uri": "/api/v1/sprite/10/"
	}],
	"total": 0,
	"types": [{
		"name": "water",
		"resource_uri": "/api/v1/type/11/"
	}],
	"weight": "855"
}