[{
  "id": 1,
  "name": "Bulbasaur",
  "hp": 45,
  "attack": 49,
  "defense": 49,
  "speed": 45
}, {
  "id": 2,
  "name": "Ivysaur",
  "hp": 60,
  "attack": 62,
  "defense": 63,
  "speed": 60
}, {
  "id": 3,
  "name": "Venusaur",
  "hp": 80,
  "attack": 82,
  "defense": 83,
  "speed": 80
}, {
  "id": 4,
  "name": "Charmander",
  "hp": 39,
  "attack": 52,
  "defense": 43,
  "speed": 65
}, {
  "id": 5,
  "name": "Charmeleon",
  "hp": 58,
  "attack": 64,
  "defense": 58,
  "speed": 80
}, {
  "id": 6,
  "name": "Charizard",
  "hp": 78,
  "attack": 84,
  "defense": 78,
  "speed": 100
}, {
  "id": 7,
  "name": "Squirtle",
  "hp": 44,
  "attack": 48,
  "defense": 65,
  "speed": 43
}, {
  "id": 8,
  "name": "Wartortle",
  "hp": 59,
  "attack": 63,
  "defense": 80,
  "speed": 58
}, {
  "id": 9,
  "name": "Blastoise",
  "hp": 79,
  "attack": 83,
  "defense": 100,
  "speed": 78
},{
  "id": 10,
  "name": "Blastoise",
  "hp": 79,
  "attack": 83,
  "defense": 100,
  "speed": 78
},{
  "id": 11,
  "name": "Metapod",
  "hp": 50,
  "attack": 20,
  "defense": 55,
  "speed": 55
},{
  "id": 12,
  "name": "Butterfree",
  "hp": 60,
  "attack": 45,
  "defense": 50,
  "speed": 70
},{
  "id": 13,
  "name": "Weedle",
  "hp": 40,
  "attack": 35,
  "defense": 30,
  "speed": 50
},{
  "id": 14,
  "name": "Kakuna",
  "hp": 45,
  "attack": 25,
  "defense": 50,
  "speed": 35
},{
  "id": 15,
  "name": "Beedrill",
  "hp": 65,
  "attack": 90,
  "defense": 40,
  "speed": 75
},{
  "id": 16,
  "name": "Pidgey",
  "hp": 40,
  "attack": 45,
  "defense": 40,
  "speed": 56
},{
  "id": 17,
  "name": "Pidgeotto",
  "hp": 63,
  "attack": 60,
  "defense": 55,
  "speed": 71
},{
  "id": 18,
  "name": "Pidgeot",
  "hp": 83,
  "attack": 80,
  "defense": 75,
  "speed": 101
},{
  "id": 19,
  "name": "Rattata",
  "hp": 30,
  "attack": 56,
  "defense": 35,
  "speed": 72
},{
  "id": 20,
  "name": "Raticate",
  "hp": 55,
  "attack": 81,
  "defense": 60,
  "speed": 97
}]